
**** Build of configuration CPU1_RAM for project FinalProjectwithCANAprilStarter ****

"C:\\ti\\ccs1270\\ccs\\utils\\bin\\gmake" -k -j 12 all -O 
 
Building file: "../F2837xD_CodeStartBranch.asm"
Invoking: C2000 Compiler
"C:/ti/ccs1270/ccs/tools/compiler/ti-cgt-c2000_22.6.1.LTS/bin/cl2000" -v28 -ml -mt --cla_support=cla1 --float_support=fpu32 --tmu_support=tmu0 --vcu_support=vcu2 -Ooff --include_path="C:/MARIUS_FINAL_PROJECT/se423_final_project/workspace/FinalProjectwithCANAprilStarter" --include_path="C:/MARIUS_FINAL_PROJECT/se423_final_project/C2000Ware_4_01_00_00/device_support/f2837xd/common/include" --include_path="C:/MARIUS_FINAL_PROJECT/se423_final_project/C2000Ware_4_01_00_00/device_support/f2837xd/headers/include" --include_path="C:/MARIUS_FINAL_PROJECT/se423_final_project/workspace/FinalProjectwithCANAprilStarter/device" --include_path="C:/MARIUS_FINAL_PROJECT/se423_final_project/C2000Ware_4_01_00_00/driverlib/f2837xd/driverlib" --include_path="C:/MARIUS_FINAL_PROJECT/se423_final_project/C2000Ware_4_01_00_00/libraries/dsp/FPU/c28/include" --include_path="C:/ti/ccs1270/ccs/tools/compiler/ti-cgt-c2000_22.6.1.LTS/include" --define=DEBUG --define=_DUAL_HEADERS --define=CPU1 --define=_LAUNCHXL_F28379D --c11 --diag_suppress=10063 --diag_warning=225 --diag_wrap=off --display_error_number --abi=coffabi --preproc_with_compile --preproc_dependency="F2837xD_CodeStartBranch.d_raw"  "../F2837xD_CodeStartBranch.asm"
Finished building: "../F2837xD_CodeStartBranch.asm"
 
Building file: "../F2837xD_Adc.c"
Invoking: C2000 Compiler
"C:/ti/ccs1270/ccs/tools/compiler/ti-cgt-c2000_22.6.1.LTS/bin/cl2000" -v28 -ml -mt --cla_support=cla1 --float_support=fpu32 --tmu_support=tmu0 --vcu_support=vcu2 -Ooff --include_path="C:/MARIUS_FINAL_PROJECT/se423_final_project/workspace/FinalProjectwithCANAprilStarter" --include_path="C:/MARIUS_FINAL_PROJECT/se423_final_project/C2000Ware_4_01_00_00/device_support/f2837xd/common/include" --include_path="C:/MARIUS_FINAL_PROJECT/se423_final_project/C2000Ware_4_01_00_00/device_support/f2837xd/headers/include" --include_path="C:/MARIUS_FINAL_PROJECT/se423_final_project/workspace/FinalProjectwithCANAprilStarter/device" --include_path="C:/MARIUS_FINAL_PROJECT/se423_final_project/C2000Ware_4_01_00_00/driverlib/f2837xd/driverlib" --include_path="C:/MARIUS_FINAL_PROJECT/se423_final_project/C2000Ware_4_01_00_00/libraries/dsp/FPU/c28/include" --include_path="C:/ti/ccs1270/ccs/tools/compiler/ti-cgt-c2000_22.6.1.LTS/include" --define=DEBUG --define=_DUAL_HEADERS --define=CPU1 --define=_LAUNCHXL_F28379D --c11 --diag_suppress=10063 --diag_warning=225 --diag_wrap=off --display_error_number --abi=coffabi --preproc_with_compile --preproc_dependency="F2837xD_Adc.d_raw"  "../F2837xD_Adc.c"
Finished building: "../F2837xD_Adc.c"
 
Building file: "../F2837xD_CpuTimers.c"
Invoking: C2000 Compiler
"C:/ti/ccs1270/ccs/tools/compiler/ti-cgt-c2000_22.6.1.LTS/bin/cl2000" -v28 -ml -mt --cla_support=cla1 --float_support=fpu32 --tmu_support=tmu0 --vcu_support=vcu2 -Ooff --include_path="C:/MARIUS_FINAL_PROJECT/se423_final_project/workspace/FinalProjectwithCANAprilStarter" --include_path="C:/MARIUS_FINAL_PROJECT/se423_final_project/C2000Ware_4_01_00_00/device_support/f2837xd/common/include" --include_path="C:/MARIUS_FINAL_PROJECT/se423_final_project/C2000Ware_4_01_00_00/device_support/f2837xd/headers/include" --include_path="C:/MARIUS_FINAL_PROJECT/se423_final_project/workspace/FinalProjectwithCANAprilStarter/device" --include_path="C:/MARIUS_FINAL_PROJECT/se423_final_project/C2000Ware_4_01_00_00/driverlib/f2837xd/driverlib" --include_path="C:/MARIUS_FINAL_PROJECT/se423_final_project/C2000Ware_4_01_00_00/libraries/dsp/FPU/c28/include" --include_path="C:/ti/ccs1270/ccs/tools/compiler/ti-cgt-c2000_22.6.1.LTS/include" --define=DEBUG --define=_DUAL_HEADERS --define=CPU1 --define=_LAUNCHXL_F28379D --c11 --diag_suppress=10063 --diag_warning=225 --diag_wrap=off --display_error_number --abi=coffabi --preproc_with_compile --preproc_dependency="F2837xD_CpuTimers.d_raw"  "../F2837xD_CpuTimers.c"
Finished building: "../F2837xD_CpuTimers.c"
 
Building file: "../F28379dCAN.c"
Invoking: C2000 Compiler
"C:/ti/ccs1270/ccs/tools/compiler/ti-cgt-c2000_22.6.1.LTS/bin/cl2000" -v28 -ml -mt --cla_support=cla1 --float_support=fpu32 --tmu_support=tmu0 --vcu_support=vcu2 -Ooff --include_path="C:/MARIUS_FINAL_PROJECT/se423_final_project/workspace/FinalProjectwithCANAprilStarter" --include_path="C:/MARIUS_FINAL_PROJECT/se423_final_project/C2000Ware_4_01_00_00/device_support/f2837xd/common/include" --include_path="C:/MARIUS_FINAL_PROJECT/se423_final_project/C2000Ware_4_01_00_00/device_support/f2837xd/headers/include" --include_path="C:/MARIUS_FINAL_PROJECT/se423_final_project/workspace/FinalProjectwithCANAprilStarter/device" --include_path="C:/MARIUS_FINAL_PROJECT/se423_final_project/C2000Ware_4_01_00_00/driverlib/f2837xd/driverlib" --include_path="C:/MARIUS_FINAL_PROJECT/se423_final_project/C2000Ware_4_01_00_00/libraries/dsp/FPU/c28/include" --include_path="C:/ti/ccs1270/ccs/tools/compiler/ti-cgt-c2000_22.6.1.LTS/include" --define=DEBUG --define=_DUAL_HEADERS --define=CPU1 --define=_LAUNCHXL_F28379D --c11 --diag_suppress=10063 --diag_warning=225 --diag_wrap=off --display_error_number --abi=coffabi --preproc_with_compile --preproc_dependency="F28379dCAN.d_raw"  "../F28379dCAN.c"
Finished building: "../F28379dCAN.c"
 
Building file: "../F2837xD_DefaultISR.c"
Invoking: C2000 Compiler
"C:/ti/ccs1270/ccs/tools/compiler/ti-cgt-c2000_22.6.1.LTS/bin/cl2000" -v28 -ml -mt --cla_support=cla1 --float_support=fpu32 --tmu_support=tmu0 --vcu_support=vcu2 -Ooff --include_path="C:/MARIUS_FINAL_PROJECT/se423_final_project/workspace/FinalProjectwithCANAprilStarter" --include_path="C:/MARIUS_FINAL_PROJECT/se423_final_project/C2000Ware_4_01_00_00/device_support/f2837xd/common/include" --include_path="C:/MARIUS_FINAL_PROJECT/se423_final_project/C2000Ware_4_01_00_00/device_support/f2837xd/headers/include" --include_path="C:/MARIUS_FINAL_PROJECT/se423_final_project/workspace/FinalProjectwithCANAprilStarter/device" --include_path="C:/MARIUS_FINAL_PROJECT/se423_final_project/C2000Ware_4_01_00_00/driverlib/f2837xd/driverlib" --include_path="C:/MARIUS_FINAL_PROJECT/se423_final_project/C2000Ware_4_01_00_00/libraries/dsp/FPU/c28/include" --include_path="C:/ti/ccs1270/ccs/tools/compiler/ti-cgt-c2000_22.6.1.LTS/include" --define=DEBUG --define=_DUAL_HEADERS --define=CPU1 --define=_LAUNCHXL_F28379D --c11 --diag_suppress=10063 --diag_warning=225 --diag_wrap=off --display_error_number --abi=coffabi --preproc_with_compile --preproc_dependency="F2837xD_DefaultISR.d_raw"  "../F2837xD_DefaultISR.c"
Finished building: "../F2837xD_DefaultISR.c"
 
Building file: "../F2837xD_EPwm.c"
Invoking: C2000 Compiler
"C:/ti/ccs1270/ccs/tools/compiler/ti-cgt-c2000_22.6.1.LTS/bin/cl2000" -v28 -ml -mt --cla_support=cla1 --float_support=fpu32 --tmu_support=tmu0 --vcu_support=vcu2 -Ooff --include_path="C:/MARIUS_FINAL_PROJECT/se423_final_project/workspace/FinalProjectwithCANAprilStarter" --include_path="C:/MARIUS_FINAL_PROJECT/se423_final_project/C2000Ware_4_01_00_00/device_support/f2837xd/common/include" --include_path="C:/MARIUS_FINAL_PROJECT/se423_final_project/C2000Ware_4_01_00_00/device_support/f2837xd/headers/include" --include_path="C:/MARIUS_FINAL_PROJECT/se423_final_project/workspace/FinalProjectwithCANAprilStarter/device" --include_path="C:/MARIUS_FINAL_PROJECT/se423_final_project/C2000Ware_4_01_00_00/driverlib/f2837xd/driverlib" --include_path="C:/MARIUS_FINAL_PROJECT/se423_final_project/C2000Ware_4_01_00_00/libraries/dsp/FPU/c28/include" --include_path="C:/ti/ccs1270/ccs/tools/compiler/ti-cgt-c2000_22.6.1.LTS/include" --define=DEBUG --define=_DUAL_HEADERS --define=CPU1 --define=_LAUNCHXL_F28379D --c11 --diag_suppress=10063 --diag_warning=225 --diag_wrap=off --display_error_number --abi=coffabi --preproc_with_compile --preproc_dependency="F2837xD_EPwm.d_raw"  "../F2837xD_EPwm.c"
Finished building: "../F2837xD_EPwm.c"
 
Building file: "../F2837xD_PieCtrl.c"
Invoking: C2000 Compiler
"C:/ti/ccs1270/ccs/tools/compiler/ti-cgt-c2000_22.6.1.LTS/bin/cl2000" -v28 -ml -mt --cla_support=cla1 --float_support=fpu32 --tmu_support=tmu0 --vcu_support=vcu2 -Ooff --include_path="C:/MARIUS_FINAL_PROJECT/se423_final_project/workspace/FinalProjectwithCANAprilStarter" --include_path="C:/MARIUS_FINAL_PROJECT/se423_final_project/C2000Ware_4_01_00_00/device_support/f2837xd/common/include" --include_path="C:/MARIUS_FINAL_PROJECT/se423_final_project/C2000Ware_4_01_00_00/device_support/f2837xd/headers/include" --include_path="C:/MARIUS_FINAL_PROJECT/se423_final_project/workspace/FinalProjectwithCANAprilStarter/device" --include_path="C:/MARIUS_FINAL_PROJECT/se423_final_project/C2000Ware_4_01_00_00/driverlib/f2837xd/driverlib" --include_path="C:/MARIUS_FINAL_PROJECT/se423_final_project/C2000Ware_4_01_00_00/libraries/dsp/FPU/c28/include" --include_path="C:/ti/ccs1270/ccs/tools/compiler/ti-cgt-c2000_22.6.1.LTS/include" --define=DEBUG --define=_DUAL_HEADERS --define=CPU1 --define=_LAUNCHXL_F28379D --c11 --diag_suppress=10063 --diag_warning=225 --diag_wrap=off --display_error_number --abi=coffabi --preproc_with_compile --preproc_dependency="F2837xD_PieCtrl.d_raw"  "../F2837xD_PieCtrl.c"
Finished building: "../F2837xD_PieCtrl.c"
 
Building file: "../F28379dSerial.c"
Invoking: C2000 Compiler
"C:/ti/ccs1270/ccs/tools/compiler/ti-cgt-c2000_22.6.1.LTS/bin/cl2000" -v28 -ml -mt --cla_support=cla1 --float_support=fpu32 --tmu_support=tmu0 --vcu_support=vcu2 -Ooff --include_path="C:/MARIUS_FINAL_PROJECT/se423_final_project/workspace/FinalProjectwithCANAprilStarter" --include_path="C:/MARIUS_FINAL_PROJECT/se423_final_project/C2000Ware_4_01_00_00/device_support/f2837xd/common/include" --include_path="C:/MARIUS_FINAL_PROJECT/se423_final_project/C2000Ware_4_01_00_00/device_support/f2837xd/headers/include" --include_path="C:/MARIUS_FINAL_PROJECT/se423_final_project/workspace/FinalProjectwithCANAprilStarter/device" --include_path="C:/MARIUS_FINAL_PROJECT/se423_final_project/C2000Ware_4_01_00_00/driverlib/f2837xd/driverlib" --include_path="C:/MARIUS_FINAL_PROJECT/se423_final_project/C2000Ware_4_01_00_00/libraries/dsp/FPU/c28/include" --include_path="C:/ti/ccs1270/ccs/tools/compiler/ti-cgt-c2000_22.6.1.LTS/include" --define=DEBUG --define=_DUAL_HEADERS --define=CPU1 --define=_LAUNCHXL_F28379D --c11 --diag_suppress=10063 --diag_warning=225 --diag_wrap=off --display_error_number --abi=coffabi --preproc_with_compile --preproc_dependency="F28379dSerial.d_raw"  "../F28379dSerial.c"
Finished building: "../F28379dSerial.c"
 
Building file: "../F2837xD_Gpio.c"
Invoking: C2000 Compiler
"C:/ti/ccs1270/ccs/tools/compiler/ti-cgt-c2000_22.6.1.LTS/bin/cl2000" -v28 -ml -mt --cla_support=cla1 --float_support=fpu32 --tmu_support=tmu0 --vcu_support=vcu2 -Ooff --include_path="C:/MARIUS_FINAL_PROJECT/se423_final_project/workspace/FinalProjectwithCANAprilStarter" --include_path="C:/MARIUS_FINAL_PROJECT/se423_final_project/C2000Ware_4_01_00_00/device_support/f2837xd/common/include" --include_path="C:/MARIUS_FINAL_PROJECT/se423_final_project/C2000Ware_4_01_00_00/device_support/f2837xd/headers/include" --include_path="C:/MARIUS_FINAL_PROJECT/se423_final_project/workspace/FinalProjectwithCANAprilStarter/device" --include_path="C:/MARIUS_FINAL_PROJECT/se423_final_project/C2000Ware_4_01_00_00/driverlib/f2837xd/driverlib" --include_path="C:/MARIUS_FINAL_PROJECT/se423_final_project/C2000Ware_4_01_00_00/libraries/dsp/FPU/c28/include" --include_path="C:/ti/ccs1270/ccs/tools/compiler/ti-cgt-c2000_22.6.1.LTS/include" --define=DEBUG --define=_DUAL_HEADERS --define=CPU1 --define=_LAUNCHXL_F28379D --c11 --diag_suppress=10063 --diag_warning=225 --diag_wrap=off --display_error_number --abi=coffabi --preproc_with_compile --preproc_dependency="F2837xD_Gpio.d_raw"  "../F2837xD_Gpio.c"
Finished building: "../F2837xD_Gpio.c"
 
Building file: "../F2837xD_PieVect.c"
Invoking: C2000 Compiler
"C:/ti/ccs1270/ccs/tools/compiler/ti-cgt-c2000_22.6.1.LTS/bin/cl2000" -v28 -ml -mt --cla_support=cla1 --float_support=fpu32 --tmu_support=tmu0 --vcu_support=vcu2 -Ooff --include_path="C:/MARIUS_FINAL_PROJECT/se423_final_project/workspace/FinalProjectwithCANAprilStarter" --include_path="C:/MARIUS_FINAL_PROJECT/se423_final_project/C2000Ware_4_01_00_00/device_support/f2837xd/common/include" --include_path="C:/MARIUS_FINAL_PROJECT/se423_final_project/C2000Ware_4_01_00_00/device_support/f2837xd/headers/include" --include_path="C:/MARIUS_FINAL_PROJECT/se423_final_project/workspace/FinalProjectwithCANAprilStarter/device" --include_path="C:/MARIUS_FINAL_PROJECT/se423_final_project/C2000Ware_4_01_00_00/driverlib/f2837xd/driverlib" --include_path="C:/MARIUS_FINAL_PROJECT/se423_final_project/C2000Ware_4_01_00_00/libraries/dsp/FPU/c28/include" --include_path="C:/ti/ccs1270/ccs/tools/compiler/ti-cgt-c2000_22.6.1.LTS/include" --define=DEBUG --define=_DUAL_HEADERS --define=CPU1 --define=_LAUNCHXL_F28379D --c11 --diag_suppress=10063 --diag_warning=225 --diag_wrap=off --display_error_number --abi=coffabi --preproc_with_compile --preproc_dependency="F2837xD_PieVect.d_raw"  "../F2837xD_PieVect.c"
Finished building: "../F2837xD_PieVect.c"
 
Building file: "../F2837xD_Spi.c"
Invoking: C2000 Compiler
"C:/ti/ccs1270/ccs/tools/compiler/ti-cgt-c2000_22.6.1.LTS/bin/cl2000" -v28 -ml -mt --cla_support=cla1 --float_support=fpu32 --tmu_support=tmu0 --vcu_support=vcu2 -Ooff --include_path="C:/MARIUS_FINAL_PROJECT/se423_final_project/workspace/FinalProjectwithCANAprilStarter" --include_path="C:/MARIUS_FINAL_PROJECT/se423_final_project/C2000Ware_4_01_00_00/device_support/f2837xd/common/include" --include_path="C:/MARIUS_FINAL_PROJECT/se423_final_project/C2000Ware_4_01_00_00/device_support/f2837xd/headers/include" --include_path="C:/MARIUS_FINAL_PROJECT/se423_final_project/workspace/FinalProjectwithCANAprilStarter/device" --include_path="C:/MARIUS_FINAL_PROJECT/se423_final_project/C2000Ware_4_01_00_00/driverlib/f2837xd/driverlib" --include_path="C:/MARIUS_FINAL_PROJECT/se423_final_project/C2000Ware_4_01_00_00/libraries/dsp/FPU/c28/include" --include_path="C:/ti/ccs1270/ccs/tools/compiler/ti-cgt-c2000_22.6.1.LTS/include" --define=DEBUG --define=_DUAL_HEADERS --define=CPU1 --define=_LAUNCHXL_F28379D --c11 --diag_suppress=10063 --diag_warning=225 --diag_wrap=off --display_error_number --abi=coffabi --preproc_with_compile --preproc_dependency="F2837xD_Spi.d_raw"  "../F2837xD_Spi.c"
Finished building: "../F2837xD_Spi.c"
 
Building file: "../F2837xD_usDelay.asm"
Invoking: C2000 Compiler
"C:/ti/ccs1270/ccs/tools/compiler/ti-cgt-c2000_22.6.1.LTS/bin/cl2000" -v28 -ml -mt --cla_support=cla1 --float_support=fpu32 --tmu_support=tmu0 --vcu_support=vcu2 -Ooff --include_path="C:/MARIUS_FINAL_PROJECT/se423_final_project/workspace/FinalProjectwithCANAprilStarter" --include_path="C:/MARIUS_FINAL_PROJECT/se423_final_project/C2000Ware_4_01_00_00/device_support/f2837xd/common/include" --include_path="C:/MARIUS_FINAL_PROJECT/se423_final_project/C2000Ware_4_01_00_00/device_support/f2837xd/headers/include" --include_path="C:/MARIUS_FINAL_PROJECT/se423_final_project/workspace/FinalProjectwithCANAprilStarter/device" --include_path="C:/MARIUS_FINAL_PROJECT/se423_final_project/C2000Ware_4_01_00_00/driverlib/f2837xd/driverlib" --include_path="C:/MARIUS_FINAL_PROJECT/se423_final_project/C2000Ware_4_01_00_00/libraries/dsp/FPU/c28/include" --include_path="C:/ti/ccs1270/ccs/tools/compiler/ti-cgt-c2000_22.6.1.LTS/include" --define=DEBUG --define=_DUAL_HEADERS --define=CPU1 --define=_LAUNCHXL_F28379D --c11 --diag_suppress=10063 --diag_warning=225 --diag_wrap=off --display_error_number --abi=coffabi --preproc_with_compile --preproc_dependency="F2837xD_usDelay.d_raw"  "../F2837xD_usDelay.asm"
Finished building: "../F2837xD_usDelay.asm"
 
Building file: "../F2837xD_GlobalVariableDefs.c"
Invoking: C2000 Compiler
"C:/ti/ccs1270/ccs/tools/compiler/ti-cgt-c2000_22.6.1.LTS/bin/cl2000" -v28 -ml -mt --cla_support=cla1 --float_support=fpu32 --tmu_support=tmu0 --vcu_support=vcu2 -Ooff --include_path="C:/MARIUS_FINAL_PROJECT/se423_final_project/workspace/FinalProjectwithCANAprilStarter" --include_path="C:/MARIUS_FINAL_PROJECT/se423_final_project/C2000Ware_4_01_00_00/device_support/f2837xd/common/include" --include_path="C:/MARIUS_FINAL_PROJECT/se423_final_project/C2000Ware_4_01_00_00/device_support/f2837xd/headers/include" --include_path="C:/MARIUS_FINAL_PROJECT/se423_final_project/workspace/FinalProjectwithCANAprilStarter/device" --include_path="C:/MARIUS_FINAL_PROJECT/se423_final_project/C2000Ware_4_01_00_00/driverlib/f2837xd/driverlib" --include_path="C:/MARIUS_FINAL_PROJECT/se423_final_project/C2000Ware_4_01_00_00/libraries/dsp/FPU/c28/include" --include_path="C:/ti/ccs1270/ccs/tools/compiler/ti-cgt-c2000_22.6.1.LTS/include" --define=DEBUG --define=_DUAL_HEADERS --define=CPU1 --define=_LAUNCHXL_F28379D --c11 --diag_suppress=10063 --diag_warning=225 --diag_wrap=off --display_error_number --abi=coffabi --preproc_with_compile --preproc_dependency="F2837xD_GlobalVariableDefs.d_raw"  "../F2837xD_GlobalVariableDefs.c"
Finished building: "../F2837xD_GlobalVariableDefs.c"
 
Building file: "../F2837xD_SysCtrl.c"
Invoking: C2000 Compiler
"C:/ti/ccs1270/ccs/tools/compiler/ti-cgt-c2000_22.6.1.LTS/bin/cl2000" -v28 -ml -mt --cla_support=cla1 --float_support=fpu32 --tmu_support=tmu0 --vcu_support=vcu2 -Ooff --include_path="C:/MARIUS_FINAL_PROJECT/se423_final_project/workspace/FinalProjectwithCANAprilStarter" --include_path="C:/MARIUS_FINAL_PROJECT/se423_final_project/C2000Ware_4_01_00_00/device_support/f2837xd/common/include" --include_path="C:/MARIUS_FINAL_PROJECT/se423_final_project/C2000Ware_4_01_00_00/device_support/f2837xd/headers/include" --include_path="C:/MARIUS_FINAL_PROJECT/se423_final_project/workspace/FinalProjectwithCANAprilStarter/device" --include_path="C:/MARIUS_FINAL_PROJECT/se423_final_project/C2000Ware_4_01_00_00/driverlib/f2837xd/driverlib" --include_path="C:/MARIUS_FINAL_PROJECT/se423_final_project/C2000Ware_4_01_00_00/libraries/dsp/FPU/c28/include" --include_path="C:/ti/ccs1270/ccs/tools/compiler/ti-cgt-c2000_22.6.1.LTS/include" --define=DEBUG --define=_DUAL_HEADERS --define=CPU1 --define=_LAUNCHXL_F28379D --c11 --diag_suppress=10063 --diag_warning=225 --diag_wrap=off --display_error_number --abi=coffabi --preproc_with_compile --preproc_dependency="F2837xD_SysCtrl.d_raw"  "../F2837xD_SysCtrl.c"
"../F2837xD_SysCtrl.c", line 837 (col. 47): advice #2614-D: (Performance) Use --fp_mode=relaxed to enable TMU hardware support for FP division.
Finished building: "../F2837xD_SysCtrl.c"
 
Building file: "../OptiTrack.c"
Invoking: C2000 Compiler
"C:/ti/ccs1270/ccs/tools/compiler/ti-cgt-c2000_22.6.1.LTS/bin/cl2000" -v28 -ml -mt --cla_support=cla1 --float_support=fpu32 --tmu_support=tmu0 --vcu_support=vcu2 -Ooff --include_path="C:/MARIUS_FINAL_PROJECT/se423_final_project/workspace/FinalProjectwithCANAprilStarter" --include_path="C:/MARIUS_FINAL_PROJECT/se423_final_project/C2000Ware_4_01_00_00/device_support/f2837xd/common/include" --include_path="C:/MARIUS_FINAL_PROJECT/se423_final_project/C2000Ware_4_01_00_00/device_support/f2837xd/headers/include" --include_path="C:/MARIUS_FINAL_PROJECT/se423_final_project/workspace/FinalProjectwithCANAprilStarter/device" --include_path="C:/MARIUS_FINAL_PROJECT/se423_final_project/C2000Ware_4_01_00_00/driverlib/f2837xd/driverlib" --include_path="C:/MARIUS_FINAL_PROJECT/se423_final_project/C2000Ware_4_01_00_00/libraries/dsp/FPU/c28/include" --include_path="C:/ti/ccs1270/ccs/tools/compiler/ti-cgt-c2000_22.6.1.LTS/include" --define=DEBUG --define=_DUAL_HEADERS --define=CPU1 --define=_LAUNCHXL_F28379D --c11 --diag_suppress=10063 --diag_warning=225 --diag_wrap=off --display_error_number --abi=coffabi --preproc_with_compile --preproc_dependency="OptiTrack.d_raw"  "../OptiTrack.c"
"../OptiTrack.c", line 66 (col. 81): advice #2614-D: (Performance) Use --fp_mode=relaxed to enable TMU hardware support for FP division.
Finished building: "../OptiTrack.c"
 
Building file: "../MatrixMath.c"
Invoking: C2000 Compiler
"C:/ti/ccs1270/ccs/tools/compiler/ti-cgt-c2000_22.6.1.LTS/bin/cl2000" -v28 -ml -mt --cla_support=cla1 --float_support=fpu32 --tmu_support=tmu0 --vcu_support=vcu2 -Ooff --include_path="C:/MARIUS_FINAL_PROJECT/se423_final_project/workspace/FinalProjectwithCANAprilStarter" --include_path="C:/MARIUS_FINAL_PROJECT/se423_final_project/C2000Ware_4_01_00_00/device_support/f2837xd/common/include" --include_path="C:/MARIUS_FINAL_PROJECT/se423_final_project/C2000Ware_4_01_00_00/device_support/f2837xd/headers/include" --include_path="C:/MARIUS_FINAL_PROJECT/se423_final_project/workspace/FinalProjectwithCANAprilStarter/device" --include_path="C:/MARIUS_FINAL_PROJECT/se423_final_project/C2000Ware_4_01_00_00/driverlib/f2837xd/driverlib" --include_path="C:/MARIUS_FINAL_PROJECT/se423_final_project/C2000Ware_4_01_00_00/libraries/dsp/FPU/c28/include" --include_path="C:/ti/ccs1270/ccs/tools/compiler/ti-cgt-c2000_22.6.1.LTS/include" --define=DEBUG --define=_DUAL_HEADERS --define=CPU1 --define=_LAUNCHXL_F28379D --c11 --diag_suppress=10063 --diag_warning=225 --diag_wrap=off --display_error_number --abi=coffabi --preproc_with_compile --preproc_dependency="MatrixMath.d_raw"  "../MatrixMath.c"
"../MatrixMath.c", line 39 (col. 19): advice #2614-D: (Performance) Use --fp_mode=relaxed to enable TMU hardware support for FP division.
Finished building: "../MatrixMath.c"
 
Building file: "../user_xy.c"
Invoking: C2000 Compiler
"C:/ti/ccs1270/ccs/tools/compiler/ti-cgt-c2000_22.6.1.LTS/bin/cl2000" -v28 -ml -mt --cla_support=cla1 --float_support=fpu32 --tmu_support=tmu0 --vcu_support=vcu2 -Ooff --include_path="C:/MARIUS_FINAL_PROJECT/se423_final_project/workspace/FinalProjectwithCANAprilStarter" --include_path="C:/MARIUS_FINAL_PROJECT/se423_final_project/C2000Ware_4_01_00_00/device_support/f2837xd/common/include" --include_path="C:/MARIUS_FINAL_PROJECT/se423_final_project/C2000Ware_4_01_00_00/device_support/f2837xd/headers/include" --include_path="C:/MARIUS_FINAL_PROJECT/se423_final_project/workspace/FinalProjectwithCANAprilStarter/device" --include_path="C:/MARIUS_FINAL_PROJECT/se423_final_project/C2000Ware_4_01_00_00/driverlib/f2837xd/driverlib" --include_path="C:/MARIUS_FINAL_PROJECT/se423_final_project/C2000Ware_4_01_00_00/libraries/dsp/FPU/c28/include" --include_path="C:/ti/ccs1270/ccs/tools/compiler/ti-cgt-c2000_22.6.1.LTS/include" --define=DEBUG --define=_DUAL_HEADERS --define=CPU1 --define=_LAUNCHXL_F28379D --c11 --diag_suppress=10063 --diag_warning=225 --diag_wrap=off --display_error_number --abi=coffabi --preproc_with_compile --preproc_dependency="user_xy.d_raw"  "../user_xy.c"
"../user_xy.c", line 58 (col. 15): advice #2614-D: (Performance) Use --fp_mode=relaxed to enable TMU hardware support for atan2f.
"../user_xy.c", line 74 (col. 49): advice #2614-D: (Performance) Use --fp_mode=relaxed to enable TMU hardware support for FP division.
"../user_xy.c", line 83 (col. 14): advice #2614-D: (Performance) Use --fp_mode=relaxed to enable TMU hardware support for sqrtf.
Finished building: "../user_xy.c"
 
Building file: "../device/device.c"
Invoking: C2000 Compiler
"C:/ti/ccs1270/ccs/tools/compiler/ti-cgt-c2000_22.6.1.LTS/bin/cl2000" -v28 -ml -mt --cla_support=cla1 --float_support=fpu32 --tmu_support=tmu0 --vcu_support=vcu2 -Ooff --include_path="C:/MARIUS_FINAL_PROJECT/se423_final_project/workspace/FinalProjectwithCANAprilStarter" --include_path="C:/MARIUS_FINAL_PROJECT/se423_final_project/C2000Ware_4_01_00_00/device_support/f2837xd/common/include" --include_path="C:/MARIUS_FINAL_PROJECT/se423_final_project/C2000Ware_4_01_00_00/device_support/f2837xd/headers/include" --include_path="C:/MARIUS_FINAL_PROJECT/se423_final_project/workspace/FinalProjectwithCANAprilStarter/device" --include_path="C:/MARIUS_FINAL_PROJECT/se423_final_project/C2000Ware_4_01_00_00/driverlib/f2837xd/driverlib" --include_path="C:/MARIUS_FINAL_PROJECT/se423_final_project/C2000Ware_4_01_00_00/libraries/dsp/FPU/c28/include" --include_path="C:/ti/ccs1270/ccs/tools/compiler/ti-cgt-c2000_22.6.1.LTS/include" --define=DEBUG --define=_DUAL_HEADERS --define=CPU1 --define=_LAUNCHXL_F28379D --c11 --diag_suppress=10063 --diag_warning=225 --diag_wrap=off --display_error_number --abi=coffabi --preproc_with_compile --preproc_dependency="device/device.d_raw" --obj_directory="device"  "../device/device.c"
Finished building: "../device/device.c"
 
Building file: "../FinalProjectwithCANAprilStarter_main.c"
Invoking: C2000 Compiler
"C:/ti/ccs1270/ccs/tools/compiler/ti-cgt-c2000_22.6.1.LTS/bin/cl2000" -v28 -ml -mt --cla_support=cla1 --float_support=fpu32 --tmu_support=tmu0 --vcu_support=vcu2 -Ooff --include_path="C:/MARIUS_FINAL_PROJECT/se423_final_project/workspace/FinalProjectwithCANAprilStarter" --include_path="C:/MARIUS_FINAL_PROJECT/se423_final_project/C2000Ware_4_01_00_00/device_support/f2837xd/common/include" --include_path="C:/MARIUS_FINAL_PROJECT/se423_final_project/C2000Ware_4_01_00_00/device_support/f2837xd/headers/include" --include_path="C:/MARIUS_FINAL_PROJECT/se423_final_project/workspace/FinalProjectwithCANAprilStarter/device" --include_path="C:/MARIUS_FINAL_PROJECT/se423_final_project/C2000Ware_4_01_00_00/driverlib/f2837xd/driverlib" --include_path="C:/MARIUS_FINAL_PROJECT/se423_final_project/C2000Ware_4_01_00_00/libraries/dsp/FPU/c28/include" --include_path="C:/ti/ccs1270/ccs/tools/compiler/ti-cgt-c2000_22.6.1.LTS/include" --define=DEBUG --define=_DUAL_HEADERS --define=CPU1 --define=_LAUNCHXL_F28379D --c11 --diag_suppress=10063 --diag_warning=225 --diag_wrap=off --display_error_number --abi=coffabi --preproc_with_compile --preproc_dependency="FinalProjectwithCANAprilStarter_main.d_raw"  "../FinalProjectwithCANAprilStarter_main.c"
"../FinalProjectwithCANAprilStarter_main.c", line 693 (col. 32): advice #2614-D: (Performance) Use --fp_mode=relaxed to enable TMU hardware support for FP division.
"../FinalProjectwithCANAprilStarter_main.c", line 975 (col. 23): advice #2614-D: (Performance) Use --fp_mode=relaxed to enable TMU hardware support for cosf.
"../FinalProjectwithCANAprilStarter_main.c", line 976 (col. 23): advice #2614-D: (Performance) Use --fp_mode=relaxed to enable TMU hardware support for sinf.
Finished building: "../FinalProjectwithCANAprilStarter_main.c"
 
Building file: "../SE423Lib.c"
Invoking: C2000 Compiler
"C:/ti/ccs1270/ccs/tools/compiler/ti-cgt-c2000_22.6.1.LTS/bin/cl2000" -v28 -ml -mt --cla_support=cla1 --float_support=fpu32 --tmu_support=tmu0 --vcu_support=vcu2 -Ooff --include_path="C:/MARIUS_FINAL_PROJECT/se423_final_project/workspace/FinalProjectwithCANAprilStarter" --include_path="C:/MARIUS_FINAL_PROJECT/se423_final_project/C2000Ware_4_01_00_00/device_support/f2837xd/common/include" --include_path="C:/MARIUS_FINAL_PROJECT/se423_final_project/C2000Ware_4_01_00_00/device_support/f2837xd/headers/include" --include_path="C:/MARIUS_FINAL_PROJECT/se423_final_project/workspace/FinalProjectwithCANAprilStarter/device" --include_path="C:/MARIUS_FINAL_PROJECT/se423_final_project/C2000Ware_4_01_00_00/driverlib/f2837xd/driverlib" --include_path="C:/MARIUS_FINAL_PROJECT/se423_final_project/C2000Ware_4_01_00_00/libraries/dsp/FPU/c28/include" --include_path="C:/ti/ccs1270/ccs/tools/compiler/ti-cgt-c2000_22.6.1.LTS/include" --define=DEBUG --define=_DUAL_HEADERS --define=CPU1 --define=_LAUNCHXL_F28379D --c11 --diag_suppress=10063 --diag_warning=225 --diag_wrap=off --display_error_number --abi=coffabi --preproc_with_compile --preproc_dependency="SE423Lib.d_raw"  "../SE423Lib.c"
"../SE423Lib.c", line 26 (col. 51): advice #2614-D: (Performance) Use --fp_mode=relaxed to enable TMU hardware support for FP division.
Finished building: "../SE423Lib.c"
 
Building target: "FinalProjectwithCANAprilStarter.out"
Invoking: C2000 Linker
"C:/ti/ccs1270/ccs/tools/compiler/ti-cgt-c2000_22.6.1.LTS/bin/cl2000" -v28 -ml -mt --cla_support=cla1 --float_support=fpu32 --tmu_support=tmu0 --vcu_support=vcu2 -Ooff --define=DEBUG --define=_DUAL_HEADERS --define=CPU1 --define=_LAUNCHXL_F28379D --c11 --diag_suppress=10063 --diag_warning=225 --diag_wrap=off --display_error_number --abi=coffabi -z -m"FinalProjectwithCANAprilStarter.map" --stack_size=0x800 --warn_sections -i"C:/ti/ccs1270/ccs/tools/compiler/ti-cgt-c2000_22.6.1.LTS/lib" -i"C:/ti/ccs1270/ccs/tools/compiler/ti-cgt-c2000_22.6.1.LTS/include" --reread_libs --diag_wrap=off --display_error_number --xml_link_info="FinalProjectwithCANAprilStarter_linkInfo.xml" --rom_model -o "FinalProjectwithCANAprilStarter.out" "./F28379dCAN.obj" "./F28379dSerial.obj" "./F2837xD_Adc.obj" "./F2837xD_CodeStartBranch.obj" "./F2837xD_CpuTimers.obj" "./F2837xD_DefaultISR.obj" "./F2837xD_EPwm.obj" "./F2837xD_GlobalVariableDefs.obj" "./F2837xD_Gpio.obj" "./F2837xD_PieCtrl.obj" "./F2837xD_PieVect.obj" "./F2837xD_Spi.obj" "./F2837xD_SysCtrl.obj" "./F2837xD_usDelay.obj" "./FinalProjectwithCANAprilStarter_main.obj" "./MatrixMath.obj" "./OptiTrack.obj" "./SE423Lib.obj" "./user_xy.obj" "./device/device.obj" "../2837xD_RAM_lnk_cpu1.cmd" "../F2837xD_Headers_nonBIOS_cpu1.cmd" "C:/MARIUS_FINAL_PROJECT/se423_final_project/C2000Ware_4_01_00_00/libraries/dsp/FPU/c28/lib/c28x_fpu_dsp_library.lib" "C:/MARIUS_FINAL_PROJECT/se423_final_project/C2000Ware_4_01_00_00/driverlib/f2837xd/driverlib/ccs/Debug/driverlib.lib"  -llibc.a 
<Linking>
Finished building target: "FinalProjectwithCANAprilStarter.out"
 

**** Build Finished ****

**** Build of configuration CPU1_RAM for project FinalProjectwithCANAprilStarter ****

"C:\\ti\\ccs1270\\ccs\\utils\\bin\\gmake" -k -j 12 all -O 
 
gmake[1]: 'FinalProjectwithCANAprilStarter.out' is up to date.

**** Build Finished ****

**** Build of configuration CPU1_RAM for project FinalProjectwithCANAprilStarter ****

"C:\\ti\\ccs1270\\ccs\\utils\\bin\\gmake" -k -j 12 all -O 
 
Building file: "../FinalProjectwithCANAprilStarter_main.c"
Invoking: C2000 Compiler
"C:/ti/ccs1270/ccs/tools/compiler/ti-cgt-c2000_22.6.1.LTS/bin/cl2000" -v28 -ml -mt --cla_support=cla1 --float_support=fpu32 --tmu_support=tmu0 --vcu_support=vcu2 -Ooff --include_path="C:/MARIUS_FINAL_PROJECT/se423_final_project/workspace/FinalProjectwithCANAprilStarter" --include_path="C:/MARIUS_FINAL_PROJECT/se423_final_project/C2000Ware_4_01_00_00/device_support/f2837xd/common/include" --include_path="C:/MARIUS_FINAL_PROJECT/se423_final_project/C2000Ware_4_01_00_00/device_support/f2837xd/headers/include" --include_path="C:/MARIUS_FINAL_PROJECT/se423_final_project/workspace/FinalProjectwithCANAprilStarter/device" --include_path="C:/MARIUS_FINAL_PROJECT/se423_final_project/C2000Ware_4_01_00_00/driverlib/f2837xd/driverlib" --include_path="C:/MARIUS_FINAL_PROJECT/se423_final_project/C2000Ware_4_01_00_00/libraries/dsp/FPU/c28/include" --include_path="C:/ti/ccs1270/ccs/tools/compiler/ti-cgt-c2000_22.6.1.LTS/include" --define=DEBUG --define=_DUAL_HEADERS --define=CPU1 --define=_LAUNCHXL_F28379D --c11 --diag_suppress=10063 --diag_warning=225 --diag_wrap=off --display_error_number --abi=coffabi --preproc_with_compile --preproc_dependency="FinalProjectwithCANAprilStarter_main.d_raw"  "../FinalProjectwithCANAprilStarter_main.c"
"../FinalProjectwithCANAprilStarter_main.c", line 691 (col. 32): advice #2614-D: (Performance) Use --fp_mode=relaxed to enable TMU hardware support for FP division.
"../FinalProjectwithCANAprilStarter_main.c", line 973 (col. 23): advice #2614-D: (Performance) Use --fp_mode=relaxed to enable TMU hardware support for cosf.
"../FinalProjectwithCANAprilStarter_main.c", line 974 (col. 23): advice #2614-D: (Performance) Use --fp_mode=relaxed to enable TMU hardware support for sinf.
Finished building: "../FinalProjectwithCANAprilStarter_main.c"
 
Building target: "FinalProjectwithCANAprilStarter.out"
Invoking: C2000 Linker
"C:/ti/ccs1270/ccs/tools/compiler/ti-cgt-c2000_22.6.1.LTS/bin/cl2000" -v28 -ml -mt --cla_support=cla1 --float_support=fpu32 --tmu_support=tmu0 --vcu_support=vcu2 -Ooff --define=DEBUG --define=_DUAL_HEADERS --define=CPU1 --define=_LAUNCHXL_F28379D --c11 --diag_suppress=10063 --diag_warning=225 --diag_wrap=off --display_error_number --abi=coffabi -z -m"FinalProjectwithCANAprilStarter.map" --stack_size=0x800 --warn_sections -i"C:/ti/ccs1270/ccs/tools/compiler/ti-cgt-c2000_22.6.1.LTS/lib" -i"C:/ti/ccs1270/ccs/tools/compiler/ti-cgt-c2000_22.6.1.LTS/include" --reread_libs --diag_wrap=off --display_error_number --xml_link_info="FinalProjectwithCANAprilStarter_linkInfo.xml" --rom_model -o "FinalProjectwithCANAprilStarter.out" "./F28379dCAN.obj" "./F28379dSerial.obj" "./F2837xD_Adc.obj" "./F2837xD_CodeStartBranch.obj" "./F2837xD_CpuTimers.obj" "./F2837xD_DefaultISR.obj" "./F2837xD_EPwm.obj" "./F2837xD_GlobalVariableDefs.obj" "./F2837xD_Gpio.obj" "./F2837xD_PieCtrl.obj" "./F2837xD_PieVect.obj" "./F2837xD_Spi.obj" "./F2837xD_SysCtrl.obj" "./F2837xD_usDelay.obj" "./FinalProjectwithCANAprilStarter_main.obj" "./MatrixMath.obj" "./OptiTrack.obj" "./SE423Lib.obj" "./user_xy.obj" "./device/device.obj" "../2837xD_RAM_lnk_cpu1.cmd" "../F2837xD_Headers_nonBIOS_cpu1.cmd" "C:/MARIUS_FINAL_PROJECT/se423_final_project/C2000Ware_4_01_00_00/libraries/dsp/FPU/c28/lib/c28x_fpu_dsp_library.lib" "C:/MARIUS_FINAL_PROJECT/se423_final_project/C2000Ware_4_01_00_00/driverlib/f2837xd/driverlib/ccs/Debug/driverlib.lib"  -llibc.a 
<Linking>
Finished building target: "FinalProjectwithCANAprilStarter.out"
 

**** Build Finished ****

**** Build of configuration CPU1_RAM for project FinalProjectwithCANAprilStarter ****

"C:\\ti\\ccs1270\\ccs\\utils\\bin\\gmake" -k -j 12 all -O 
 
gmake[1]: 'FinalProjectwithCANAprilStarter.out' is up to date.

**** Build Finished ****

**** Build of configuration CPU1_RAM for project FinalProjectwithCANAprilStarter ****

"C:\\ti\\ccs1270\\ccs\\utils\\bin\\gmake" -k -j 12 all -O 
 
Building file: "../FinalProjectwithCANAprilStarter_main.c"
Invoking: C2000 Compiler
"C:/ti/ccs1270/ccs/tools/compiler/ti-cgt-c2000_22.6.1.LTS/bin/cl2000" -v28 -ml -mt --cla_support=cla1 --float_support=fpu32 --tmu_support=tmu0 --vcu_support=vcu2 -Ooff --include_path="C:/MARIUS_FINAL_PROJECT/se423_final_project/workspace/FinalProjectwithCANAprilStarter" --include_path="C:/MARIUS_FINAL_PROJECT/se423_final_project/C2000Ware_4_01_00_00/device_support/f2837xd/common/include" --include_path="C:/MARIUS_FINAL_PROJECT/se423_final_project/C2000Ware_4_01_00_00/device_support/f2837xd/headers/include" --include_path="C:/MARIUS_FINAL_PROJECT/se423_final_project/workspace/FinalProjectwithCANAprilStarter/device" --include_path="C:/MARIUS_FINAL_PROJECT/se423_final_project/C2000Ware_4_01_00_00/driverlib/f2837xd/driverlib" --include_path="C:/MARIUS_FINAL_PROJECT/se423_final_project/C2000Ware_4_01_00_00/libraries/dsp/FPU/c28/include" --include_path="C:/ti/ccs1270/ccs/tools/compiler/ti-cgt-c2000_22.6.1.LTS/include" --define=DEBUG --define=_DUAL_HEADERS --define=CPU1 --define=_LAUNCHXL_F28379D --c11 --diag_suppress=10063 --diag_warning=225 --diag_wrap=off --display_error_number --abi=coffabi --preproc_with_compile --preproc_dependency="FinalProjectwithCANAprilStarter_main.d_raw"  "../FinalProjectwithCANAprilStarter_main.c"
"../FinalProjectwithCANAprilStarter_main.c", line 691 (col. 32): advice #2614-D: (Performance) Use --fp_mode=relaxed to enable TMU hardware support for FP division.
"../FinalProjectwithCANAprilStarter_main.c", line 973 (col. 23): advice #2614-D: (Performance) Use --fp_mode=relaxed to enable TMU hardware support for cosf.
"../FinalProjectwithCANAprilStarter_main.c", line 974 (col. 23): advice #2614-D: (Performance) Use --fp_mode=relaxed to enable TMU hardware support for sinf.
Finished building: "../FinalProjectwithCANAprilStarter_main.c"
 
Building target: "FinalProjectwithCANAprilStarter.out"
Invoking: C2000 Linker
"C:/ti/ccs1270/ccs/tools/compiler/ti-cgt-c2000_22.6.1.LTS/bin/cl2000" -v28 -ml -mt --cla_support=cla1 --float_support=fpu32 --tmu_support=tmu0 --vcu_support=vcu2 -Ooff --define=DEBUG --define=_DUAL_HEADERS --define=CPU1 --define=_LAUNCHXL_F28379D --c11 --diag_suppress=10063 --diag_warning=225 --diag_wrap=off --display_error_number --abi=coffabi -z -m"FinalProjectwithCANAprilStarter.map" --stack_size=0x800 --warn_sections -i"C:/ti/ccs1270/ccs/tools/compiler/ti-cgt-c2000_22.6.1.LTS/lib" -i"C:/ti/ccs1270/ccs/tools/compiler/ti-cgt-c2000_22.6.1.LTS/include" --reread_libs --diag_wrap=off --display_error_number --xml_link_info="FinalProjectwithCANAprilStarter_linkInfo.xml" --rom_model -o "FinalProjectwithCANAprilStarter.out" "./F28379dCAN.obj" "./F28379dSerial.obj" "./F2837xD_Adc.obj" "./F2837xD_CodeStartBranch.obj" "./F2837xD_CpuTimers.obj" "./F2837xD_DefaultISR.obj" "./F2837xD_EPwm.obj" "./F2837xD_GlobalVariableDefs.obj" "./F2837xD_Gpio.obj" "./F2837xD_PieCtrl.obj" "./F2837xD_PieVect.obj" "./F2837xD_Spi.obj" "./F2837xD_SysCtrl.obj" "./F2837xD_usDelay.obj" "./FinalProjectwithCANAprilStarter_main.obj" "./MatrixMath.obj" "./OptiTrack.obj" "./SE423Lib.obj" "./user_xy.obj" "./device/device.obj" "../2837xD_RAM_lnk_cpu1.cmd" "../F2837xD_Headers_nonBIOS_cpu1.cmd" "C:/MARIUS_FINAL_PROJECT/se423_final_project/C2000Ware_4_01_00_00/libraries/dsp/FPU/c28/lib/c28x_fpu_dsp_library.lib" "C:/MARIUS_FINAL_PROJECT/se423_final_project/C2000Ware_4_01_00_00/driverlib/f2837xd/driverlib/ccs/Debug/driverlib.lib"  -llibc.a 
<Linking>
Finished building target: "FinalProjectwithCANAprilStarter.out"
 

**** Build Finished ****

**** Build of configuration CPU1_RAM for project FinalProjectwithCANAprilStarter ****

"C:\\ti\\ccs1270\\ccs\\utils\\bin\\gmake" -k -j 12 all -O 
 
Building file: "../FinalProjectwithCANAprilStarter_main.c"
Invoking: C2000 Compiler
"C:/ti/ccs1270/ccs/tools/compiler/ti-cgt-c2000_22.6.1.LTS/bin/cl2000" -v28 -ml -mt --cla_support=cla1 --float_support=fpu32 --tmu_support=tmu0 --vcu_support=vcu2 -Ooff --include_path="C:/MARIUS_FINAL_PROJECT/se423_final_project/workspace/FinalProjectwithCANAprilStarter" --include_path="C:/MARIUS_FINAL_PROJECT/se423_final_project/C2000Ware_4_01_00_00/device_support/f2837xd/common/include" --include_path="C:/MARIUS_FINAL_PROJECT/se423_final_project/C2000Ware_4_01_00_00/device_support/f2837xd/headers/include" --include_path="C:/MARIUS_FINAL_PROJECT/se423_final_project/workspace/FinalProjectwithCANAprilStarter/device" --include_path="C:/MARIUS_FINAL_PROJECT/se423_final_project/C2000Ware_4_01_00_00/driverlib/f2837xd/driverlib" --include_path="C:/MARIUS_FINAL_PROJECT/se423_final_project/C2000Ware_4_01_00_00/libraries/dsp/FPU/c28/include" --include_path="C:/ti/ccs1270/ccs/tools/compiler/ti-cgt-c2000_22.6.1.LTS/include" --define=DEBUG --define=_DUAL_HEADERS --define=CPU1 --define=_LAUNCHXL_F28379D --c11 --diag_suppress=10063 --diag_warning=225 --diag_wrap=off --display_error_number --abi=coffabi --preproc_with_compile --preproc_dependency="FinalProjectwithCANAprilStarter_main.d_raw"  "../FinalProjectwithCANAprilStarter_main.c"
"../FinalProjectwithCANAprilStarter_main.c", line 691 (col. 32): advice #2614-D: (Performance) Use --fp_mode=relaxed to enable TMU hardware support for FP division.
"../FinalProjectwithCANAprilStarter_main.c", line 973 (col. 23): advice #2614-D: (Performance) Use --fp_mode=relaxed to enable TMU hardware support for cosf.
"../FinalProjectwithCANAprilStarter_main.c", line 974 (col. 23): advice #2614-D: (Performance) Use --fp_mode=relaxed to enable TMU hardware support for sinf.
Finished building: "../FinalProjectwithCANAprilStarter_main.c"
 
Building target: "FinalProjectwithCANAprilStarter.out"
Invoking: C2000 Linker
"C:/ti/ccs1270/ccs/tools/compiler/ti-cgt-c2000_22.6.1.LTS/bin/cl2000" -v28 -ml -mt --cla_support=cla1 --float_support=fpu32 --tmu_support=tmu0 --vcu_support=vcu2 -Ooff --define=DEBUG --define=_DUAL_HEADERS --define=CPU1 --define=_LAUNCHXL_F28379D --c11 --diag_suppress=10063 --diag_warning=225 --diag_wrap=off --display_error_number --abi=coffabi -z -m"FinalProjectwithCANAprilStarter.map" --stack_size=0x800 --warn_sections -i"C:/ti/ccs1270/ccs/tools/compiler/ti-cgt-c2000_22.6.1.LTS/lib" -i"C:/ti/ccs1270/ccs/tools/compiler/ti-cgt-c2000_22.6.1.LTS/include" --reread_libs --diag_wrap=off --display_error_number --xml_link_info="FinalProjectwithCANAprilStarter_linkInfo.xml" --rom_model -o "FinalProjectwithCANAprilStarter.out" "./F28379dCAN.obj" "./F28379dSerial.obj" "./F2837xD_Adc.obj" "./F2837xD_CodeStartBranch.obj" "./F2837xD_CpuTimers.obj" "./F2837xD_DefaultISR.obj" "./F2837xD_EPwm.obj" "./F2837xD_GlobalVariableDefs.obj" "./F2837xD_Gpio.obj" "./F2837xD_PieCtrl.obj" "./F2837xD_PieVect.obj" "./F2837xD_Spi.obj" "./F2837xD_SysCtrl.obj" "./F2837xD_usDelay.obj" "./FinalProjectwithCANAprilStarter_main.obj" "./MatrixMath.obj" "./OptiTrack.obj" "./SE423Lib.obj" "./user_xy.obj" "./device/device.obj" "../2837xD_RAM_lnk_cpu1.cmd" "../F2837xD_Headers_nonBIOS_cpu1.cmd" "C:/MARIUS_FINAL_PROJECT/se423_final_project/C2000Ware_4_01_00_00/libraries/dsp/FPU/c28/lib/c28x_fpu_dsp_library.lib" "C:/MARIUS_FINAL_PROJECT/se423_final_project/C2000Ware_4_01_00_00/driverlib/f2837xd/driverlib/ccs/Debug/driverlib.lib"  -llibc.a 
<Linking>
Finished building target: "FinalProjectwithCANAprilStarter.out"
 

**** Build Finished ****

**** Build of configuration CPU1_RAM for project FinalProjectwithCANAprilStarter ****

"C:\\ti\\ccs1270\\ccs\\utils\\bin\\gmake" -k -j 12 all -O 
 
Building file: "../FinalProjectwithCANAprilStarter_main.c"
Invoking: C2000 Compiler
"C:/ti/ccs1270/ccs/tools/compiler/ti-cgt-c2000_22.6.1.LTS/bin/cl2000" -v28 -ml -mt --cla_support=cla1 --float_support=fpu32 --tmu_support=tmu0 --vcu_support=vcu2 -Ooff --include_path="C:/MARIUS_FINAL_PROJECT/se423_final_project/workspace/FinalProjectwithCANAprilStarter" --include_path="C:/MARIUS_FINAL_PROJECT/se423_final_project/C2000Ware_4_01_00_00/device_support/f2837xd/common/include" --include_path="C:/MARIUS_FINAL_PROJECT/se423_final_project/C2000Ware_4_01_00_00/device_support/f2837xd/headers/include" --include_path="C:/MARIUS_FINAL_PROJECT/se423_final_project/workspace/FinalProjectwithCANAprilStarter/device" --include_path="C:/MARIUS_FINAL_PROJECT/se423_final_project/C2000Ware_4_01_00_00/driverlib/f2837xd/driverlib" --include_path="C:/MARIUS_FINAL_PROJECT/se423_final_project/C2000Ware_4_01_00_00/libraries/dsp/FPU/c28/include" --include_path="C:/ti/ccs1270/ccs/tools/compiler/ti-cgt-c2000_22.6.1.LTS/include" --define=DEBUG --define=_DUAL_HEADERS --define=CPU1 --define=_LAUNCHXL_F28379D --c11 --diag_suppress=10063 --diag_warning=225 --diag_wrap=off --display_error_number --abi=coffabi --preproc_with_compile --preproc_dependency="FinalProjectwithCANAprilStarter_main.d_raw"  "../FinalProjectwithCANAprilStarter_main.c"
"../FinalProjectwithCANAprilStarter_main.c", line 691 (col. 32): advice #2614-D: (Performance) Use --fp_mode=relaxed to enable TMU hardware support for FP division.
"../FinalProjectwithCANAprilStarter_main.c", line 973 (col. 23): advice #2614-D: (Performance) Use --fp_mode=relaxed to enable TMU hardware support for cosf.
"../FinalProjectwithCANAprilStarter_main.c", line 974 (col. 23): advice #2614-D: (Performance) Use --fp_mode=relaxed to enable TMU hardware support for sinf.
Finished building: "../FinalProjectwithCANAprilStarter_main.c"
 
Building target: "FinalProjectwithCANAprilStarter.out"
Invoking: C2000 Linker
"C:/ti/ccs1270/ccs/tools/compiler/ti-cgt-c2000_22.6.1.LTS/bin/cl2000" -v28 -ml -mt --cla_support=cla1 --float_support=fpu32 --tmu_support=tmu0 --vcu_support=vcu2 -Ooff --define=DEBUG --define=_DUAL_HEADERS --define=CPU1 --define=_LAUNCHXL_F28379D --c11 --diag_suppress=10063 --diag_warning=225 --diag_wrap=off --display_error_number --abi=coffabi -z -m"FinalProjectwithCANAprilStarter.map" --stack_size=0x800 --warn_sections -i"C:/ti/ccs1270/ccs/tools/compiler/ti-cgt-c2000_22.6.1.LTS/lib" -i"C:/ti/ccs1270/ccs/tools/compiler/ti-cgt-c2000_22.6.1.LTS/include" --reread_libs --diag_wrap=off --display_error_number --xml_link_info="FinalProjectwithCANAprilStarter_linkInfo.xml" --rom_model -o "FinalProjectwithCANAprilStarter.out" "./F28379dCAN.obj" "./F28379dSerial.obj" "./F2837xD_Adc.obj" "./F2837xD_CodeStartBranch.obj" "./F2837xD_CpuTimers.obj" "./F2837xD_DefaultISR.obj" "./F2837xD_EPwm.obj" "./F2837xD_GlobalVariableDefs.obj" "./F2837xD_Gpio.obj" "./F2837xD_PieCtrl.obj" "./F2837xD_PieVect.obj" "./F2837xD_Spi.obj" "./F2837xD_SysCtrl.obj" "./F2837xD_usDelay.obj" "./FinalProjectwithCANAprilStarter_main.obj" "./MatrixMath.obj" "./OptiTrack.obj" "./SE423Lib.obj" "./user_xy.obj" "./device/device.obj" "../2837xD_RAM_lnk_cpu1.cmd" "../F2837xD_Headers_nonBIOS_cpu1.cmd" "C:/MARIUS_FINAL_PROJECT/se423_final_project/C2000Ware_4_01_00_00/libraries/dsp/FPU/c28/lib/c28x_fpu_dsp_library.lib" "C:/MARIUS_FINAL_PROJECT/se423_final_project/C2000Ware_4_01_00_00/driverlib/f2837xd/driverlib/ccs/Debug/driverlib.lib"  -llibc.a 
<Linking>
Finished building target: "FinalProjectwithCANAprilStarter.out"
 

**** Build Finished ****

**** Build of configuration CPU1_RAM for project FinalProjectwithCANAprilStarter ****

"C:\\ti\\ccs1270\\ccs\\utils\\bin\\gmake" -k -j 12 all -O 
 
gmake[1]: 'FinalProjectwithCANAprilStarter.out' is up to date.

**** Build Finished ****

**** Build of configuration CPU1_RAM for project FinalProjectwithCANAprilStarter ****

"C:\\ti\\ccs1270\\ccs\\utils\\bin\\gmake" -k -j 12 all -O 
 
Building file: "../FinalProjectwithCANAprilStarter_main.c"
Invoking: C2000 Compiler
"C:/ti/ccs1270/ccs/tools/compiler/ti-cgt-c2000_22.6.1.LTS/bin/cl2000" -v28 -ml -mt --cla_support=cla1 --float_support=fpu32 --tmu_support=tmu0 --vcu_support=vcu2 -Ooff --include_path="C:/MARIUS_FINAL_PROJECT/se423_final_project/workspace/FinalProjectwithCANAprilStarter" --include_path="C:/MARIUS_FINAL_PROJECT/se423_final_project/C2000Ware_4_01_00_00/device_support/f2837xd/common/include" --include_path="C:/MARIUS_FINAL_PROJECT/se423_final_project/C2000Ware_4_01_00_00/device_support/f2837xd/headers/include" --include_path="C:/MARIUS_FINAL_PROJECT/se423_final_project/workspace/FinalProjectwithCANAprilStarter/device" --include_path="C:/MARIUS_FINAL_PROJECT/se423_final_project/C2000Ware_4_01_00_00/driverlib/f2837xd/driverlib" --include_path="C:/MARIUS_FINAL_PROJECT/se423_final_project/C2000Ware_4_01_00_00/libraries/dsp/FPU/c28/include" --include_path="C:/ti/ccs1270/ccs/tools/compiler/ti-cgt-c2000_22.6.1.LTS/include" --define=DEBUG --define=_DUAL_HEADERS --define=CPU1 --define=_LAUNCHXL_F28379D --c11 --diag_suppress=10063 --diag_warning=225 --diag_wrap=off --display_error_number --abi=coffabi --preproc_with_compile --preproc_dependency="FinalProjectwithCANAprilStarter_main.d_raw"  "../FinalProjectwithCANAprilStarter_main.c"
"../FinalProjectwithCANAprilStarter_main.c", line 691 (col. 32): advice #2614-D: (Performance) Use --fp_mode=relaxed to enable TMU hardware support for FP division.
"../FinalProjectwithCANAprilStarter_main.c", line 973 (col. 23): advice #2614-D: (Performance) Use --fp_mode=relaxed to enable TMU hardware support for cosf.
"../FinalProjectwithCANAprilStarter_main.c", line 974 (col. 23): advice #2614-D: (Performance) Use --fp_mode=relaxed to enable TMU hardware support for sinf.
Finished building: "../FinalProjectwithCANAprilStarter_main.c"
 
Building target: "FinalProjectwithCANAprilStarter.out"
Invoking: C2000 Linker
"C:/ti/ccs1270/ccs/tools/compiler/ti-cgt-c2000_22.6.1.LTS/bin/cl2000" -v28 -ml -mt --cla_support=cla1 --float_support=fpu32 --tmu_support=tmu0 --vcu_support=vcu2 -Ooff --define=DEBUG --define=_DUAL_HEADERS --define=CPU1 --define=_LAUNCHXL_F28379D --c11 --diag_suppress=10063 --diag_warning=225 --diag_wrap=off --display_error_number --abi=coffabi -z -m"FinalProjectwithCANAprilStarter.map" --stack_size=0x800 --warn_sections -i"C:/ti/ccs1270/ccs/tools/compiler/ti-cgt-c2000_22.6.1.LTS/lib" -i"C:/ti/ccs1270/ccs/tools/compiler/ti-cgt-c2000_22.6.1.LTS/include" --reread_libs --diag_wrap=off --display_error_number --xml_link_info="FinalProjectwithCANAprilStarter_linkInfo.xml" --rom_model -o "FinalProjectwithCANAprilStarter.out" "./F28379dCAN.obj" "./F28379dSerial.obj" "./F2837xD_Adc.obj" "./F2837xD_CodeStartBranch.obj" "./F2837xD_CpuTimers.obj" "./F2837xD_DefaultISR.obj" "./F2837xD_EPwm.obj" "./F2837xD_GlobalVariableDefs.obj" "./F2837xD_Gpio.obj" "./F2837xD_PieCtrl.obj" "./F2837xD_PieVect.obj" "./F2837xD_Spi.obj" "./F2837xD_SysCtrl.obj" "./F2837xD_usDelay.obj" "./FinalProjectwithCANAprilStarter_main.obj" "./MatrixMath.obj" "./OptiTrack.obj" "./SE423Lib.obj" "./user_xy.obj" "./device/device.obj" "../2837xD_RAM_lnk_cpu1.cmd" "../F2837xD_Headers_nonBIOS_cpu1.cmd" "C:/MARIUS_FINAL_PROJECT/se423_final_project/C2000Ware_4_01_00_00/libraries/dsp/FPU/c28/lib/c28x_fpu_dsp_library.lib" "C:/MARIUS_FINAL_PROJECT/se423_final_project/C2000Ware_4_01_00_00/driverlib/f2837xd/driverlib/ccs/Debug/driverlib.lib"  -llibc.a 
<Linking>
Finished building target: "FinalProjectwithCANAprilStarter.out"
 

**** Build Finished ****

**** Build of configuration CPU1_RAM for project FinalProjectwithCANAprilStarter ****

"C:\\ti\\ccs1270\\ccs\\utils\\bin\\gmake" -k -j 12 all -O 
 
Building file: "../FinalProjectwithCANAprilStarter_main.c"
Invoking: C2000 Compiler
"C:/ti/ccs1270/ccs/tools/compiler/ti-cgt-c2000_22.6.1.LTS/bin/cl2000" -v28 -ml -mt --cla_support=cla1 --float_support=fpu32 --tmu_support=tmu0 --vcu_support=vcu2 -Ooff --include_path="C:/MARIUS_FINAL_PROJECT/se423_final_project/workspace/FinalProjectwithCANAprilStarter" --include_path="C:/MARIUS_FINAL_PROJECT/se423_final_project/C2000Ware_4_01_00_00/device_support/f2837xd/common/include" --include_path="C:/MARIUS_FINAL_PROJECT/se423_final_project/C2000Ware_4_01_00_00/device_support/f2837xd/headers/include" --include_path="C:/MARIUS_FINAL_PROJECT/se423_final_project/workspace/FinalProjectwithCANAprilStarter/device" --include_path="C:/MARIUS_FINAL_PROJECT/se423_final_project/C2000Ware_4_01_00_00/driverlib/f2837xd/driverlib" --include_path="C:/MARIUS_FINAL_PROJECT/se423_final_project/C2000Ware_4_01_00_00/libraries/dsp/FPU/c28/include" --include_path="C:/ti/ccs1270/ccs/tools/compiler/ti-cgt-c2000_22.6.1.LTS/include" --define=DEBUG --define=_DUAL_HEADERS --define=CPU1 --define=_LAUNCHXL_F28379D --c11 --diag_suppress=10063 --diag_warning=225 --diag_wrap=off --display_error_number --abi=coffabi --preproc_with_compile --preproc_dependency="FinalProjectwithCANAprilStarter_main.d_raw"  "../FinalProjectwithCANAprilStarter_main.c"
"../FinalProjectwithCANAprilStarter_main.c", line 691 (col. 32): advice #2614-D: (Performance) Use --fp_mode=relaxed to enable TMU hardware support for FP division.
"../FinalProjectwithCANAprilStarter_main.c", line 973 (col. 23): advice #2614-D: (Performance) Use --fp_mode=relaxed to enable TMU hardware support for cosf.
"../FinalProjectwithCANAprilStarter_main.c", line 974 (col. 23): advice #2614-D: (Performance) Use --fp_mode=relaxed to enable TMU hardware support for sinf.
Finished building: "../FinalProjectwithCANAprilStarter_main.c"
 
Building target: "FinalProjectwithCANAprilStarter.out"
Invoking: C2000 Linker
"C:/ti/ccs1270/ccs/tools/compiler/ti-cgt-c2000_22.6.1.LTS/bin/cl2000" -v28 -ml -mt --cla_support=cla1 --float_support=fpu32 --tmu_support=tmu0 --vcu_support=vcu2 -Ooff --define=DEBUG --define=_DUAL_HEADERS --define=CPU1 --define=_LAUNCHXL_F28379D --c11 --diag_suppress=10063 --diag_warning=225 --diag_wrap=off --display_error_number --abi=coffabi -z -m"FinalProjectwithCANAprilStarter.map" --stack_size=0x800 --warn_sections -i"C:/ti/ccs1270/ccs/tools/compiler/ti-cgt-c2000_22.6.1.LTS/lib" -i"C:/ti/ccs1270/ccs/tools/compiler/ti-cgt-c2000_22.6.1.LTS/include" --reread_libs --diag_wrap=off --display_error_number --xml_link_info="FinalProjectwithCANAprilStarter_linkInfo.xml" --rom_model -o "FinalProjectwithCANAprilStarter.out" "./F28379dCAN.obj" "./F28379dSerial.obj" "./F2837xD_Adc.obj" "./F2837xD_CodeStartBranch.obj" "./F2837xD_CpuTimers.obj" "./F2837xD_DefaultISR.obj" "./F2837xD_EPwm.obj" "./F2837xD_GlobalVariableDefs.obj" "./F2837xD_Gpio.obj" "./F2837xD_PieCtrl.obj" "./F2837xD_PieVect.obj" "./F2837xD_Spi.obj" "./F2837xD_SysCtrl.obj" "./F2837xD_usDelay.obj" "./FinalProjectwithCANAprilStarter_main.obj" "./MatrixMath.obj" "./OptiTrack.obj" "./SE423Lib.obj" "./user_xy.obj" "./device/device.obj" "../2837xD_RAM_lnk_cpu1.cmd" "../F2837xD_Headers_nonBIOS_cpu1.cmd" "C:/MARIUS_FINAL_PROJECT/se423_final_project/C2000Ware_4_01_00_00/libraries/dsp/FPU/c28/lib/c28x_fpu_dsp_library.lib" "C:/MARIUS_FINAL_PROJECT/se423_final_project/C2000Ware_4_01_00_00/driverlib/f2837xd/driverlib/ccs/Debug/driverlib.lib"  -llibc.a 
<Linking>
Finished building target: "FinalProjectwithCANAprilStarter.out"
 

**** Build Finished ****

**** Build of configuration CPU1_RAM for project FinalProjectwithCANAprilStarter ****

"C:\\ti\\ccs1270\\ccs\\utils\\bin\\gmake" -k -j 12 all -O 
 
Building file: "../FinalProjectwithCANAprilStarter_main.c"
Invoking: C2000 Compiler
"C:/ti/ccs1270/ccs/tools/compiler/ti-cgt-c2000_22.6.1.LTS/bin/cl2000" -v28 -ml -mt --cla_support=cla1 --float_support=fpu32 --tmu_support=tmu0 --vcu_support=vcu2 -Ooff --include_path="C:/MARIUS_FINAL_PROJECT/se423_final_project/workspace/FinalProjectwithCANAprilStarter" --include_path="C:/MARIUS_FINAL_PROJECT/se423_final_project/C2000Ware_4_01_00_00/device_support/f2837xd/common/include" --include_path="C:/MARIUS_FINAL_PROJECT/se423_final_project/C2000Ware_4_01_00_00/device_support/f2837xd/headers/include" --include_path="C:/MARIUS_FINAL_PROJECT/se423_final_project/workspace/FinalProjectwithCANAprilStarter/device" --include_path="C:/MARIUS_FINAL_PROJECT/se423_final_project/C2000Ware_4_01_00_00/driverlib/f2837xd/driverlib" --include_path="C:/MARIUS_FINAL_PROJECT/se423_final_project/C2000Ware_4_01_00_00/libraries/dsp/FPU/c28/include" --include_path="C:/ti/ccs1270/ccs/tools/compiler/ti-cgt-c2000_22.6.1.LTS/include" --define=DEBUG --define=_DUAL_HEADERS --define=CPU1 --define=_LAUNCHXL_F28379D --c11 --diag_suppress=10063 --diag_warning=225 --diag_wrap=off --display_error_number --abi=coffabi --preproc_with_compile --preproc_dependency="FinalProjectwithCANAprilStarter_main.d_raw"  "../FinalProjectwithCANAprilStarter_main.c"
"../FinalProjectwithCANAprilStarter_main.c", line 702 (col. 32): advice #2614-D: (Performance) Use --fp_mode=relaxed to enable TMU hardware support for FP division.
"../FinalProjectwithCANAprilStarter_main.c", line 984 (col. 23): advice #2614-D: (Performance) Use --fp_mode=relaxed to enable TMU hardware support for cosf.
"../FinalProjectwithCANAprilStarter_main.c", line 985 (col. 23): advice #2614-D: (Performance) Use --fp_mode=relaxed to enable TMU hardware support for sinf.
Finished building: "../FinalProjectwithCANAprilStarter_main.c"
 
Building target: "FinalProjectwithCANAprilStarter.out"
Invoking: C2000 Linker
"C:/ti/ccs1270/ccs/tools/compiler/ti-cgt-c2000_22.6.1.LTS/bin/cl2000" -v28 -ml -mt --cla_support=cla1 --float_support=fpu32 --tmu_support=tmu0 --vcu_support=vcu2 -Ooff --define=DEBUG --define=_DUAL_HEADERS --define=CPU1 --define=_LAUNCHXL_F28379D --c11 --diag_suppress=10063 --diag_warning=225 --diag_wrap=off --display_error_number --abi=coffabi -z -m"FinalProjectwithCANAprilStarter.map" --stack_size=0x800 --warn_sections -i"C:/ti/ccs1270/ccs/tools/compiler/ti-cgt-c2000_22.6.1.LTS/lib" -i"C:/ti/ccs1270/ccs/tools/compiler/ti-cgt-c2000_22.6.1.LTS/include" --reread_libs --diag_wrap=off --display_error_number --xml_link_info="FinalProjectwithCANAprilStarter_linkInfo.xml" --rom_model -o "FinalProjectwithCANAprilStarter.out" "./F28379dCAN.obj" "./F28379dSerial.obj" "./F2837xD_Adc.obj" "./F2837xD_CodeStartBranch.obj" "./F2837xD_CpuTimers.obj" "./F2837xD_DefaultISR.obj" "./F2837xD_EPwm.obj" "./F2837xD_GlobalVariableDefs.obj" "./F2837xD_Gpio.obj" "./F2837xD_PieCtrl.obj" "./F2837xD_PieVect.obj" "./F2837xD_Spi.obj" "./F2837xD_SysCtrl.obj" "./F2837xD_usDelay.obj" "./FinalProjectwithCANAprilStarter_main.obj" "./MatrixMath.obj" "./OptiTrack.obj" "./SE423Lib.obj" "./user_xy.obj" "./device/device.obj" "../2837xD_RAM_lnk_cpu1.cmd" "../F2837xD_Headers_nonBIOS_cpu1.cmd" "C:/MARIUS_FINAL_PROJECT/se423_final_project/C2000Ware_4_01_00_00/libraries/dsp/FPU/c28/lib/c28x_fpu_dsp_library.lib" "C:/MARIUS_FINAL_PROJECT/se423_final_project/C2000Ware_4_01_00_00/driverlib/f2837xd/driverlib/ccs/Debug/driverlib.lib"  -llibc.a 
<Linking>
Finished building target: "FinalProjectwithCANAprilStarter.out"
 

**** Build Finished ****

**** Build of configuration CPU1_FLASH for project FinalProjectwithCANAprilStarter ****

"C:\\ti\\ccs1270\\ccs\\utils\\bin\\gmake" -k -j 12 all -O 
 
Building file: "../F2837xD_CodeStartBranch.asm"
Invoking: C2000 Compiler
"C:/ti/ccs1270/ccs/tools/compiler/ti-cgt-c2000_22.6.1.LTS/bin/cl2000" -v28 -ml -mt --cla_support=cla1 --float_support=fpu32 --tmu_support=tmu0 --vcu_support=vcu2 -Ooff --include_path="C:/MARIUS_FINAL_PROJECT/se423_final_project/workspace/FinalProjectwithCANAprilStarter" --include_path="C:/MARIUS_FINAL_PROJECT/se423_final_project/C2000Ware_4_01_00_00/device_support/f2837xd/common/include" --include_path="C:/MARIUS_FINAL_PROJECT/se423_final_project/C2000Ware_4_01_00_00/device_support/f2837xd/headers/include" --include_path="C:/MARIUS_FINAL_PROJECT/se423_final_project/workspace/FinalProjectwithCANAprilStarter/device" --include_path="C:/MARIUS_FINAL_PROJECT/se423_final_project/C2000Ware_4_01_00_00/driverlib/f2837xd/driverlib" --include_path="C:/MARIUS_FINAL_PROJECT/se423_final_project/C2000Ware_4_01_00_00/libraries/dsp/FPU/c28/include" --include_path="C:/ti/ccs1270/ccs/tools/compiler/ti-cgt-c2000_22.6.1.LTS/include" --define=DEBUG --define=_FLASH --define=_LAUNCHXL_F28379D --define=_DUAL_HEADERS --define=CPU1 --c11 --diag_suppress=10063 --diag_warning=225 --diag_wrap=off --display_error_number --abi=coffabi --preproc_with_compile --preproc_dependency="F2837xD_CodeStartBranch.d_raw"  "../F2837xD_CodeStartBranch.asm"
Finished building: "../F2837xD_CodeStartBranch.asm"
 
Building file: "../F2837xD_Adc.c"
Invoking: C2000 Compiler
"C:/ti/ccs1270/ccs/tools/compiler/ti-cgt-c2000_22.6.1.LTS/bin/cl2000" -v28 -ml -mt --cla_support=cla1 --float_support=fpu32 --tmu_support=tmu0 --vcu_support=vcu2 -Ooff --include_path="C:/MARIUS_FINAL_PROJECT/se423_final_project/workspace/FinalProjectwithCANAprilStarter" --include_path="C:/MARIUS_FINAL_PROJECT/se423_final_project/C2000Ware_4_01_00_00/device_support/f2837xd/common/include" --include_path="C:/MARIUS_FINAL_PROJECT/se423_final_project/C2000Ware_4_01_00_00/device_support/f2837xd/headers/include" --include_path="C:/MARIUS_FINAL_PROJECT/se423_final_project/workspace/FinalProjectwithCANAprilStarter/device" --include_path="C:/MARIUS_FINAL_PROJECT/se423_final_project/C2000Ware_4_01_00_00/driverlib/f2837xd/driverlib" --include_path="C:/MARIUS_FINAL_PROJECT/se423_final_project/C2000Ware_4_01_00_00/libraries/dsp/FPU/c28/include" --include_path="C:/ti/ccs1270/ccs/tools/compiler/ti-cgt-c2000_22.6.1.LTS/include" --define=DEBUG --define=_FLASH --define=_LAUNCHXL_F28379D --define=_DUAL_HEADERS --define=CPU1 --c11 --diag_suppress=10063 --diag_warning=225 --diag_wrap=off --display_error_number --abi=coffabi --preproc_with_compile --preproc_dependency="F2837xD_Adc.d_raw"  "../F2837xD_Adc.c"
Finished building: "../F2837xD_Adc.c"
 
Building file: "../F28379dCAN.c"
Invoking: C2000 Compiler
"C:/ti/ccs1270/ccs/tools/compiler/ti-cgt-c2000_22.6.1.LTS/bin/cl2000" -v28 -ml -mt --cla_support=cla1 --float_support=fpu32 --tmu_support=tmu0 --vcu_support=vcu2 -Ooff --include_path="C:/MARIUS_FINAL_PROJECT/se423_final_project/workspace/FinalProjectwithCANAprilStarter" --include_path="C:/MARIUS_FINAL_PROJECT/se423_final_project/C2000Ware_4_01_00_00/device_support/f2837xd/common/include" --include_path="C:/MARIUS_FINAL_PROJECT/se423_final_project/C2000Ware_4_01_00_00/device_support/f2837xd/headers/include" --include_path="C:/MARIUS_FINAL_PROJECT/se423_final_project/workspace/FinalProjectwithCANAprilStarter/device" --include_path="C:/MARIUS_FINAL_PROJECT/se423_final_project/C2000Ware_4_01_00_00/driverlib/f2837xd/driverlib" --include_path="C:/MARIUS_FINAL_PROJECT/se423_final_project/C2000Ware_4_01_00_00/libraries/dsp/FPU/c28/include" --include_path="C:/ti/ccs1270/ccs/tools/compiler/ti-cgt-c2000_22.6.1.LTS/include" --define=DEBUG --define=_FLASH --define=_LAUNCHXL_F28379D --define=_DUAL_HEADERS --define=CPU1 --c11 --diag_suppress=10063 --diag_warning=225 --diag_wrap=off --display_error_number --abi=coffabi --preproc_with_compile --preproc_dependency="F28379dCAN.d_raw"  "../F28379dCAN.c"
Finished building: "../F28379dCAN.c"
 
Building file: "../F2837xD_CpuTimers.c"
Invoking: C2000 Compiler
"C:/ti/ccs1270/ccs/tools/compiler/ti-cgt-c2000_22.6.1.LTS/bin/cl2000" -v28 -ml -mt --cla_support=cla1 --float_support=fpu32 --tmu_support=tmu0 --vcu_support=vcu2 -Ooff --include_path="C:/MARIUS_FINAL_PROJECT/se423_final_project/workspace/FinalProjectwithCANAprilStarter" --include_path="C:/MARIUS_FINAL_PROJECT/se423_final_project/C2000Ware_4_01_00_00/device_support/f2837xd/common/include" --include_path="C:/MARIUS_FINAL_PROJECT/se423_final_project/C2000Ware_4_01_00_00/device_support/f2837xd/headers/include" --include_path="C:/MARIUS_FINAL_PROJECT/se423_final_project/workspace/FinalProjectwithCANAprilStarter/device" --include_path="C:/MARIUS_FINAL_PROJECT/se423_final_project/C2000Ware_4_01_00_00/driverlib/f2837xd/driverlib" --include_path="C:/MARIUS_FINAL_PROJECT/se423_final_project/C2000Ware_4_01_00_00/libraries/dsp/FPU/c28/include" --include_path="C:/ti/ccs1270/ccs/tools/compiler/ti-cgt-c2000_22.6.1.LTS/include" --define=DEBUG --define=_FLASH --define=_LAUNCHXL_F28379D --define=_DUAL_HEADERS --define=CPU1 --c11 --diag_suppress=10063 --diag_warning=225 --diag_wrap=off --display_error_number --abi=coffabi --preproc_with_compile --preproc_dependency="F2837xD_CpuTimers.d_raw"  "../F2837xD_CpuTimers.c"
Finished building: "../F2837xD_CpuTimers.c"
 
Building file: "../F2837xD_DefaultISR.c"
Invoking: C2000 Compiler
"C:/ti/ccs1270/ccs/tools/compiler/ti-cgt-c2000_22.6.1.LTS/bin/cl2000" -v28 -ml -mt --cla_support=cla1 --float_support=fpu32 --tmu_support=tmu0 --vcu_support=vcu2 -Ooff --include_path="C:/MARIUS_FINAL_PROJECT/se423_final_project/workspace/FinalProjectwithCANAprilStarter" --include_path="C:/MARIUS_FINAL_PROJECT/se423_final_project/C2000Ware_4_01_00_00/device_support/f2837xd/common/include" --include_path="C:/MARIUS_FINAL_PROJECT/se423_final_project/C2000Ware_4_01_00_00/device_support/f2837xd/headers/include" --include_path="C:/MARIUS_FINAL_PROJECT/se423_final_project/workspace/FinalProjectwithCANAprilStarter/device" --include_path="C:/MARIUS_FINAL_PROJECT/se423_final_project/C2000Ware_4_01_00_00/driverlib/f2837xd/driverlib" --include_path="C:/MARIUS_FINAL_PROJECT/se423_final_project/C2000Ware_4_01_00_00/libraries/dsp/FPU/c28/include" --include_path="C:/ti/ccs1270/ccs/tools/compiler/ti-cgt-c2000_22.6.1.LTS/include" --define=DEBUG --define=_FLASH --define=_LAUNCHXL_F28379D --define=_DUAL_HEADERS --define=CPU1 --c11 --diag_suppress=10063 --diag_warning=225 --diag_wrap=off --display_error_number --abi=coffabi --preproc_with_compile --preproc_dependency="F2837xD_DefaultISR.d_raw"  "../F2837xD_DefaultISR.c"
Finished building: "../F2837xD_DefaultISR.c"
 
Building file: "../F28379dSerial.c"
Invoking: C2000 Compiler
"C:/ti/ccs1270/ccs/tools/compiler/ti-cgt-c2000_22.6.1.LTS/bin/cl2000" -v28 -ml -mt --cla_support=cla1 --float_support=fpu32 --tmu_support=tmu0 --vcu_support=vcu2 -Ooff --include_path="C:/MARIUS_FINAL_PROJECT/se423_final_project/workspace/FinalProjectwithCANAprilStarter" --include_path="C:/MARIUS_FINAL_PROJECT/se423_final_project/C2000Ware_4_01_00_00/device_support/f2837xd/common/include" --include_path="C:/MARIUS_FINAL_PROJECT/se423_final_project/C2000Ware_4_01_00_00/device_support/f2837xd/headers/include" --include_path="C:/MARIUS_FINAL_PROJECT/se423_final_project/workspace/FinalProjectwithCANAprilStarter/device" --include_path="C:/MARIUS_FINAL_PROJECT/se423_final_project/C2000Ware_4_01_00_00/driverlib/f2837xd/driverlib" --include_path="C:/MARIUS_FINAL_PROJECT/se423_final_project/C2000Ware_4_01_00_00/libraries/dsp/FPU/c28/include" --include_path="C:/ti/ccs1270/ccs/tools/compiler/ti-cgt-c2000_22.6.1.LTS/include" --define=DEBUG --define=_FLASH --define=_LAUNCHXL_F28379D --define=_DUAL_HEADERS --define=CPU1 --c11 --diag_suppress=10063 --diag_warning=225 --diag_wrap=off --display_error_number --abi=coffabi --preproc_with_compile --preproc_dependency="F28379dSerial.d_raw"  "../F28379dSerial.c"
Finished building: "../F28379dSerial.c"
 
Building file: "../F2837xD_EPwm.c"
Invoking: C2000 Compiler
"C:/ti/ccs1270/ccs/tools/compiler/ti-cgt-c2000_22.6.1.LTS/bin/cl2000" -v28 -ml -mt --cla_support=cla1 --float_support=fpu32 --tmu_support=tmu0 --vcu_support=vcu2 -Ooff --include_path="C:/MARIUS_FINAL_PROJECT/se423_final_project/workspace/FinalProjectwithCANAprilStarter" --include_path="C:/MARIUS_FINAL_PROJECT/se423_final_project/C2000Ware_4_01_00_00/device_support/f2837xd/common/include" --include_path="C:/MARIUS_FINAL_PROJECT/se423_final_project/C2000Ware_4_01_00_00/device_support/f2837xd/headers/include" --include_path="C:/MARIUS_FINAL_PROJECT/se423_final_project/workspace/FinalProjectwithCANAprilStarter/device" --include_path="C:/MARIUS_FINAL_PROJECT/se423_final_project/C2000Ware_4_01_00_00/driverlib/f2837xd/driverlib" --include_path="C:/MARIUS_FINAL_PROJECT/se423_final_project/C2000Ware_4_01_00_00/libraries/dsp/FPU/c28/include" --include_path="C:/ti/ccs1270/ccs/tools/compiler/ti-cgt-c2000_22.6.1.LTS/include" --define=DEBUG --define=_FLASH --define=_LAUNCHXL_F28379D --define=_DUAL_HEADERS --define=CPU1 --c11 --diag_suppress=10063 --diag_warning=225 --diag_wrap=off --display_error_number --abi=coffabi --preproc_with_compile --preproc_dependency="F2837xD_EPwm.d_raw"  "../F2837xD_EPwm.c"
Finished building: "../F2837xD_EPwm.c"
 
Building file: "../F2837xD_PieCtrl.c"
Invoking: C2000 Compiler
"C:/ti/ccs1270/ccs/tools/compiler/ti-cgt-c2000_22.6.1.LTS/bin/cl2000" -v28 -ml -mt --cla_support=cla1 --float_support=fpu32 --tmu_support=tmu0 --vcu_support=vcu2 -Ooff --include_path="C:/MARIUS_FINAL_PROJECT/se423_final_project/workspace/FinalProjectwithCANAprilStarter" --include_path="C:/MARIUS_FINAL_PROJECT/se423_final_project/C2000Ware_4_01_00_00/device_support/f2837xd/common/include" --include_path="C:/MARIUS_FINAL_PROJECT/se423_final_project/C2000Ware_4_01_00_00/device_support/f2837xd/headers/include" --include_path="C:/MARIUS_FINAL_PROJECT/se423_final_project/workspace/FinalProjectwithCANAprilStarter/device" --include_path="C:/MARIUS_FINAL_PROJECT/se423_final_project/C2000Ware_4_01_00_00/driverlib/f2837xd/driverlib" --include_path="C:/MARIUS_FINAL_PROJECT/se423_final_project/C2000Ware_4_01_00_00/libraries/dsp/FPU/c28/include" --include_path="C:/ti/ccs1270/ccs/tools/compiler/ti-cgt-c2000_22.6.1.LTS/include" --define=DEBUG --define=_FLASH --define=_LAUNCHXL_F28379D --define=_DUAL_HEADERS --define=CPU1 --c11 --diag_suppress=10063 --diag_warning=225 --diag_wrap=off --display_error_number --abi=coffabi --preproc_with_compile --preproc_dependency="F2837xD_PieCtrl.d_raw"  "../F2837xD_PieCtrl.c"
Finished building: "../F2837xD_PieCtrl.c"
 
Building file: "../F2837xD_PieVect.c"
Invoking: C2000 Compiler
"C:/ti/ccs1270/ccs/tools/compiler/ti-cgt-c2000_22.6.1.LTS/bin/cl2000" -v28 -ml -mt --cla_support=cla1 --float_support=fpu32 --tmu_support=tmu0 --vcu_support=vcu2 -Ooff --include_path="C:/MARIUS_FINAL_PROJECT/se423_final_project/workspace/FinalProjectwithCANAprilStarter" --include_path="C:/MARIUS_FINAL_PROJECT/se423_final_project/C2000Ware_4_01_00_00/device_support/f2837xd/common/include" --include_path="C:/MARIUS_FINAL_PROJECT/se423_final_project/C2000Ware_4_01_00_00/device_support/f2837xd/headers/include" --include_path="C:/MARIUS_FINAL_PROJECT/se423_final_project/workspace/FinalProjectwithCANAprilStarter/device" --include_path="C:/MARIUS_FINAL_PROJECT/se423_final_project/C2000Ware_4_01_00_00/driverlib/f2837xd/driverlib" --include_path="C:/MARIUS_FINAL_PROJECT/se423_final_project/C2000Ware_4_01_00_00/libraries/dsp/FPU/c28/include" --include_path="C:/ti/ccs1270/ccs/tools/compiler/ti-cgt-c2000_22.6.1.LTS/include" --define=DEBUG --define=_FLASH --define=_LAUNCHXL_F28379D --define=_DUAL_HEADERS --define=CPU1 --c11 --diag_suppress=10063 --diag_warning=225 --diag_wrap=off --display_error_number --abi=coffabi --preproc_with_compile --preproc_dependency="F2837xD_PieVect.d_raw"  "../F2837xD_PieVect.c"
Finished building: "../F2837xD_PieVect.c"
 
Building file: "../F2837xD_Gpio.c"
Invoking: C2000 Compiler
"C:/ti/ccs1270/ccs/tools/compiler/ti-cgt-c2000_22.6.1.LTS/bin/cl2000" -v28 -ml -mt --cla_support=cla1 --float_support=fpu32 --tmu_support=tmu0 --vcu_support=vcu2 -Ooff --include_path="C:/MARIUS_FINAL_PROJECT/se423_final_project/workspace/FinalProjectwithCANAprilStarter" --include_path="C:/MARIUS_FINAL_PROJECT/se423_final_project/C2000Ware_4_01_00_00/device_support/f2837xd/common/include" --include_path="C:/MARIUS_FINAL_PROJECT/se423_final_project/C2000Ware_4_01_00_00/device_support/f2837xd/headers/include" --include_path="C:/MARIUS_FINAL_PROJECT/se423_final_project/workspace/FinalProjectwithCANAprilStarter/device" --include_path="C:/MARIUS_FINAL_PROJECT/se423_final_project/C2000Ware_4_01_00_00/driverlib/f2837xd/driverlib" --include_path="C:/MARIUS_FINAL_PROJECT/se423_final_project/C2000Ware_4_01_00_00/libraries/dsp/FPU/c28/include" --include_path="C:/ti/ccs1270/ccs/tools/compiler/ti-cgt-c2000_22.6.1.LTS/include" --define=DEBUG --define=_FLASH --define=_LAUNCHXL_F28379D --define=_DUAL_HEADERS --define=CPU1 --c11 --diag_suppress=10063 --diag_warning=225 --diag_wrap=off --display_error_number --abi=coffabi --preproc_with_compile --preproc_dependency="F2837xD_Gpio.d_raw"  "../F2837xD_Gpio.c"
Finished building: "../F2837xD_Gpio.c"
 
Building file: "../F2837xD_usDelay.asm"
Invoking: C2000 Compiler
"C:/ti/ccs1270/ccs/tools/compiler/ti-cgt-c2000_22.6.1.LTS/bin/cl2000" -v28 -ml -mt --cla_support=cla1 --float_support=fpu32 --tmu_support=tmu0 --vcu_support=vcu2 -Ooff --include_path="C:/MARIUS_FINAL_PROJECT/se423_final_project/workspace/FinalProjectwithCANAprilStarter" --include_path="C:/MARIUS_FINAL_PROJECT/se423_final_project/C2000Ware_4_01_00_00/device_support/f2837xd/common/include" --include_path="C:/MARIUS_FINAL_PROJECT/se423_final_project/C2000Ware_4_01_00_00/device_support/f2837xd/headers/include" --include_path="C:/MARIUS_FINAL_PROJECT/se423_final_project/workspace/FinalProjectwithCANAprilStarter/device" --include_path="C:/MARIUS_FINAL_PROJECT/se423_final_project/C2000Ware_4_01_00_00/driverlib/f2837xd/driverlib" --include_path="C:/MARIUS_FINAL_PROJECT/se423_final_project/C2000Ware_4_01_00_00/libraries/dsp/FPU/c28/include" --include_path="C:/ti/ccs1270/ccs/tools/compiler/ti-cgt-c2000_22.6.1.LTS/include" --define=DEBUG --define=_FLASH --define=_LAUNCHXL_F28379D --define=_DUAL_HEADERS --define=CPU1 --c11 --diag_suppress=10063 --diag_warning=225 --diag_wrap=off --display_error_number --abi=coffabi --preproc_with_compile --preproc_dependency="F2837xD_usDelay.d_raw"  "../F2837xD_usDelay.asm"
Finished building: "../F2837xD_usDelay.asm"
 
Building file: "../F2837xD_Spi.c"
Invoking: C2000 Compiler
"C:/ti/ccs1270/ccs/tools/compiler/ti-cgt-c2000_22.6.1.LTS/bin/cl2000" -v28 -ml -mt --cla_support=cla1 --float_support=fpu32 --tmu_support=tmu0 --vcu_support=vcu2 -Ooff --include_path="C:/MARIUS_FINAL_PROJECT/se423_final_project/workspace/FinalProjectwithCANAprilStarter" --include_path="C:/MARIUS_FINAL_PROJECT/se423_final_project/C2000Ware_4_01_00_00/device_support/f2837xd/common/include" --include_path="C:/MARIUS_FINAL_PROJECT/se423_final_project/C2000Ware_4_01_00_00/device_support/f2837xd/headers/include" --include_path="C:/MARIUS_FINAL_PROJECT/se423_final_project/workspace/FinalProjectwithCANAprilStarter/device" --include_path="C:/MARIUS_FINAL_PROJECT/se423_final_project/C2000Ware_4_01_00_00/driverlib/f2837xd/driverlib" --include_path="C:/MARIUS_FINAL_PROJECT/se423_final_project/C2000Ware_4_01_00_00/libraries/dsp/FPU/c28/include" --include_path="C:/ti/ccs1270/ccs/tools/compiler/ti-cgt-c2000_22.6.1.LTS/include" --define=DEBUG --define=_FLASH --define=_LAUNCHXL_F28379D --define=_DUAL_HEADERS --define=CPU1 --c11 --diag_suppress=10063 --diag_warning=225 --diag_wrap=off --display_error_number --abi=coffabi --preproc_with_compile --preproc_dependency="F2837xD_Spi.d_raw"  "../F2837xD_Spi.c"
Finished building: "../F2837xD_Spi.c"
 
Building file: "../F2837xD_SysCtrl.c"
Invoking: C2000 Compiler
"C:/ti/ccs1270/ccs/tools/compiler/ti-cgt-c2000_22.6.1.LTS/bin/cl2000" -v28 -ml -mt --cla_support=cla1 --float_support=fpu32 --tmu_support=tmu0 --vcu_support=vcu2 -Ooff --include_path="C:/MARIUS_FINAL_PROJECT/se423_final_project/workspace/FinalProjectwithCANAprilStarter" --include_path="C:/MARIUS_FINAL_PROJECT/se423_final_project/C2000Ware_4_01_00_00/device_support/f2837xd/common/include" --include_path="C:/MARIUS_FINAL_PROJECT/se423_final_project/C2000Ware_4_01_00_00/device_support/f2837xd/headers/include" --include_path="C:/MARIUS_FINAL_PROJECT/se423_final_project/workspace/FinalProjectwithCANAprilStarter/device" --include_path="C:/MARIUS_FINAL_PROJECT/se423_final_project/C2000Ware_4_01_00_00/driverlib/f2837xd/driverlib" --include_path="C:/MARIUS_FINAL_PROJECT/se423_final_project/C2000Ware_4_01_00_00/libraries/dsp/FPU/c28/include" --include_path="C:/ti/ccs1270/ccs/tools/compiler/ti-cgt-c2000_22.6.1.LTS/include" --define=DEBUG --define=_FLASH --define=_LAUNCHXL_F28379D --define=_DUAL_HEADERS --define=CPU1 --c11 --diag_suppress=10063 --diag_warning=225 --diag_wrap=off --display_error_number --abi=coffabi --preproc_with_compile --preproc_dependency="F2837xD_SysCtrl.d_raw"  "../F2837xD_SysCtrl.c"
"../F2837xD_SysCtrl.c", line 837 (col. 47): advice #2614-D: (Performance) Use --fp_mode=relaxed to enable TMU hardware support for FP division.
Finished building: "../F2837xD_SysCtrl.c"
 
Building file: "../F2837xD_GlobalVariableDefs.c"
Invoking: C2000 Compiler
"C:/ti/ccs1270/ccs/tools/compiler/ti-cgt-c2000_22.6.1.LTS/bin/cl2000" -v28 -ml -mt --cla_support=cla1 --float_support=fpu32 --tmu_support=tmu0 --vcu_support=vcu2 -Ooff --include_path="C:/MARIUS_FINAL_PROJECT/se423_final_project/workspace/FinalProjectwithCANAprilStarter" --include_path="C:/MARIUS_FINAL_PROJECT/se423_final_project/C2000Ware_4_01_00_00/device_support/f2837xd/common/include" --include_path="C:/MARIUS_FINAL_PROJECT/se423_final_project/C2000Ware_4_01_00_00/device_support/f2837xd/headers/include" --include_path="C:/MARIUS_FINAL_PROJECT/se423_final_project/workspace/FinalProjectwithCANAprilStarter/device" --include_path="C:/MARIUS_FINAL_PROJECT/se423_final_project/C2000Ware_4_01_00_00/driverlib/f2837xd/driverlib" --include_path="C:/MARIUS_FINAL_PROJECT/se423_final_project/C2000Ware_4_01_00_00/libraries/dsp/FPU/c28/include" --include_path="C:/ti/ccs1270/ccs/tools/compiler/ti-cgt-c2000_22.6.1.LTS/include" --define=DEBUG --define=_FLASH --define=_LAUNCHXL_F28379D --define=_DUAL_HEADERS --define=CPU1 --c11 --diag_suppress=10063 --diag_warning=225 --diag_wrap=off --display_error_number --abi=coffabi --preproc_with_compile --preproc_dependency="F2837xD_GlobalVariableDefs.d_raw"  "../F2837xD_GlobalVariableDefs.c"
Finished building: "../F2837xD_GlobalVariableDefs.c"
 
Building file: "../OptiTrack.c"
Invoking: C2000 Compiler
"C:/ti/ccs1270/ccs/tools/compiler/ti-cgt-c2000_22.6.1.LTS/bin/cl2000" -v28 -ml -mt --cla_support=cla1 --float_support=fpu32 --tmu_support=tmu0 --vcu_support=vcu2 -Ooff --include_path="C:/MARIUS_FINAL_PROJECT/se423_final_project/workspace/FinalProjectwithCANAprilStarter" --include_path="C:/MARIUS_FINAL_PROJECT/se423_final_project/C2000Ware_4_01_00_00/device_support/f2837xd/common/include" --include_path="C:/MARIUS_FINAL_PROJECT/se423_final_project/C2000Ware_4_01_00_00/device_support/f2837xd/headers/include" --include_path="C:/MARIUS_FINAL_PROJECT/se423_final_project/workspace/FinalProjectwithCANAprilStarter/device" --include_path="C:/MARIUS_FINAL_PROJECT/se423_final_project/C2000Ware_4_01_00_00/driverlib/f2837xd/driverlib" --include_path="C:/MARIUS_FINAL_PROJECT/se423_final_project/C2000Ware_4_01_00_00/libraries/dsp/FPU/c28/include" --include_path="C:/ti/ccs1270/ccs/tools/compiler/ti-cgt-c2000_22.6.1.LTS/include" --define=DEBUG --define=_FLASH --define=_LAUNCHXL_F28379D --define=_DUAL_HEADERS --define=CPU1 --c11 --diag_suppress=10063 --diag_warning=225 --diag_wrap=off --display_error_number --abi=coffabi --preproc_with_compile --preproc_dependency="OptiTrack.d_raw"  "../OptiTrack.c"
"../OptiTrack.c", line 66 (col. 81): advice #2614-D: (Performance) Use --fp_mode=relaxed to enable TMU hardware support for FP division.
Finished building: "../OptiTrack.c"
 
Building file: "../MatrixMath.c"
Invoking: C2000 Compiler
"C:/ti/ccs1270/ccs/tools/compiler/ti-cgt-c2000_22.6.1.LTS/bin/cl2000" -v28 -ml -mt --cla_support=cla1 --float_support=fpu32 --tmu_support=tmu0 --vcu_support=vcu2 -Ooff --include_path="C:/MARIUS_FINAL_PROJECT/se423_final_project/workspace/FinalProjectwithCANAprilStarter" --include_path="C:/MARIUS_FINAL_PROJECT/se423_final_project/C2000Ware_4_01_00_00/device_support/f2837xd/common/include" --include_path="C:/MARIUS_FINAL_PROJECT/se423_final_project/C2000Ware_4_01_00_00/device_support/f2837xd/headers/include" --include_path="C:/MARIUS_FINAL_PROJECT/se423_final_project/workspace/FinalProjectwithCANAprilStarter/device" --include_path="C:/MARIUS_FINAL_PROJECT/se423_final_project/C2000Ware_4_01_00_00/driverlib/f2837xd/driverlib" --include_path="C:/MARIUS_FINAL_PROJECT/se423_final_project/C2000Ware_4_01_00_00/libraries/dsp/FPU/c28/include" --include_path="C:/ti/ccs1270/ccs/tools/compiler/ti-cgt-c2000_22.6.1.LTS/include" --define=DEBUG --define=_FLASH --define=_LAUNCHXL_F28379D --define=_DUAL_HEADERS --define=CPU1 --c11 --diag_suppress=10063 --diag_warning=225 --diag_wrap=off --display_error_number --abi=coffabi --preproc_with_compile --preproc_dependency="MatrixMath.d_raw"  "../MatrixMath.c"
"../MatrixMath.c", line 39 (col. 19): advice #2614-D: (Performance) Use --fp_mode=relaxed to enable TMU hardware support for FP division.
Finished building: "../MatrixMath.c"
 
Building file: "../user_xy.c"
Invoking: C2000 Compiler
"C:/ti/ccs1270/ccs/tools/compiler/ti-cgt-c2000_22.6.1.LTS/bin/cl2000" -v28 -ml -mt --cla_support=cla1 --float_support=fpu32 --tmu_support=tmu0 --vcu_support=vcu2 -Ooff --include_path="C:/MARIUS_FINAL_PROJECT/se423_final_project/workspace/FinalProjectwithCANAprilStarter" --include_path="C:/MARIUS_FINAL_PROJECT/se423_final_project/C2000Ware_4_01_00_00/device_support/f2837xd/common/include" --include_path="C:/MARIUS_FINAL_PROJECT/se423_final_project/C2000Ware_4_01_00_00/device_support/f2837xd/headers/include" --include_path="C:/MARIUS_FINAL_PROJECT/se423_final_project/workspace/FinalProjectwithCANAprilStarter/device" --include_path="C:/MARIUS_FINAL_PROJECT/se423_final_project/C2000Ware_4_01_00_00/driverlib/f2837xd/driverlib" --include_path="C:/MARIUS_FINAL_PROJECT/se423_final_project/C2000Ware_4_01_00_00/libraries/dsp/FPU/c28/include" --include_path="C:/ti/ccs1270/ccs/tools/compiler/ti-cgt-c2000_22.6.1.LTS/include" --define=DEBUG --define=_FLASH --define=_LAUNCHXL_F28379D --define=_DUAL_HEADERS --define=CPU1 --c11 --diag_suppress=10063 --diag_warning=225 --diag_wrap=off --display_error_number --abi=coffabi --preproc_with_compile --preproc_dependency="user_xy.d_raw"  "../user_xy.c"
"../user_xy.c", line 58 (col. 15): advice #2614-D: (Performance) Use --fp_mode=relaxed to enable TMU hardware support for atan2f.
"../user_xy.c", line 74 (col. 49): advice #2614-D: (Performance) Use --fp_mode=relaxed to enable TMU hardware support for FP division.
"../user_xy.c", line 83 (col. 14): advice #2614-D: (Performance) Use --fp_mode=relaxed to enable TMU hardware support for sqrtf.
Finished building: "../user_xy.c"
 
Building file: "../device/device.c"
Invoking: C2000 Compiler
"C:/ti/ccs1270/ccs/tools/compiler/ti-cgt-c2000_22.6.1.LTS/bin/cl2000" -v28 -ml -mt --cla_support=cla1 --float_support=fpu32 --tmu_support=tmu0 --vcu_support=vcu2 -Ooff --include_path="C:/MARIUS_FINAL_PROJECT/se423_final_project/workspace/FinalProjectwithCANAprilStarter" --include_path="C:/MARIUS_FINAL_PROJECT/se423_final_project/C2000Ware_4_01_00_00/device_support/f2837xd/common/include" --include_path="C:/MARIUS_FINAL_PROJECT/se423_final_project/C2000Ware_4_01_00_00/device_support/f2837xd/headers/include" --include_path="C:/MARIUS_FINAL_PROJECT/se423_final_project/workspace/FinalProjectwithCANAprilStarter/device" --include_path="C:/MARIUS_FINAL_PROJECT/se423_final_project/C2000Ware_4_01_00_00/driverlib/f2837xd/driverlib" --include_path="C:/MARIUS_FINAL_PROJECT/se423_final_project/C2000Ware_4_01_00_00/libraries/dsp/FPU/c28/include" --include_path="C:/ti/ccs1270/ccs/tools/compiler/ti-cgt-c2000_22.6.1.LTS/include" --define=DEBUG --define=_FLASH --define=_LAUNCHXL_F28379D --define=_DUAL_HEADERS --define=CPU1 --c11 --diag_suppress=10063 --diag_warning=225 --diag_wrap=off --display_error_number --abi=coffabi --preproc_with_compile --preproc_dependency="device/device.d_raw" --obj_directory="device"  "../device/device.c"
Finished building: "../device/device.c"
 
Building file: "../FinalProjectwithCANAprilStarter_main.c"
Invoking: C2000 Compiler
"C:/ti/ccs1270/ccs/tools/compiler/ti-cgt-c2000_22.6.1.LTS/bin/cl2000" -v28 -ml -mt --cla_support=cla1 --float_support=fpu32 --tmu_support=tmu0 --vcu_support=vcu2 -Ooff --include_path="C:/MARIUS_FINAL_PROJECT/se423_final_project/workspace/FinalProjectwithCANAprilStarter" --include_path="C:/MARIUS_FINAL_PROJECT/se423_final_project/C2000Ware_4_01_00_00/device_support/f2837xd/common/include" --include_path="C:/MARIUS_FINAL_PROJECT/se423_final_project/C2000Ware_4_01_00_00/device_support/f2837xd/headers/include" --include_path="C:/MARIUS_FINAL_PROJECT/se423_final_project/workspace/FinalProjectwithCANAprilStarter/device" --include_path="C:/MARIUS_FINAL_PROJECT/se423_final_project/C2000Ware_4_01_00_00/driverlib/f2837xd/driverlib" --include_path="C:/MARIUS_FINAL_PROJECT/se423_final_project/C2000Ware_4_01_00_00/libraries/dsp/FPU/c28/include" --include_path="C:/ti/ccs1270/ccs/tools/compiler/ti-cgt-c2000_22.6.1.LTS/include" --define=DEBUG --define=_FLASH --define=_LAUNCHXL_F28379D --define=_DUAL_HEADERS --define=CPU1 --c11 --diag_suppress=10063 --diag_warning=225 --diag_wrap=off --display_error_number --abi=coffabi --preproc_with_compile --preproc_dependency="FinalProjectwithCANAprilStarter_main.d_raw"  "../FinalProjectwithCANAprilStarter_main.c"
"../FinalProjectwithCANAprilStarter_main.c", line 702 (col. 32): advice #2614-D: (Performance) Use --fp_mode=relaxed to enable TMU hardware support for FP division.
"../FinalProjectwithCANAprilStarter_main.c", line 984 (col. 23): advice #2614-D: (Performance) Use --fp_mode=relaxed to enable TMU hardware support for cosf.
"../FinalProjectwithCANAprilStarter_main.c", line 985 (col. 23): advice #2614-D: (Performance) Use --fp_mode=relaxed to enable TMU hardware support for sinf.
Finished building: "../FinalProjectwithCANAprilStarter_main.c"
 
Building file: "../SE423Lib.c"
Invoking: C2000 Compiler
"C:/ti/ccs1270/ccs/tools/compiler/ti-cgt-c2000_22.6.1.LTS/bin/cl2000" -v28 -ml -mt --cla_support=cla1 --float_support=fpu32 --tmu_support=tmu0 --vcu_support=vcu2 -Ooff --include_path="C:/MARIUS_FINAL_PROJECT/se423_final_project/workspace/FinalProjectwithCANAprilStarter" --include_path="C:/MARIUS_FINAL_PROJECT/se423_final_project/C2000Ware_4_01_00_00/device_support/f2837xd/common/include" --include_path="C:/MARIUS_FINAL_PROJECT/se423_final_project/C2000Ware_4_01_00_00/device_support/f2837xd/headers/include" --include_path="C:/MARIUS_FINAL_PROJECT/se423_final_project/workspace/FinalProjectwithCANAprilStarter/device" --include_path="C:/MARIUS_FINAL_PROJECT/se423_final_project/C2000Ware_4_01_00_00/driverlib/f2837xd/driverlib" --include_path="C:/MARIUS_FINAL_PROJECT/se423_final_project/C2000Ware_4_01_00_00/libraries/dsp/FPU/c28/include" --include_path="C:/ti/ccs1270/ccs/tools/compiler/ti-cgt-c2000_22.6.1.LTS/include" --define=DEBUG --define=_FLASH --define=_LAUNCHXL_F28379D --define=_DUAL_HEADERS --define=CPU1 --c11 --diag_suppress=10063 --diag_warning=225 --diag_wrap=off --display_error_number --abi=coffabi --preproc_with_compile --preproc_dependency="SE423Lib.d_raw"  "../SE423Lib.c"
"../SE423Lib.c", line 26 (col. 51): advice #2614-D: (Performance) Use --fp_mode=relaxed to enable TMU hardware support for FP division.
Finished building: "../SE423Lib.c"
 
Building target: "FinalProjectwithCANAprilStarter.out"
Invoking: C2000 Linker
"C:/ti/ccs1270/ccs/tools/compiler/ti-cgt-c2000_22.6.1.LTS/bin/cl2000" -v28 -ml -mt --cla_support=cla1 --float_support=fpu32 --tmu_support=tmu0 --vcu_support=vcu2 -Ooff --define=DEBUG --define=_FLASH --define=_LAUNCHXL_F28379D --define=_DUAL_HEADERS --define=CPU1 --c11 --diag_suppress=10063 --diag_warning=225 --diag_wrap=off --display_error_number --abi=coffabi -z -m"FinalProjectwithCANAprilStarter.map" --stack_size=0x800 --warn_sections -i"C:/ti/ccs1270/ccs/tools/compiler/ti-cgt-c2000_22.6.1.LTS/lib" -i"C:/ti/ccs1270/ccs/tools/compiler/ti-cgt-c2000_22.6.1.LTS/include" --reread_libs --diag_wrap=off --display_error_number --xml_link_info="FinalProjectwithCANAprilStarter_linkInfo.xml" --rom_model -o "FinalProjectwithCANAprilStarter.out" "./F28379dCAN.obj" "./F28379dSerial.obj" "./F2837xD_Adc.obj" "./F2837xD_CodeStartBranch.obj" "./F2837xD_CpuTimers.obj" "./F2837xD_DefaultISR.obj" "./F2837xD_EPwm.obj" "./F2837xD_GlobalVariableDefs.obj" "./F2837xD_Gpio.obj" "./F2837xD_PieCtrl.obj" "./F2837xD_PieVect.obj" "./F2837xD_Spi.obj" "./F2837xD_SysCtrl.obj" "./F2837xD_usDelay.obj" "./FinalProjectwithCANAprilStarter_main.obj" "./MatrixMath.obj" "./OptiTrack.obj" "./SE423Lib.obj" "./user_xy.obj" "./device/device.obj" "../2837xD_FLASH_lnk_cpu1.cmd" "../F2837xD_Headers_nonBIOS_cpu1.cmd" "C:/MARIUS_FINAL_PROJECT/se423_final_project/C2000Ware_4_01_00_00/libraries/dsp/FPU/c28/lib/c28x_fpu_dsp_library.lib" "C:/MARIUS_FINAL_PROJECT/se423_final_project/C2000Ware_4_01_00_00/driverlib/f2837xd/driverlib/ccs/Debug/driverlib.lib"  -llibc.a 
<Linking>
Finished building target: "FinalProjectwithCANAprilStarter.out"
 
C:/Program Files/C2Prog 2.x/c2p-cli mkehx --target=28379,378,377,375D-CPU01_SCI FinalProjectwithCANAprilStarter.out FlashIt.ehx
makefile:176: recipe for target 'post-build' failed
process_begin: CreateProcess(NULL, C:/Program Files/C2Prog 2.x/c2p-cli mkehx --target=28379,378,377,375D-CPU01_SCI FinalProjectwithCANAprilStarter.out FlashIt.ehx, ...) failed.
 
gmake[2]: [post-build] Error 2 (ignored)
 

**** Build Finished ****

**** Build of configuration CPU1_FLASH for project FinalProjectwithCANAprilStarter ****

"C:\\ti\\ccs1270\\ccs\\utils\\bin\\gmake" -k -j 12 all -O 
 
Building file: "../FinalProjectwithCANAprilStarter_main.c"
Invoking: C2000 Compiler
"C:/ti/ccs1270/ccs/tools/compiler/ti-cgt-c2000_22.6.1.LTS/bin/cl2000" -v28 -ml -mt --cla_support=cla1 --float_support=fpu32 --tmu_support=tmu0 --vcu_support=vcu2 -Ooff --include_path="C:/MARIUS_FINAL_PROJECT/se423_final_project/workspace/FinalProjectwithCANAprilStarter" --include_path="C:/MARIUS_FINAL_PROJECT/se423_final_project/C2000Ware_4_01_00_00/device_support/f2837xd/common/include" --include_path="C:/MARIUS_FINAL_PROJECT/se423_final_project/C2000Ware_4_01_00_00/device_support/f2837xd/headers/include" --include_path="C:/MARIUS_FINAL_PROJECT/se423_final_project/workspace/FinalProjectwithCANAprilStarter/device" --include_path="C:/MARIUS_FINAL_PROJECT/se423_final_project/C2000Ware_4_01_00_00/driverlib/f2837xd/driverlib" --include_path="C:/MARIUS_FINAL_PROJECT/se423_final_project/C2000Ware_4_01_00_00/libraries/dsp/FPU/c28/include" --include_path="C:/ti/ccs1270/ccs/tools/compiler/ti-cgt-c2000_22.6.1.LTS/include" --define=DEBUG --define=_FLASH --define=_LAUNCHXL_F28379D --define=_DUAL_HEADERS --define=CPU1 --c11 --diag_suppress=10063 --diag_warning=225 --diag_wrap=off --display_error_number --abi=coffabi --preproc_with_compile --preproc_dependency="FinalProjectwithCANAprilStarter_main.d_raw"  "../FinalProjectwithCANAprilStarter_main.c"
"../FinalProjectwithCANAprilStarter_main.c", line 702 (col. 32): advice #2614-D: (Performance) Use --fp_mode=relaxed to enable TMU hardware support for FP division.
"../FinalProjectwithCANAprilStarter_main.c", line 984 (col. 23): advice #2614-D: (Performance) Use --fp_mode=relaxed to enable TMU hardware support for cosf.
"../FinalProjectwithCANAprilStarter_main.c", line 985 (col. 23): advice #2614-D: (Performance) Use --fp_mode=relaxed to enable TMU hardware support for sinf.
Finished building: "../FinalProjectwithCANAprilStarter_main.c"
 
Building target: "FinalProjectwithCANAprilStarter.out"
Invoking: C2000 Linker
"C:/ti/ccs1270/ccs/tools/compiler/ti-cgt-c2000_22.6.1.LTS/bin/cl2000" -v28 -ml -mt --cla_support=cla1 --float_support=fpu32 --tmu_support=tmu0 --vcu_support=vcu2 -Ooff --define=DEBUG --define=_FLASH --define=_LAUNCHXL_F28379D --define=_DUAL_HEADERS --define=CPU1 --c11 --diag_suppress=10063 --diag_warning=225 --diag_wrap=off --display_error_number --abi=coffabi -z -m"FinalProjectwithCANAprilStarter.map" --stack_size=0x800 --warn_sections -i"C:/ti/ccs1270/ccs/tools/compiler/ti-cgt-c2000_22.6.1.LTS/lib" -i"C:/ti/ccs1270/ccs/tools/compiler/ti-cgt-c2000_22.6.1.LTS/include" --reread_libs --diag_wrap=off --display_error_number --xml_link_info="FinalProjectwithCANAprilStarter_linkInfo.xml" --rom_model -o "FinalProjectwithCANAprilStarter.out" "./F28379dCAN.obj" "./F28379dSerial.obj" "./F2837xD_Adc.obj" "./F2837xD_CodeStartBranch.obj" "./F2837xD_CpuTimers.obj" "./F2837xD_DefaultISR.obj" "./F2837xD_EPwm.obj" "./F2837xD_GlobalVariableDefs.obj" "./F2837xD_Gpio.obj" "./F2837xD_PieCtrl.obj" "./F2837xD_PieVect.obj" "./F2837xD_Spi.obj" "./F2837xD_SysCtrl.obj" "./F2837xD_usDelay.obj" "./FinalProjectwithCANAprilStarter_main.obj" "./MatrixMath.obj" "./OptiTrack.obj" "./SE423Lib.obj" "./user_xy.obj" "./device/device.obj" "../2837xD_FLASH_lnk_cpu1.cmd" "../F2837xD_Headers_nonBIOS_cpu1.cmd" "C:/MARIUS_FINAL_PROJECT/se423_final_project/C2000Ware_4_01_00_00/libraries/dsp/FPU/c28/lib/c28x_fpu_dsp_library.lib" "C:/MARIUS_FINAL_PROJECT/se423_final_project/C2000Ware_4_01_00_00/driverlib/f2837xd/driverlib/ccs/Debug/driverlib.lib"  -llibc.a 
<Linking>
Finished building target: "FinalProjectwithCANAprilStarter.out"
 
C:/Program Files/C2Prog 2.x/c2p-cli mkehx --target=28379,378,377,375D-CPU01_SCI FinalProjectwithCANAprilStarter.out FlashIt.ehx
makefile:176: recipe for target 'post-build' failed
process_begin: CreateProcess(NULL, C:/Program Files/C2Prog 2.x/c2p-cli mkehx --target=28379,378,377,375D-CPU01_SCI FinalProjectwithCANAprilStarter.out FlashIt.ehx, ...) failed.
 
gmake[2]: [post-build] Error 2 (ignored)
 

**** Build Finished ****

**** Build of configuration CPU1_FLASH for project FinalProjectwithCANAprilStarter ****

"C:\\ti\\ccs1270\\ccs\\utils\\bin\\gmake" -k -j 12 all -O 
 
Building file: "../FinalProjectwithCANAprilStarter_main.c"
Invoking: C2000 Compiler
"C:/ti/ccs1270/ccs/tools/compiler/ti-cgt-c2000_22.6.1.LTS/bin/cl2000" -v28 -ml -mt --cla_support=cla1 --float_support=fpu32 --tmu_support=tmu0 --vcu_support=vcu2 -Ooff --include_path="C:/MARIUS_FINAL_PROJECT/se423_final_project/workspace/FinalProjectwithCANAprilStarter" --include_path="C:/MARIUS_FINAL_PROJECT/se423_final_project/C2000Ware_4_01_00_00/device_support/f2837xd/common/include" --include_path="C:/MARIUS_FINAL_PROJECT/se423_final_project/C2000Ware_4_01_00_00/device_support/f2837xd/headers/include" --include_path="C:/MARIUS_FINAL_PROJECT/se423_final_project/workspace/FinalProjectwithCANAprilStarter/device" --include_path="C:/MARIUS_FINAL_PROJECT/se423_final_project/C2000Ware_4_01_00_00/driverlib/f2837xd/driverlib" --include_path="C:/MARIUS_FINAL_PROJECT/se423_final_project/C2000Ware_4_01_00_00/libraries/dsp/FPU/c28/include" --include_path="C:/ti/ccs1270/ccs/tools/compiler/ti-cgt-c2000_22.6.1.LTS/include" --define=DEBUG --define=_FLASH --define=_LAUNCHXL_F28379D --define=_DUAL_HEADERS --define=CPU1 --c11 --diag_suppress=10063 --diag_warning=225 --diag_wrap=off --display_error_number --abi=coffabi --preproc_with_compile --preproc_dependency="FinalProjectwithCANAprilStarter_main.d_raw"  "../FinalProjectwithCANAprilStarter_main.c"
"../FinalProjectwithCANAprilStarter_main.c", line 702 (col. 32): advice #2614-D: (Performance) Use --fp_mode=relaxed to enable TMU hardware support for FP division.
"../FinalProjectwithCANAprilStarter_main.c", line 984 (col. 23): advice #2614-D: (Performance) Use --fp_mode=relaxed to enable TMU hardware support for cosf.
"../FinalProjectwithCANAprilStarter_main.c", line 985 (col. 23): advice #2614-D: (Performance) Use --fp_mode=relaxed to enable TMU hardware support for sinf.
Finished building: "../FinalProjectwithCANAprilStarter_main.c"
 
Building target: "FinalProjectwithCANAprilStarter.out"
Invoking: C2000 Linker
"C:/ti/ccs1270/ccs/tools/compiler/ti-cgt-c2000_22.6.1.LTS/bin/cl2000" -v28 -ml -mt --cla_support=cla1 --float_support=fpu32 --tmu_support=tmu0 --vcu_support=vcu2 -Ooff --define=DEBUG --define=_FLASH --define=_LAUNCHXL_F28379D --define=_DUAL_HEADERS --define=CPU1 --c11 --diag_suppress=10063 --diag_warning=225 --diag_wrap=off --display_error_number --abi=coffabi -z -m"FinalProjectwithCANAprilStarter.map" --stack_size=0x800 --warn_sections -i"C:/ti/ccs1270/ccs/tools/compiler/ti-cgt-c2000_22.6.1.LTS/lib" -i"C:/ti/ccs1270/ccs/tools/compiler/ti-cgt-c2000_22.6.1.LTS/include" --reread_libs --diag_wrap=off --display_error_number --xml_link_info="FinalProjectwithCANAprilStarter_linkInfo.xml" --rom_model -o "FinalProjectwithCANAprilStarter.out" "./F28379dCAN.obj" "./F28379dSerial.obj" "./F2837xD_Adc.obj" "./F2837xD_CodeStartBranch.obj" "./F2837xD_CpuTimers.obj" "./F2837xD_DefaultISR.obj" "./F2837xD_EPwm.obj" "./F2837xD_GlobalVariableDefs.obj" "./F2837xD_Gpio.obj" "./F2837xD_PieCtrl.obj" "./F2837xD_PieVect.obj" "./F2837xD_Spi.obj" "./F2837xD_SysCtrl.obj" "./F2837xD_usDelay.obj" "./FinalProjectwithCANAprilStarter_main.obj" "./MatrixMath.obj" "./OptiTrack.obj" "./SE423Lib.obj" "./user_xy.obj" "./device/device.obj" "../2837xD_FLASH_lnk_cpu1.cmd" "../F2837xD_Headers_nonBIOS_cpu1.cmd" "C:/MARIUS_FINAL_PROJECT/se423_final_project/C2000Ware_4_01_00_00/libraries/dsp/FPU/c28/lib/c28x_fpu_dsp_library.lib" "C:/MARIUS_FINAL_PROJECT/se423_final_project/C2000Ware_4_01_00_00/driverlib/f2837xd/driverlib/ccs/Debug/driverlib.lib"  -llibc.a 
<Linking>
Finished building target: "FinalProjectwithCANAprilStarter.out"
 
C:/Program Files/C2Prog 2.x/c2p-cli mkehx --target=28379,378,377,375D-CPU01_SCI FinalProjectwithCANAprilStarter.out FlashIt.ehx
makefile:176: recipe for target 'post-build' failed
process_begin: CreateProcess(NULL, C:/Program Files/C2Prog 2.x/c2p-cli mkehx --target=28379,378,377,375D-CPU01_SCI FinalProjectwithCANAprilStarter.out FlashIt.ehx, ...) failed.
 
gmake[2]: [post-build] Error 2 (ignored)
 

**** Build Finished ****

**** Build of configuration CPU1_FLASH for project FinalProjectwithCANAprilStarter ****

"C:\\ti\\ccs1270\\ccs\\utils\\bin\\gmake" -k -j 12 all -O 
 
Building file: "../FinalProjectwithCANAprilStarter_main.c"
Invoking: C2000 Compiler
"C:/ti/ccs1270/ccs/tools/compiler/ti-cgt-c2000_22.6.1.LTS/bin/cl2000" -v28 -ml -mt --cla_support=cla1 --float_support=fpu32 --tmu_support=tmu0 --vcu_support=vcu2 -Ooff --include_path="C:/MARIUS_FINAL_PROJECT/se423_final_project/workspace/FinalProjectwithCANAprilStarter" --include_path="C:/MARIUS_FINAL_PROJECT/se423_final_project/C2000Ware_4_01_00_00/device_support/f2837xd/common/include" --include_path="C:/MARIUS_FINAL_PROJECT/se423_final_project/C2000Ware_4_01_00_00/device_support/f2837xd/headers/include" --include_path="C:/MARIUS_FINAL_PROJECT/se423_final_project/workspace/FinalProjectwithCANAprilStarter/device" --include_path="C:/MARIUS_FINAL_PROJECT/se423_final_project/C2000Ware_4_01_00_00/driverlib/f2837xd/driverlib" --include_path="C:/MARIUS_FINAL_PROJECT/se423_final_project/C2000Ware_4_01_00_00/libraries/dsp/FPU/c28/include" --include_path="C:/ti/ccs1270/ccs/tools/compiler/ti-cgt-c2000_22.6.1.LTS/include" --define=DEBUG --define=_FLASH --define=_LAUNCHXL_F28379D --define=_DUAL_HEADERS --define=CPU1 --c11 --diag_suppress=10063 --diag_warning=225 --diag_wrap=off --display_error_number --abi=coffabi --preproc_with_compile --preproc_dependency="FinalProjectwithCANAprilStarter_main.d_raw"  "../FinalProjectwithCANAprilStarter_main.c"
 
>> Compilation failure
subdir_rules.mk:9: recipe for target 'FinalProjectwithCANAprilStarter_main.obj' failed
"../FinalProjectwithCANAprilStarter_main.c", line 1206: error #20: identifier "dwell" is undefined
"../FinalProjectwithCANAprilStarter_main.c", line 1207: error #66: expected a ";"
"../FinalProjectwithCANAprilStarter_main.c", line 1210: warning #12-D: parsing restarts here after previous syntax error
2 errors detected in the compilation of "../FinalProjectwithCANAprilStarter_main.c".
gmake: *** [FinalProjectwithCANAprilStarter_main.obj] Error 1
gmake: Target 'all' not remade because of errors.

**** Build Finished ****

**** Build of configuration CPU1_FLASH for project FinalProjectwithCANAprilStarter ****

"C:\\ti\\ccs1270\\ccs\\utils\\bin\\gmake" -k -j 12 all -O 
 
Building file: "../FinalProjectwithCANAprilStarter_main.c"
Invoking: C2000 Compiler
"C:/ti/ccs1270/ccs/tools/compiler/ti-cgt-c2000_22.6.1.LTS/bin/cl2000" -v28 -ml -mt --cla_support=cla1 --float_support=fpu32 --tmu_support=tmu0 --vcu_support=vcu2 -Ooff --include_path="C:/MARIUS_FINAL_PROJECT/se423_final_project/workspace/FinalProjectwithCANAprilStarter" --include_path="C:/MARIUS_FINAL_PROJECT/se423_final_project/C2000Ware_4_01_00_00/device_support/f2837xd/common/include" --include_path="C:/MARIUS_FINAL_PROJECT/se423_final_project/C2000Ware_4_01_00_00/device_support/f2837xd/headers/include" --include_path="C:/MARIUS_FINAL_PROJECT/se423_final_project/workspace/FinalProjectwithCANAprilStarter/device" --include_path="C:/MARIUS_FINAL_PROJECT/se423_final_project/C2000Ware_4_01_00_00/driverlib/f2837xd/driverlib" --include_path="C:/MARIUS_FINAL_PROJECT/se423_final_project/C2000Ware_4_01_00_00/libraries/dsp/FPU/c28/include" --include_path="C:/ti/ccs1270/ccs/tools/compiler/ti-cgt-c2000_22.6.1.LTS/include" --define=DEBUG --define=_FLASH --define=_LAUNCHXL_F28379D --define=_DUAL_HEADERS --define=CPU1 --c11 --diag_suppress=10063 --diag_warning=225 --diag_wrap=off --display_error_number --abi=coffabi --preproc_with_compile --preproc_dependency="FinalProjectwithCANAprilStarter_main.d_raw"  "../FinalProjectwithCANAprilStarter_main.c"
"../FinalProjectwithCANAprilStarter_main.c", line 704 (col. 32): advice #2614-D: (Performance) Use --fp_mode=relaxed to enable TMU hardware support for FP division.
"../FinalProjectwithCANAprilStarter_main.c", line 986 (col. 23): advice #2614-D: (Performance) Use --fp_mode=relaxed to enable TMU hardware support for cosf.
"../FinalProjectwithCANAprilStarter_main.c", line 987 (col. 23): advice #2614-D: (Performance) Use --fp_mode=relaxed to enable TMU hardware support for sinf.
Finished building: "../FinalProjectwithCANAprilStarter_main.c"
 
Building target: "FinalProjectwithCANAprilStarter.out"
Invoking: C2000 Linker
"C:/ti/ccs1270/ccs/tools/compiler/ti-cgt-c2000_22.6.1.LTS/bin/cl2000" -v28 -ml -mt --cla_support=cla1 --float_support=fpu32 --tmu_support=tmu0 --vcu_support=vcu2 -Ooff --define=DEBUG --define=_FLASH --define=_LAUNCHXL_F28379D --define=_DUAL_HEADERS --define=CPU1 --c11 --diag_suppress=10063 --diag_warning=225 --diag_wrap=off --display_error_number --abi=coffabi -z -m"FinalProjectwithCANAprilStarter.map" --stack_size=0x800 --warn_sections -i"C:/ti/ccs1270/ccs/tools/compiler/ti-cgt-c2000_22.6.1.LTS/lib" -i"C:/ti/ccs1270/ccs/tools/compiler/ti-cgt-c2000_22.6.1.LTS/include" --reread_libs --diag_wrap=off --display_error_number --xml_link_info="FinalProjectwithCANAprilStarter_linkInfo.xml" --rom_model -o "FinalProjectwithCANAprilStarter.out" "./F28379dCAN.obj" "./F28379dSerial.obj" "./F2837xD_Adc.obj" "./F2837xD_CodeStartBranch.obj" "./F2837xD_CpuTimers.obj" "./F2837xD_DefaultISR.obj" "./F2837xD_EPwm.obj" "./F2837xD_GlobalVariableDefs.obj" "./F2837xD_Gpio.obj" "./F2837xD_PieCtrl.obj" "./F2837xD_PieVect.obj" "./F2837xD_Spi.obj" "./F2837xD_SysCtrl.obj" "./F2837xD_usDelay.obj" "./FinalProjectwithCANAprilStarter_main.obj" "./MatrixMath.obj" "./OptiTrack.obj" "./SE423Lib.obj" "./user_xy.obj" "./device/device.obj" "../2837xD_FLASH_lnk_cpu1.cmd" "../F2837xD_Headers_nonBIOS_cpu1.cmd" "C:/MARIUS_FINAL_PROJECT/se423_final_project/C2000Ware_4_01_00_00/libraries/dsp/FPU/c28/lib/c28x_fpu_dsp_library.lib" "C:/MARIUS_FINAL_PROJECT/se423_final_project/C2000Ware_4_01_00_00/driverlib/f2837xd/driverlib/ccs/Debug/driverlib.lib"  -llibc.a 
<Linking>
Finished building target: "FinalProjectwithCANAprilStarter.out"
 
C:/Program Files/C2Prog 2.x/c2p-cli mkehx --target=28379,378,377,375D-CPU01_SCI FinalProjectwithCANAprilStarter.out FlashIt.ehx
makefile:176: recipe for target 'post-build' failed
process_begin: CreateProcess(NULL, C:/Program Files/C2Prog 2.x/c2p-cli mkehx --target=28379,378,377,375D-CPU01_SCI FinalProjectwithCANAprilStarter.out FlashIt.ehx, ...) failed.
 
gmake[2]: [post-build] Error 2 (ignored)
 

**** Build Finished ****

**** Build of configuration CPU1_FLASH for project FinalProjectwithCANAprilStarter ****

"C:\\ti\\ccs1270\\ccs\\utils\\bin\\gmake" -k -j 12 all -O 
 
Building file: "../FinalProjectwithCANAprilStarter_main.c"
Invoking: C2000 Compiler
"C:/ti/ccs1270/ccs/tools/compiler/ti-cgt-c2000_22.6.1.LTS/bin/cl2000" -v28 -ml -mt --cla_support=cla1 --float_support=fpu32 --tmu_support=tmu0 --vcu_support=vcu2 -Ooff --include_path="C:/MARIUS_FINAL_PROJECT/se423_final_project/workspace/FinalProjectwithCANAprilStarter" --include_path="C:/MARIUS_FINAL_PROJECT/se423_final_project/C2000Ware_4_01_00_00/device_support/f2837xd/common/include" --include_path="C:/MARIUS_FINAL_PROJECT/se423_final_project/C2000Ware_4_01_00_00/device_support/f2837xd/headers/include" --include_path="C:/MARIUS_FINAL_PROJECT/se423_final_project/workspace/FinalProjectwithCANAprilStarter/device" --include_path="C:/MARIUS_FINAL_PROJECT/se423_final_project/C2000Ware_4_01_00_00/driverlib/f2837xd/driverlib" --include_path="C:/MARIUS_FINAL_PROJECT/se423_final_project/C2000Ware_4_01_00_00/libraries/dsp/FPU/c28/include" --include_path="C:/ti/ccs1270/ccs/tools/compiler/ti-cgt-c2000_22.6.1.LTS/include" --define=DEBUG --define=_FLASH --define=_LAUNCHXL_F28379D --define=_DUAL_HEADERS --define=CPU1 --c11 --diag_suppress=10063 --diag_warning=225 --diag_wrap=off --display_error_number --abi=coffabi --preproc_with_compile --preproc_dependency="FinalProjectwithCANAprilStarter_main.d_raw"  "../FinalProjectwithCANAprilStarter_main.c"
"../FinalProjectwithCANAprilStarter_main.c", line 704 (col. 32): advice #2614-D: (Performance) Use --fp_mode=relaxed to enable TMU hardware support for FP division.
"../FinalProjectwithCANAprilStarter_main.c", line 986 (col. 23): advice #2614-D: (Performance) Use --fp_mode=relaxed to enable TMU hardware support for cosf.
"../FinalProjectwithCANAprilStarter_main.c", line 987 (col. 23): advice #2614-D: (Performance) Use --fp_mode=relaxed to enable TMU hardware support for sinf.
Finished building: "../FinalProjectwithCANAprilStarter_main.c"
 
Building target: "FinalProjectwithCANAprilStarter.out"
Invoking: C2000 Linker
"C:/ti/ccs1270/ccs/tools/compiler/ti-cgt-c2000_22.6.1.LTS/bin/cl2000" -v28 -ml -mt --cla_support=cla1 --float_support=fpu32 --tmu_support=tmu0 --vcu_support=vcu2 -Ooff --define=DEBUG --define=_FLASH --define=_LAUNCHXL_F28379D --define=_DUAL_HEADERS --define=CPU1 --c11 --diag_suppress=10063 --diag_warning=225 --diag_wrap=off --display_error_number --abi=coffabi -z -m"FinalProjectwithCANAprilStarter.map" --stack_size=0x800 --warn_sections -i"C:/ti/ccs1270/ccs/tools/compiler/ti-cgt-c2000_22.6.1.LTS/lib" -i"C:/ti/ccs1270/ccs/tools/compiler/ti-cgt-c2000_22.6.1.LTS/include" --reread_libs --diag_wrap=off --display_error_number --xml_link_info="FinalProjectwithCANAprilStarter_linkInfo.xml" --rom_model -o "FinalProjectwithCANAprilStarter.out" "./F28379dCAN.obj" "./F28379dSerial.obj" "./F2837xD_Adc.obj" "./F2837xD_CodeStartBranch.obj" "./F2837xD_CpuTimers.obj" "./F2837xD_DefaultISR.obj" "./F2837xD_EPwm.obj" "./F2837xD_GlobalVariableDefs.obj" "./F2837xD_Gpio.obj" "./F2837xD_PieCtrl.obj" "./F2837xD_PieVect.obj" "./F2837xD_Spi.obj" "./F2837xD_SysCtrl.obj" "./F2837xD_usDelay.obj" "./FinalProjectwithCANAprilStarter_main.obj" "./MatrixMath.obj" "./OptiTrack.obj" "./SE423Lib.obj" "./user_xy.obj" "./device/device.obj" "../2837xD_FLASH_lnk_cpu1.cmd" "../F2837xD_Headers_nonBIOS_cpu1.cmd" "C:/MARIUS_FINAL_PROJECT/se423_final_project/C2000Ware_4_01_00_00/libraries/dsp/FPU/c28/lib/c28x_fpu_dsp_library.lib" "C:/MARIUS_FINAL_PROJECT/se423_final_project/C2000Ware_4_01_00_00/driverlib/f2837xd/driverlib/ccs/Debug/driverlib.lib"  -llibc.a 
<Linking>
Finished building target: "FinalProjectwithCANAprilStarter.out"
 
C:/Program Files/C2Prog 2.x/c2p-cli mkehx --target=28379,378,377,375D-CPU01_SCI FinalProjectwithCANAprilStarter.out FlashIt.ehx
makefile:176: recipe for target 'post-build' failed
process_begin: CreateProcess(NULL, C:/Program Files/C2Prog 2.x/c2p-cli mkehx --target=28379,378,377,375D-CPU01_SCI FinalProjectwithCANAprilStarter.out FlashIt.ehx, ...) failed.
 
gmake[2]: [post-build] Error 2 (ignored)
 

**** Build Finished ****

**** Build of configuration CPU1_FLASH for project FinalProjectwithCANAprilStarter ****

"C:\\ti\\ccs1270\\ccs\\utils\\bin\\gmake" -k -j 12 all -O 
 
Building file: "../FinalProjectwithCANAprilStarter_main.c"
Invoking: C2000 Compiler
"C:/ti/ccs1270/ccs/tools/compiler/ti-cgt-c2000_22.6.1.LTS/bin/cl2000" -v28 -ml -mt --cla_support=cla1 --float_support=fpu32 --tmu_support=tmu0 --vcu_support=vcu2 -Ooff --include_path="C:/MARIUS_FINAL_PROJECT/se423_final_project/workspace/FinalProjectwithCANAprilStarter" --include_path="C:/MARIUS_FINAL_PROJECT/se423_final_project/C2000Ware_4_01_00_00/device_support/f2837xd/common/include" --include_path="C:/MARIUS_FINAL_PROJECT/se423_final_project/C2000Ware_4_01_00_00/device_support/f2837xd/headers/include" --include_path="C:/MARIUS_FINAL_PROJECT/se423_final_project/workspace/FinalProjectwithCANAprilStarter/device" --include_path="C:/MARIUS_FINAL_PROJECT/se423_final_project/C2000Ware_4_01_00_00/driverlib/f2837xd/driverlib" --include_path="C:/MARIUS_FINAL_PROJECT/se423_final_project/C2000Ware_4_01_00_00/libraries/dsp/FPU/c28/include" --include_path="C:/ti/ccs1270/ccs/tools/compiler/ti-cgt-c2000_22.6.1.LTS/include" --define=DEBUG --define=_FLASH --define=_LAUNCHXL_F28379D --define=_DUAL_HEADERS --define=CPU1 --c11 --diag_suppress=10063 --diag_warning=225 --diag_wrap=off --display_error_number --abi=coffabi --preproc_with_compile --preproc_dependency="FinalProjectwithCANAprilStarter_main.d_raw"  "../FinalProjectwithCANAprilStarter_main.c"
"../FinalProjectwithCANAprilStarter_main.c", line 704 (col. 32): advice #2614-D: (Performance) Use --fp_mode=relaxed to enable TMU hardware support for FP division.
"../FinalProjectwithCANAprilStarter_main.c", line 986 (col. 23): advice #2614-D: (Performance) Use --fp_mode=relaxed to enable TMU hardware support for cosf.
"../FinalProjectwithCANAprilStarter_main.c", line 987 (col. 23): advice #2614-D: (Performance) Use --fp_mode=relaxed to enable TMU hardware support for sinf.
Finished building: "../FinalProjectwithCANAprilStarter_main.c"
 
Building target: "FinalProjectwithCANAprilStarter.out"
Invoking: C2000 Linker
"C:/ti/ccs1270/ccs/tools/compiler/ti-cgt-c2000_22.6.1.LTS/bin/cl2000" -v28 -ml -mt --cla_support=cla1 --float_support=fpu32 --tmu_support=tmu0 --vcu_support=vcu2 -Ooff --define=DEBUG --define=_FLASH --define=_LAUNCHXL_F28379D --define=_DUAL_HEADERS --define=CPU1 --c11 --diag_suppress=10063 --diag_warning=225 --diag_wrap=off --display_error_number --abi=coffabi -z -m"FinalProjectwithCANAprilStarter.map" --stack_size=0x800 --warn_sections -i"C:/ti/ccs1270/ccs/tools/compiler/ti-cgt-c2000_22.6.1.LTS/lib" -i"C:/ti/ccs1270/ccs/tools/compiler/ti-cgt-c2000_22.6.1.LTS/include" --reread_libs --diag_wrap=off --display_error_number --xml_link_info="FinalProjectwithCANAprilStarter_linkInfo.xml" --rom_model -o "FinalProjectwithCANAprilStarter.out" "./F28379dCAN.obj" "./F28379dSerial.obj" "./F2837xD_Adc.obj" "./F2837xD_CodeStartBranch.obj" "./F2837xD_CpuTimers.obj" "./F2837xD_DefaultISR.obj" "./F2837xD_EPwm.obj" "./F2837xD_GlobalVariableDefs.obj" "./F2837xD_Gpio.obj" "./F2837xD_PieCtrl.obj" "./F2837xD_PieVect.obj" "./F2837xD_Spi.obj" "./F2837xD_SysCtrl.obj" "./F2837xD_usDelay.obj" "./FinalProjectwithCANAprilStarter_main.obj" "./MatrixMath.obj" "./OptiTrack.obj" "./SE423Lib.obj" "./user_xy.obj" "./device/device.obj" "../2837xD_FLASH_lnk_cpu1.cmd" "../F2837xD_Headers_nonBIOS_cpu1.cmd" "C:/MARIUS_FINAL_PROJECT/se423_final_project/C2000Ware_4_01_00_00/libraries/dsp/FPU/c28/lib/c28x_fpu_dsp_library.lib" "C:/MARIUS_FINAL_PROJECT/se423_final_project/C2000Ware_4_01_00_00/driverlib/f2837xd/driverlib/ccs/Debug/driverlib.lib"  -llibc.a 
<Linking>
Finished building target: "FinalProjectwithCANAprilStarter.out"
 
C:/Program Files/C2Prog 2.x/c2p-cli mkehx --target=28379,378,377,375D-CPU01_SCI FinalProjectwithCANAprilStarter.out FlashIt.ehx
makefile:176: recipe for target 'post-build' failed
 
process_begin: CreateProcess(NULL, C:/Program Files/C2Prog 2.x/c2p-cli mkehx --target=28379,378,377,375D-CPU01_SCI FinalProjectwithCANAprilStarter.out FlashIt.ehx, ...) failed.
 
gmake[2]: [post-build] Error 2 (ignored)

**** Build Finished ****

**** Build of configuration CPU1_FLASH for project FinalProjectwithCANAprilStarter ****

"C:\\ti\\ccs1270\\ccs\\utils\\bin\\gmake" -k -j 12 all -O 
 
Building file: "../FinalProjectwithCANAprilStarter_main.c"
Invoking: C2000 Compiler
"C:/ti/ccs1270/ccs/tools/compiler/ti-cgt-c2000_22.6.1.LTS/bin/cl2000" -v28 -ml -mt --cla_support=cla1 --float_support=fpu32 --tmu_support=tmu0 --vcu_support=vcu2 -Ooff --include_path="C:/MARIUS_FINAL_PROJECT/se423_final_project/workspace/FinalProjectwithCANAprilStarter" --include_path="C:/MARIUS_FINAL_PROJECT/se423_final_project/C2000Ware_4_01_00_00/device_support/f2837xd/common/include" --include_path="C:/MARIUS_FINAL_PROJECT/se423_final_project/C2000Ware_4_01_00_00/device_support/f2837xd/headers/include" --include_path="C:/MARIUS_FINAL_PROJECT/se423_final_project/workspace/FinalProjectwithCANAprilStarter/device" --include_path="C:/MARIUS_FINAL_PROJECT/se423_final_project/C2000Ware_4_01_00_00/driverlib/f2837xd/driverlib" --include_path="C:/MARIUS_FINAL_PROJECT/se423_final_project/C2000Ware_4_01_00_00/libraries/dsp/FPU/c28/include" --include_path="C:/ti/ccs1270/ccs/tools/compiler/ti-cgt-c2000_22.6.1.LTS/include" --define=DEBUG --define=_FLASH --define=_LAUNCHXL_F28379D --define=_DUAL_HEADERS --define=CPU1 --c11 --diag_suppress=10063 --diag_warning=225 --diag_wrap=off --display_error_number --abi=coffabi --preproc_with_compile --preproc_dependency="FinalProjectwithCANAprilStarter_main.d_raw"  "../FinalProjectwithCANAprilStarter_main.c"
"../FinalProjectwithCANAprilStarter_main.c", line 704 (col. 32): advice #2614-D: (Performance) Use --fp_mode=relaxed to enable TMU hardware support for FP division.
"../FinalProjectwithCANAprilStarter_main.c", line 986 (col. 23): advice #2614-D: (Performance) Use --fp_mode=relaxed to enable TMU hardware support for cosf.
"../FinalProjectwithCANAprilStarter_main.c", line 987 (col. 23): advice #2614-D: (Performance) Use --fp_mode=relaxed to enable TMU hardware support for sinf.
Finished building: "../FinalProjectwithCANAprilStarter_main.c"
 
Building target: "FinalProjectwithCANAprilStarter.out"
Invoking: C2000 Linker
"C:/ti/ccs1270/ccs/tools/compiler/ti-cgt-c2000_22.6.1.LTS/bin/cl2000" -v28 -ml -mt --cla_support=cla1 --float_support=fpu32 --tmu_support=tmu0 --vcu_support=vcu2 -Ooff --define=DEBUG --define=_FLASH --define=_LAUNCHXL_F28379D --define=_DUAL_HEADERS --define=CPU1 --c11 --diag_suppress=10063 --diag_warning=225 --diag_wrap=off --display_error_number --abi=coffabi -z -m"FinalProjectwithCANAprilStarter.map" --stack_size=0x800 --warn_sections -i"C:/ti/ccs1270/ccs/tools/compiler/ti-cgt-c2000_22.6.1.LTS/lib" -i"C:/ti/ccs1270/ccs/tools/compiler/ti-cgt-c2000_22.6.1.LTS/include" --reread_libs --diag_wrap=off --display_error_number --xml_link_info="FinalProjectwithCANAprilStarter_linkInfo.xml" --rom_model -o "FinalProjectwithCANAprilStarter.out" "./F28379dCAN.obj" "./F28379dSerial.obj" "./F2837xD_Adc.obj" "./F2837xD_CodeStartBranch.obj" "./F2837xD_CpuTimers.obj" "./F2837xD_DefaultISR.obj" "./F2837xD_EPwm.obj" "./F2837xD_GlobalVariableDefs.obj" "./F2837xD_Gpio.obj" "./F2837xD_PieCtrl.obj" "./F2837xD_PieVect.obj" "./F2837xD_Spi.obj" "./F2837xD_SysCtrl.obj" "./F2837xD_usDelay.obj" "./FinalProjectwithCANAprilStarter_main.obj" "./MatrixMath.obj" "./OptiTrack.obj" "./SE423Lib.obj" "./user_xy.obj" "./device/device.obj" "../2837xD_FLASH_lnk_cpu1.cmd" "../F2837xD_Headers_nonBIOS_cpu1.cmd" "C:/MARIUS_FINAL_PROJECT/se423_final_project/C2000Ware_4_01_00_00/libraries/dsp/FPU/c28/lib/c28x_fpu_dsp_library.lib" "C:/MARIUS_FINAL_PROJECT/se423_final_project/C2000Ware_4_01_00_00/driverlib/f2837xd/driverlib/ccs/Debug/driverlib.lib"  -llibc.a 
<Linking>
Finished building target: "FinalProjectwithCANAprilStarter.out"
 
C:/Program Files/C2Prog 2.x/c2p-cli mkehx --target=28379,378,377,375D-CPU01_SCI FinalProjectwithCANAprilStarter.out FlashIt.ehx
makefile:176: recipe for target 'post-build' failed
process_begin: CreateProcess(NULL, C:/Program Files/C2Prog 2.x/c2p-cli mkehx --target=28379,378,377,375D-CPU01_SCI FinalProjectwithCANAprilStarter.out FlashIt.ehx, ...) failed.
 
gmake[2]: [post-build] Error 2 (ignored)
 

**** Build Finished ****

**** Build of configuration CPU1_FLASH for project FinalProjectwithCANAprilStarter ****

"C:\\ti\\ccs1270\\ccs\\utils\\bin\\gmake" -k -j 12 all -O 
 
gmake[1]: 'FinalProjectwithCANAprilStarter.out' is up to date.

**** Build Finished ****

**** Build of configuration CPU1_FLASH for project FinalProjectwithCANAprilStarter ****

"C:\\ti\\ccs1270\\ccs\\utils\\bin\\gmake" -k -j 12 all -O 
 
Building file: "../F2837xD_CodeStartBranch.asm"
Invoking: C2000 Compiler
"C:/ti/ccs1270/ccs/tools/compiler/ti-cgt-c2000_22.6.1.LTS/bin/cl2000" -v28 -ml -mt --cla_support=cla1 --float_support=fpu32 --tmu_support=tmu0 --vcu_support=vcu2 -Ooff --include_path="C:/MARIUS_FINAL_PROJECT/se423_final_project/workspace/FinalProjectwithCANAprilStarter" --include_path="C:/MARIUS_FINAL_PROJECT/se423_final_project/C2000Ware_4_01_00_00/device_support/f2837xd/common/include" --include_path="C:/MARIUS_FINAL_PROJECT/se423_final_project/C2000Ware_4_01_00_00/device_support/f2837xd/headers/include" --include_path="C:/MARIUS_FINAL_PROJECT/se423_final_project/workspace/FinalProjectwithCANAprilStarter/device" --include_path="C:/MARIUS_FINAL_PROJECT/se423_final_project/C2000Ware_4_01_00_00/driverlib/f2837xd/driverlib" --include_path="C:/MARIUS_FINAL_PROJECT/se423_final_project/C2000Ware_4_01_00_00/libraries/dsp/FPU/c28/include" --include_path="C:/ti/ccs1270/ccs/tools/compiler/ti-cgt-c2000_22.6.1.LTS/include" --define=DEBUG --define=_FLASH --define=_LAUNCHXL_F28379D --define=_DUAL_HEADERS --define=CPU1 --c11 --diag_suppress=10063 --diag_warning=225 --diag_wrap=off --display_error_number --abi=coffabi --preproc_with_compile --preproc_dependency="F2837xD_CodeStartBranch.d_raw"  "../F2837xD_CodeStartBranch.asm"
Finished building: "../F2837xD_CodeStartBranch.asm"
 
Building file: "../F2837xD_CpuTimers.c"
Invoking: C2000 Compiler
"C:/ti/ccs1270/ccs/tools/compiler/ti-cgt-c2000_22.6.1.LTS/bin/cl2000" -v28 -ml -mt --cla_support=cla1 --float_support=fpu32 --tmu_support=tmu0 --vcu_support=vcu2 -Ooff --include_path="C:/MARIUS_FINAL_PROJECT/se423_final_project/workspace/FinalProjectwithCANAprilStarter" --include_path="C:/MARIUS_FINAL_PROJECT/se423_final_project/C2000Ware_4_01_00_00/device_support/f2837xd/common/include" --include_path="C:/MARIUS_FINAL_PROJECT/se423_final_project/C2000Ware_4_01_00_00/device_support/f2837xd/headers/include" --include_path="C:/MARIUS_FINAL_PROJECT/se423_final_project/workspace/FinalProjectwithCANAprilStarter/device" --include_path="C:/MARIUS_FINAL_PROJECT/se423_final_project/C2000Ware_4_01_00_00/driverlib/f2837xd/driverlib" --include_path="C:/MARIUS_FINAL_PROJECT/se423_final_project/C2000Ware_4_01_00_00/libraries/dsp/FPU/c28/include" --include_path="C:/ti/ccs1270/ccs/tools/compiler/ti-cgt-c2000_22.6.1.LTS/include" --define=DEBUG --define=_FLASH --define=_LAUNCHXL_F28379D --define=_DUAL_HEADERS --define=CPU1 --c11 --diag_suppress=10063 --diag_warning=225 --diag_wrap=off --display_error_number --abi=coffabi --preproc_with_compile --preproc_dependency="F2837xD_CpuTimers.d_raw"  "../F2837xD_CpuTimers.c"
Finished building: "../F2837xD_CpuTimers.c"
 
Building file: "../F2837xD_Adc.c"
Invoking: C2000 Compiler
"C:/ti/ccs1270/ccs/tools/compiler/ti-cgt-c2000_22.6.1.LTS/bin/cl2000" -v28 -ml -mt --cla_support=cla1 --float_support=fpu32 --tmu_support=tmu0 --vcu_support=vcu2 -Ooff --include_path="C:/MARIUS_FINAL_PROJECT/se423_final_project/workspace/FinalProjectwithCANAprilStarter" --include_path="C:/MARIUS_FINAL_PROJECT/se423_final_project/C2000Ware_4_01_00_00/device_support/f2837xd/common/include" --include_path="C:/MARIUS_FINAL_PROJECT/se423_final_project/C2000Ware_4_01_00_00/device_support/f2837xd/headers/include" --include_path="C:/MARIUS_FINAL_PROJECT/se423_final_project/workspace/FinalProjectwithCANAprilStarter/device" --include_path="C:/MARIUS_FINAL_PROJECT/se423_final_project/C2000Ware_4_01_00_00/driverlib/f2837xd/driverlib" --include_path="C:/MARIUS_FINAL_PROJECT/se423_final_project/C2000Ware_4_01_00_00/libraries/dsp/FPU/c28/include" --include_path="C:/ti/ccs1270/ccs/tools/compiler/ti-cgt-c2000_22.6.1.LTS/include" --define=DEBUG --define=_FLASH --define=_LAUNCHXL_F28379D --define=_DUAL_HEADERS --define=CPU1 --c11 --diag_suppress=10063 --diag_warning=225 --diag_wrap=off --display_error_number --abi=coffabi --preproc_with_compile --preproc_dependency="F2837xD_Adc.d_raw"  "../F2837xD_Adc.c"
Finished building: "../F2837xD_Adc.c"
 
Building file: "../F2837xD_PieCtrl.c"
Invoking: C2000 Compiler
"C:/ti/ccs1270/ccs/tools/compiler/ti-cgt-c2000_22.6.1.LTS/bin/cl2000" -v28 -ml -mt --cla_support=cla1 --float_support=fpu32 --tmu_support=tmu0 --vcu_support=vcu2 -Ooff --include_path="C:/MARIUS_FINAL_PROJECT/se423_final_project/workspace/FinalProjectwithCANAprilStarter" --include_path="C:/MARIUS_FINAL_PROJECT/se423_final_project/C2000Ware_4_01_00_00/device_support/f2837xd/common/include" --include_path="C:/MARIUS_FINAL_PROJECT/se423_final_project/C2000Ware_4_01_00_00/device_support/f2837xd/headers/include" --include_path="C:/MARIUS_FINAL_PROJECT/se423_final_project/workspace/FinalProjectwithCANAprilStarter/device" --include_path="C:/MARIUS_FINAL_PROJECT/se423_final_project/C2000Ware_4_01_00_00/driverlib/f2837xd/driverlib" --include_path="C:/MARIUS_FINAL_PROJECT/se423_final_project/C2000Ware_4_01_00_00/libraries/dsp/FPU/c28/include" --include_path="C:/ti/ccs1270/ccs/tools/compiler/ti-cgt-c2000_22.6.1.LTS/include" --define=DEBUG --define=_FLASH --define=_LAUNCHXL_F28379D --define=_DUAL_HEADERS --define=CPU1 --c11 --diag_suppress=10063 --diag_warning=225 --diag_wrap=off --display_error_number --abi=coffabi --preproc_with_compile --preproc_dependency="F2837xD_PieCtrl.d_raw"  "../F2837xD_PieCtrl.c"
Finished building: "../F2837xD_PieCtrl.c"
 
Building file: "../F2837xD_DefaultISR.c"
Invoking: C2000 Compiler
"C:/ti/ccs1270/ccs/tools/compiler/ti-cgt-c2000_22.6.1.LTS/bin/cl2000" -v28 -ml -mt --cla_support=cla1 --float_support=fpu32 --tmu_support=tmu0 --vcu_support=vcu2 -Ooff --include_path="C:/MARIUS_FINAL_PROJECT/se423_final_project/workspace/FinalProjectwithCANAprilStarter" --include_path="C:/MARIUS_FINAL_PROJECT/se423_final_project/C2000Ware_4_01_00_00/device_support/f2837xd/common/include" --include_path="C:/MARIUS_FINAL_PROJECT/se423_final_project/C2000Ware_4_01_00_00/device_support/f2837xd/headers/include" --include_path="C:/MARIUS_FINAL_PROJECT/se423_final_project/workspace/FinalProjectwithCANAprilStarter/device" --include_path="C:/MARIUS_FINAL_PROJECT/se423_final_project/C2000Ware_4_01_00_00/driverlib/f2837xd/driverlib" --include_path="C:/MARIUS_FINAL_PROJECT/se423_final_project/C2000Ware_4_01_00_00/libraries/dsp/FPU/c28/include" --include_path="C:/ti/ccs1270/ccs/tools/compiler/ti-cgt-c2000_22.6.1.LTS/include" --define=DEBUG --define=_FLASH --define=_LAUNCHXL_F28379D --define=_DUAL_HEADERS --define=CPU1 --c11 --diag_suppress=10063 --diag_warning=225 --diag_wrap=off --display_error_number --abi=coffabi --preproc_with_compile --preproc_dependency="F2837xD_DefaultISR.d_raw"  "../F2837xD_DefaultISR.c"
Finished building: "../F2837xD_DefaultISR.c"
 
Building file: "../F2837xD_PieVect.c"
Invoking: C2000 Compiler
"C:/ti/ccs1270/ccs/tools/compiler/ti-cgt-c2000_22.6.1.LTS/bin/cl2000" -v28 -ml -mt --cla_support=cla1 --float_support=fpu32 --tmu_support=tmu0 --vcu_support=vcu2 -Ooff --include_path="C:/MARIUS_FINAL_PROJECT/se423_final_project/workspace/FinalProjectwithCANAprilStarter" --include_path="C:/MARIUS_FINAL_PROJECT/se423_final_project/C2000Ware_4_01_00_00/device_support/f2837xd/common/include" --include_path="C:/MARIUS_FINAL_PROJECT/se423_final_project/C2000Ware_4_01_00_00/device_support/f2837xd/headers/include" --include_path="C:/MARIUS_FINAL_PROJECT/se423_final_project/workspace/FinalProjectwithCANAprilStarter/device" --include_path="C:/MARIUS_FINAL_PROJECT/se423_final_project/C2000Ware_4_01_00_00/driverlib/f2837xd/driverlib" --include_path="C:/MARIUS_FINAL_PROJECT/se423_final_project/C2000Ware_4_01_00_00/libraries/dsp/FPU/c28/include" --include_path="C:/ti/ccs1270/ccs/tools/compiler/ti-cgt-c2000_22.6.1.LTS/include" --define=DEBUG --define=_FLASH --define=_LAUNCHXL_F28379D --define=_DUAL_HEADERS --define=CPU1 --c11 --diag_suppress=10063 --diag_warning=225 --diag_wrap=off --display_error_number --abi=coffabi --preproc_with_compile --preproc_dependency="F2837xD_PieVect.d_raw"  "../F2837xD_PieVect.c"
Finished building: "../F2837xD_PieVect.c"
 
Building file: "../F2837xD_EPwm.c"
Invoking: C2000 Compiler
"C:/ti/ccs1270/ccs/tools/compiler/ti-cgt-c2000_22.6.1.LTS/bin/cl2000" -v28 -ml -mt --cla_support=cla1 --float_support=fpu32 --tmu_support=tmu0 --vcu_support=vcu2 -Ooff --include_path="C:/MARIUS_FINAL_PROJECT/se423_final_project/workspace/FinalProjectwithCANAprilStarter" --include_path="C:/MARIUS_FINAL_PROJECT/se423_final_project/C2000Ware_4_01_00_00/device_support/f2837xd/common/include" --include_path="C:/MARIUS_FINAL_PROJECT/se423_final_project/C2000Ware_4_01_00_00/device_support/f2837xd/headers/include" --include_path="C:/MARIUS_FINAL_PROJECT/se423_final_project/workspace/FinalProjectwithCANAprilStarter/device" --include_path="C:/MARIUS_FINAL_PROJECT/se423_final_project/C2000Ware_4_01_00_00/driverlib/f2837xd/driverlib" --include_path="C:/MARIUS_FINAL_PROJECT/se423_final_project/C2000Ware_4_01_00_00/libraries/dsp/FPU/c28/include" --include_path="C:/ti/ccs1270/ccs/tools/compiler/ti-cgt-c2000_22.6.1.LTS/include" --define=DEBUG --define=_FLASH --define=_LAUNCHXL_F28379D --define=_DUAL_HEADERS --define=CPU1 --c11 --diag_suppress=10063 --diag_warning=225 --diag_wrap=off --display_error_number --abi=coffabi --preproc_with_compile --preproc_dependency="F2837xD_EPwm.d_raw"  "../F2837xD_EPwm.c"
Finished building: "../F2837xD_EPwm.c"
 
Building file: "../F2837xD_Gpio.c"
Invoking: C2000 Compiler
"C:/ti/ccs1270/ccs/tools/compiler/ti-cgt-c2000_22.6.1.LTS/bin/cl2000" -v28 -ml -mt --cla_support=cla1 --float_support=fpu32 --tmu_support=tmu0 --vcu_support=vcu2 -Ooff --include_path="C:/MARIUS_FINAL_PROJECT/se423_final_project/workspace/FinalProjectwithCANAprilStarter" --include_path="C:/MARIUS_FINAL_PROJECT/se423_final_project/C2000Ware_4_01_00_00/device_support/f2837xd/common/include" --include_path="C:/MARIUS_FINAL_PROJECT/se423_final_project/C2000Ware_4_01_00_00/device_support/f2837xd/headers/include" --include_path="C:/MARIUS_FINAL_PROJECT/se423_final_project/workspace/FinalProjectwithCANAprilStarter/device" --include_path="C:/MARIUS_FINAL_PROJECT/se423_final_project/C2000Ware_4_01_00_00/driverlib/f2837xd/driverlib" --include_path="C:/MARIUS_FINAL_PROJECT/se423_final_project/C2000Ware_4_01_00_00/libraries/dsp/FPU/c28/include" --include_path="C:/ti/ccs1270/ccs/tools/compiler/ti-cgt-c2000_22.6.1.LTS/include" --define=DEBUG --define=_FLASH --define=_LAUNCHXL_F28379D --define=_DUAL_HEADERS --define=CPU1 --c11 --diag_suppress=10063 --diag_warning=225 --diag_wrap=off --display_error_number --abi=coffabi --preproc_with_compile --preproc_dependency="F2837xD_Gpio.d_raw"  "../F2837xD_Gpio.c"
Finished building: "../F2837xD_Gpio.c"
 
Building file: "../F2837xD_Spi.c"
Invoking: C2000 Compiler
"C:/ti/ccs1270/ccs/tools/compiler/ti-cgt-c2000_22.6.1.LTS/bin/cl2000" -v28 -ml -mt --cla_support=cla1 --float_support=fpu32 --tmu_support=tmu0 --vcu_support=vcu2 -Ooff --include_path="C:/MARIUS_FINAL_PROJECT/se423_final_project/workspace/FinalProjectwithCANAprilStarter" --include_path="C:/MARIUS_FINAL_PROJECT/se423_final_project/C2000Ware_4_01_00_00/device_support/f2837xd/common/include" --include_path="C:/MARIUS_FINAL_PROJECT/se423_final_project/C2000Ware_4_01_00_00/device_support/f2837xd/headers/include" --include_path="C:/MARIUS_FINAL_PROJECT/se423_final_project/workspace/FinalProjectwithCANAprilStarter/device" --include_path="C:/MARIUS_FINAL_PROJECT/se423_final_project/C2000Ware_4_01_00_00/driverlib/f2837xd/driverlib" --include_path="C:/MARIUS_FINAL_PROJECT/se423_final_project/C2000Ware_4_01_00_00/libraries/dsp/FPU/c28/include" --include_path="C:/ti/ccs1270/ccs/tools/compiler/ti-cgt-c2000_22.6.1.LTS/include" --define=DEBUG --define=_FLASH --define=_LAUNCHXL_F28379D --define=_DUAL_HEADERS --define=CPU1 --c11 --diag_suppress=10063 --diag_warning=225 --diag_wrap=off --display_error_number --abi=coffabi --preproc_with_compile --preproc_dependency="F2837xD_Spi.d_raw"  "../F2837xD_Spi.c"
Finished building: "../F2837xD_Spi.c"
 
Building file: "../F2837xD_SysCtrl.c"
Invoking: C2000 Compiler
"C:/ti/ccs1270/ccs/tools/compiler/ti-cgt-c2000_22.6.1.LTS/bin/cl2000" -v28 -ml -mt --cla_support=cla1 --float_support=fpu32 --tmu_support=tmu0 --vcu_support=vcu2 -Ooff --include_path="C:/MARIUS_FINAL_PROJECT/se423_final_project/workspace/FinalProjectwithCANAprilStarter" --include_path="C:/MARIUS_FINAL_PROJECT/se423_final_project/C2000Ware_4_01_00_00/device_support/f2837xd/common/include" --include_path="C:/MARIUS_FINAL_PROJECT/se423_final_project/C2000Ware_4_01_00_00/device_support/f2837xd/headers/include" --include_path="C:/MARIUS_FINAL_PROJECT/se423_final_project/workspace/FinalProjectwithCANAprilStarter/device" --include_path="C:/MARIUS_FINAL_PROJECT/se423_final_project/C2000Ware_4_01_00_00/driverlib/f2837xd/driverlib" --include_path="C:/MARIUS_FINAL_PROJECT/se423_final_project/C2000Ware_4_01_00_00/libraries/dsp/FPU/c28/include" --include_path="C:/ti/ccs1270/ccs/tools/compiler/ti-cgt-c2000_22.6.1.LTS/include" --define=DEBUG --define=_FLASH --define=_LAUNCHXL_F28379D --define=_DUAL_HEADERS --define=CPU1 --c11 --diag_suppress=10063 --diag_warning=225 --diag_wrap=off --display_error_number --abi=coffabi --preproc_with_compile --preproc_dependency="F2837xD_SysCtrl.d_raw"  "../F2837xD_SysCtrl.c"
"../F2837xD_SysCtrl.c", line 837 (col. 47): advice #2614-D: (Performance) Use --fp_mode=relaxed to enable TMU hardware support for FP division.
Finished building: "../F2837xD_SysCtrl.c"
 
Building file: "../F28379dCAN.c"
Invoking: C2000 Compiler
"C:/ti/ccs1270/ccs/tools/compiler/ti-cgt-c2000_22.6.1.LTS/bin/cl2000" -v28 -ml -mt --cla_support=cla1 --float_support=fpu32 --tmu_support=tmu0 --vcu_support=vcu2 -Ooff --include_path="C:/MARIUS_FINAL_PROJECT/se423_final_project/workspace/FinalProjectwithCANAprilStarter" --include_path="C:/MARIUS_FINAL_PROJECT/se423_final_project/C2000Ware_4_01_00_00/device_support/f2837xd/common/include" --include_path="C:/MARIUS_FINAL_PROJECT/se423_final_project/C2000Ware_4_01_00_00/device_support/f2837xd/headers/include" --include_path="C:/MARIUS_FINAL_PROJECT/se423_final_project/workspace/FinalProjectwithCANAprilStarter/device" --include_path="C:/MARIUS_FINAL_PROJECT/se423_final_project/C2000Ware_4_01_00_00/driverlib/f2837xd/driverlib" --include_path="C:/MARIUS_FINAL_PROJECT/se423_final_project/C2000Ware_4_01_00_00/libraries/dsp/FPU/c28/include" --include_path="C:/ti/ccs1270/ccs/tools/compiler/ti-cgt-c2000_22.6.1.LTS/include" --define=DEBUG --define=_FLASH --define=_LAUNCHXL_F28379D --define=_DUAL_HEADERS --define=CPU1 --c11 --diag_suppress=10063 --diag_warning=225 --diag_wrap=off --display_error_number --abi=coffabi --preproc_with_compile --preproc_dependency="F28379dCAN.d_raw"  "../F28379dCAN.c"
Finished building: "../F28379dCAN.c"
 
Building file: "../F28379dSerial.c"
Invoking: C2000 Compiler
"C:/ti/ccs1270/ccs/tools/compiler/ti-cgt-c2000_22.6.1.LTS/bin/cl2000" -v28 -ml -mt --cla_support=cla1 --float_support=fpu32 --tmu_support=tmu0 --vcu_support=vcu2 -Ooff --include_path="C:/MARIUS_FINAL_PROJECT/se423_final_project/workspace/FinalProjectwithCANAprilStarter" --include_path="C:/MARIUS_FINAL_PROJECT/se423_final_project/C2000Ware_4_01_00_00/device_support/f2837xd/common/include" --include_path="C:/MARIUS_FINAL_PROJECT/se423_final_project/C2000Ware_4_01_00_00/device_support/f2837xd/headers/include" --include_path="C:/MARIUS_FINAL_PROJECT/se423_final_project/workspace/FinalProjectwithCANAprilStarter/device" --include_path="C:/MARIUS_FINAL_PROJECT/se423_final_project/C2000Ware_4_01_00_00/driverlib/f2837xd/driverlib" --include_path="C:/MARIUS_FINAL_PROJECT/se423_final_project/C2000Ware_4_01_00_00/libraries/dsp/FPU/c28/include" --include_path="C:/ti/ccs1270/ccs/tools/compiler/ti-cgt-c2000_22.6.1.LTS/include" --define=DEBUG --define=_FLASH --define=_LAUNCHXL_F28379D --define=_DUAL_HEADERS --define=CPU1 --c11 --diag_suppress=10063 --diag_warning=225 --diag_wrap=off --display_error_number --abi=coffabi --preproc_with_compile --preproc_dependency="F28379dSerial.d_raw"  "../F28379dSerial.c"
Finished building: "../F28379dSerial.c"
 
Building file: "../F2837xD_usDelay.asm"
Invoking: C2000 Compiler
"C:/ti/ccs1270/ccs/tools/compiler/ti-cgt-c2000_22.6.1.LTS/bin/cl2000" -v28 -ml -mt --cla_support=cla1 --float_support=fpu32 --tmu_support=tmu0 --vcu_support=vcu2 -Ooff --include_path="C:/MARIUS_FINAL_PROJECT/se423_final_project/workspace/FinalProjectwithCANAprilStarter" --include_path="C:/MARIUS_FINAL_PROJECT/se423_final_project/C2000Ware_4_01_00_00/device_support/f2837xd/common/include" --include_path="C:/MARIUS_FINAL_PROJECT/se423_final_project/C2000Ware_4_01_00_00/device_support/f2837xd/headers/include" --include_path="C:/MARIUS_FINAL_PROJECT/se423_final_project/workspace/FinalProjectwithCANAprilStarter/device" --include_path="C:/MARIUS_FINAL_PROJECT/se423_final_project/C2000Ware_4_01_00_00/driverlib/f2837xd/driverlib" --include_path="C:/MARIUS_FINAL_PROJECT/se423_final_project/C2000Ware_4_01_00_00/libraries/dsp/FPU/c28/include" --include_path="C:/ti/ccs1270/ccs/tools/compiler/ti-cgt-c2000_22.6.1.LTS/include" --define=DEBUG --define=_FLASH --define=_LAUNCHXL_F28379D --define=_DUAL_HEADERS --define=CPU1 --c11 --diag_suppress=10063 --diag_warning=225 --diag_wrap=off --display_error_number --abi=coffabi --preproc_with_compile --preproc_dependency="F2837xD_usDelay.d_raw"  "../F2837xD_usDelay.asm"
Finished building: "../F2837xD_usDelay.asm"
 
Building file: "../F2837xD_GlobalVariableDefs.c"
Invoking: C2000 Compiler
"C:/ti/ccs1270/ccs/tools/compiler/ti-cgt-c2000_22.6.1.LTS/bin/cl2000" -v28 -ml -mt --cla_support=cla1 --float_support=fpu32 --tmu_support=tmu0 --vcu_support=vcu2 -Ooff --include_path="C:/MARIUS_FINAL_PROJECT/se423_final_project/workspace/FinalProjectwithCANAprilStarter" --include_path="C:/MARIUS_FINAL_PROJECT/se423_final_project/C2000Ware_4_01_00_00/device_support/f2837xd/common/include" --include_path="C:/MARIUS_FINAL_PROJECT/se423_final_project/C2000Ware_4_01_00_00/device_support/f2837xd/headers/include" --include_path="C:/MARIUS_FINAL_PROJECT/se423_final_project/workspace/FinalProjectwithCANAprilStarter/device" --include_path="C:/MARIUS_FINAL_PROJECT/se423_final_project/C2000Ware_4_01_00_00/driverlib/f2837xd/driverlib" --include_path="C:/MARIUS_FINAL_PROJECT/se423_final_project/C2000Ware_4_01_00_00/libraries/dsp/FPU/c28/include" --include_path="C:/ti/ccs1270/ccs/tools/compiler/ti-cgt-c2000_22.6.1.LTS/include" --define=DEBUG --define=_FLASH --define=_LAUNCHXL_F28379D --define=_DUAL_HEADERS --define=CPU1 --c11 --diag_suppress=10063 --diag_warning=225 --diag_wrap=off --display_error_number --abi=coffabi --preproc_with_compile --preproc_dependency="F2837xD_GlobalVariableDefs.d_raw"  "../F2837xD_GlobalVariableDefs.c"
Finished building: "../F2837xD_GlobalVariableDefs.c"
 
Building file: "../OptiTrack.c"
Invoking: C2000 Compiler
"C:/ti/ccs1270/ccs/tools/compiler/ti-cgt-c2000_22.6.1.LTS/bin/cl2000" -v28 -ml -mt --cla_support=cla1 --float_support=fpu32 --tmu_support=tmu0 --vcu_support=vcu2 -Ooff --include_path="C:/MARIUS_FINAL_PROJECT/se423_final_project/workspace/FinalProjectwithCANAprilStarter" --include_path="C:/MARIUS_FINAL_PROJECT/se423_final_project/C2000Ware_4_01_00_00/device_support/f2837xd/common/include" --include_path="C:/MARIUS_FINAL_PROJECT/se423_final_project/C2000Ware_4_01_00_00/device_support/f2837xd/headers/include" --include_path="C:/MARIUS_FINAL_PROJECT/se423_final_project/workspace/FinalProjectwithCANAprilStarter/device" --include_path="C:/MARIUS_FINAL_PROJECT/se423_final_project/C2000Ware_4_01_00_00/driverlib/f2837xd/driverlib" --include_path="C:/MARIUS_FINAL_PROJECT/se423_final_project/C2000Ware_4_01_00_00/libraries/dsp/FPU/c28/include" --include_path="C:/ti/ccs1270/ccs/tools/compiler/ti-cgt-c2000_22.6.1.LTS/include" --define=DEBUG --define=_FLASH --define=_LAUNCHXL_F28379D --define=_DUAL_HEADERS --define=CPU1 --c11 --diag_suppress=10063 --diag_warning=225 --diag_wrap=off --display_error_number --abi=coffabi --preproc_with_compile --preproc_dependency="OptiTrack.d_raw"  "../OptiTrack.c"
"../OptiTrack.c", line 66 (col. 81): advice #2614-D: (Performance) Use --fp_mode=relaxed to enable TMU hardware support for FP division.
Finished building: "../OptiTrack.c"
 
Building file: "../MatrixMath.c"
Invoking: C2000 Compiler
"C:/ti/ccs1270/ccs/tools/compiler/ti-cgt-c2000_22.6.1.LTS/bin/cl2000" -v28 -ml -mt --cla_support=cla1 --float_support=fpu32 --tmu_support=tmu0 --vcu_support=vcu2 -Ooff --include_path="C:/MARIUS_FINAL_PROJECT/se423_final_project/workspace/FinalProjectwithCANAprilStarter" --include_path="C:/MARIUS_FINAL_PROJECT/se423_final_project/C2000Ware_4_01_00_00/device_support/f2837xd/common/include" --include_path="C:/MARIUS_FINAL_PROJECT/se423_final_project/C2000Ware_4_01_00_00/device_support/f2837xd/headers/include" --include_path="C:/MARIUS_FINAL_PROJECT/se423_final_project/workspace/FinalProjectwithCANAprilStarter/device" --include_path="C:/MARIUS_FINAL_PROJECT/se423_final_project/C2000Ware_4_01_00_00/driverlib/f2837xd/driverlib" --include_path="C:/MARIUS_FINAL_PROJECT/se423_final_project/C2000Ware_4_01_00_00/libraries/dsp/FPU/c28/include" --include_path="C:/ti/ccs1270/ccs/tools/compiler/ti-cgt-c2000_22.6.1.LTS/include" --define=DEBUG --define=_FLASH --define=_LAUNCHXL_F28379D --define=_DUAL_HEADERS --define=CPU1 --c11 --diag_suppress=10063 --diag_warning=225 --diag_wrap=off --display_error_number --abi=coffabi --preproc_with_compile --preproc_dependency="MatrixMath.d_raw"  "../MatrixMath.c"
"../MatrixMath.c", line 39 (col. 19): advice #2614-D: (Performance) Use --fp_mode=relaxed to enable TMU hardware support for FP division.
Finished building: "../MatrixMath.c"
 
Building file: "../user_xy.c"
Invoking: C2000 Compiler
"C:/ti/ccs1270/ccs/tools/compiler/ti-cgt-c2000_22.6.1.LTS/bin/cl2000" -v28 -ml -mt --cla_support=cla1 --float_support=fpu32 --tmu_support=tmu0 --vcu_support=vcu2 -Ooff --include_path="C:/MARIUS_FINAL_PROJECT/se423_final_project/workspace/FinalProjectwithCANAprilStarter" --include_path="C:/MARIUS_FINAL_PROJECT/se423_final_project/C2000Ware_4_01_00_00/device_support/f2837xd/common/include" --include_path="C:/MARIUS_FINAL_PROJECT/se423_final_project/C2000Ware_4_01_00_00/device_support/f2837xd/headers/include" --include_path="C:/MARIUS_FINAL_PROJECT/se423_final_project/workspace/FinalProjectwithCANAprilStarter/device" --include_path="C:/MARIUS_FINAL_PROJECT/se423_final_project/C2000Ware_4_01_00_00/driverlib/f2837xd/driverlib" --include_path="C:/MARIUS_FINAL_PROJECT/se423_final_project/C2000Ware_4_01_00_00/libraries/dsp/FPU/c28/include" --include_path="C:/ti/ccs1270/ccs/tools/compiler/ti-cgt-c2000_22.6.1.LTS/include" --define=DEBUG --define=_FLASH --define=_LAUNCHXL_F28379D --define=_DUAL_HEADERS --define=CPU1 --c11 --diag_suppress=10063 --diag_warning=225 --diag_wrap=off --display_error_number --abi=coffabi --preproc_with_compile --preproc_dependency="user_xy.d_raw"  "../user_xy.c"
"../user_xy.c", line 58 (col. 15): advice #2614-D: (Performance) Use --fp_mode=relaxed to enable TMU hardware support for atan2f.
"../user_xy.c", line 74 (col. 49): advice #2614-D: (Performance) Use --fp_mode=relaxed to enable TMU hardware support for FP division.
"../user_xy.c", line 83 (col. 14): advice #2614-D: (Performance) Use --fp_mode=relaxed to enable TMU hardware support for sqrtf.
Finished building: "../user_xy.c"
 
Building file: "../device/device.c"
Invoking: C2000 Compiler
"C:/ti/ccs1270/ccs/tools/compiler/ti-cgt-c2000_22.6.1.LTS/bin/cl2000" -v28 -ml -mt --cla_support=cla1 --float_support=fpu32 --tmu_support=tmu0 --vcu_support=vcu2 -Ooff --include_path="C:/MARIUS_FINAL_PROJECT/se423_final_project/workspace/FinalProjectwithCANAprilStarter" --include_path="C:/MARIUS_FINAL_PROJECT/se423_final_project/C2000Ware_4_01_00_00/device_support/f2837xd/common/include" --include_path="C:/MARIUS_FINAL_PROJECT/se423_final_project/C2000Ware_4_01_00_00/device_support/f2837xd/headers/include" --include_path="C:/MARIUS_FINAL_PROJECT/se423_final_project/workspace/FinalProjectwithCANAprilStarter/device" --include_path="C:/MARIUS_FINAL_PROJECT/se423_final_project/C2000Ware_4_01_00_00/driverlib/f2837xd/driverlib" --include_path="C:/MARIUS_FINAL_PROJECT/se423_final_project/C2000Ware_4_01_00_00/libraries/dsp/FPU/c28/include" --include_path="C:/ti/ccs1270/ccs/tools/compiler/ti-cgt-c2000_22.6.1.LTS/include" --define=DEBUG --define=_FLASH --define=_LAUNCHXL_F28379D --define=_DUAL_HEADERS --define=CPU1 --c11 --diag_suppress=10063 --diag_warning=225 --diag_wrap=off --display_error_number --abi=coffabi --preproc_with_compile --preproc_dependency="device/device.d_raw" --obj_directory="device"  "../device/device.c"
Finished building: "../device/device.c"
 
Building file: "../FinalProjectwithCANAprilStarter_main.c"
Invoking: C2000 Compiler
"C:/ti/ccs1270/ccs/tools/compiler/ti-cgt-c2000_22.6.1.LTS/bin/cl2000" -v28 -ml -mt --cla_support=cla1 --float_support=fpu32 --tmu_support=tmu0 --vcu_support=vcu2 -Ooff --include_path="C:/MARIUS_FINAL_PROJECT/se423_final_project/workspace/FinalProjectwithCANAprilStarter" --include_path="C:/MARIUS_FINAL_PROJECT/se423_final_project/C2000Ware_4_01_00_00/device_support/f2837xd/common/include" --include_path="C:/MARIUS_FINAL_PROJECT/se423_final_project/C2000Ware_4_01_00_00/device_support/f2837xd/headers/include" --include_path="C:/MARIUS_FINAL_PROJECT/se423_final_project/workspace/FinalProjectwithCANAprilStarter/device" --include_path="C:/MARIUS_FINAL_PROJECT/se423_final_project/C2000Ware_4_01_00_00/driverlib/f2837xd/driverlib" --include_path="C:/MARIUS_FINAL_PROJECT/se423_final_project/C2000Ware_4_01_00_00/libraries/dsp/FPU/c28/include" --include_path="C:/ti/ccs1270/ccs/tools/compiler/ti-cgt-c2000_22.6.1.LTS/include" --define=DEBUG --define=_FLASH --define=_LAUNCHXL_F28379D --define=_DUAL_HEADERS --define=CPU1 --c11 --diag_suppress=10063 --diag_warning=225 --diag_wrap=off --display_error_number --abi=coffabi --preproc_with_compile --preproc_dependency="FinalProjectwithCANAprilStarter_main.d_raw"  "../FinalProjectwithCANAprilStarter_main.c"
"../FinalProjectwithCANAprilStarter_main.c", line 724 (col. 32): advice #2614-D: (Performance) Use --fp_mode=relaxed to enable TMU hardware support for FP division.
"../FinalProjectwithCANAprilStarter_main.c", line 1035 (col. 23): advice #2614-D: (Performance) Use --fp_mode=relaxed to enable TMU hardware support for cosf.
"../FinalProjectwithCANAprilStarter_main.c", line 1036 (col. 23): advice #2614-D: (Performance) Use --fp_mode=relaxed to enable TMU hardware support for sinf.
Finished building: "../FinalProjectwithCANAprilStarter_main.c"
 
Building file: "../SE423Lib.c"
Invoking: C2000 Compiler
"C:/ti/ccs1270/ccs/tools/compiler/ti-cgt-c2000_22.6.1.LTS/bin/cl2000" -v28 -ml -mt --cla_support=cla1 --float_support=fpu32 --tmu_support=tmu0 --vcu_support=vcu2 -Ooff --include_path="C:/MARIUS_FINAL_PROJECT/se423_final_project/workspace/FinalProjectwithCANAprilStarter" --include_path="C:/MARIUS_FINAL_PROJECT/se423_final_project/C2000Ware_4_01_00_00/device_support/f2837xd/common/include" --include_path="C:/MARIUS_FINAL_PROJECT/se423_final_project/C2000Ware_4_01_00_00/device_support/f2837xd/headers/include" --include_path="C:/MARIUS_FINAL_PROJECT/se423_final_project/workspace/FinalProjectwithCANAprilStarter/device" --include_path="C:/MARIUS_FINAL_PROJECT/se423_final_project/C2000Ware_4_01_00_00/driverlib/f2837xd/driverlib" --include_path="C:/MARIUS_FINAL_PROJECT/se423_final_project/C2000Ware_4_01_00_00/libraries/dsp/FPU/c28/include" --include_path="C:/ti/ccs1270/ccs/tools/compiler/ti-cgt-c2000_22.6.1.LTS/include" --define=DEBUG --define=_FLASH --define=_LAUNCHXL_F28379D --define=_DUAL_HEADERS --define=CPU1 --c11 --diag_suppress=10063 --diag_warning=225 --diag_wrap=off --display_error_number --abi=coffabi --preproc_with_compile --preproc_dependency="SE423Lib.d_raw"  "../SE423Lib.c"
"../SE423Lib.c", line 26 (col. 51): advice #2614-D: (Performance) Use --fp_mode=relaxed to enable TMU hardware support for FP division.
Finished building: "../SE423Lib.c"
 
Building target: "FinalProjectwithCANAprilStarter.out"
Invoking: C2000 Linker
"C:/ti/ccs1270/ccs/tools/compiler/ti-cgt-c2000_22.6.1.LTS/bin/cl2000" -v28 -ml -mt --cla_support=cla1 --float_support=fpu32 --tmu_support=tmu0 --vcu_support=vcu2 -Ooff --define=DEBUG --define=_FLASH --define=_LAUNCHXL_F28379D --define=_DUAL_HEADERS --define=CPU1 --c11 --diag_suppress=10063 --diag_warning=225 --diag_wrap=off --display_error_number --abi=coffabi -z -m"FinalProjectwithCANAprilStarter.map" --stack_size=0x800 --warn_sections -i"C:/ti/ccs1270/ccs/tools/compiler/ti-cgt-c2000_22.6.1.LTS/lib" -i"C:/ti/ccs1270/ccs/tools/compiler/ti-cgt-c2000_22.6.1.LTS/include" --reread_libs --diag_wrap=off --display_error_number --xml_link_info="FinalProjectwithCANAprilStarter_linkInfo.xml" --rom_model -o "FinalProjectwithCANAprilStarter.out" "./F28379dCAN.obj" "./F28379dSerial.obj" "./F2837xD_Adc.obj" "./F2837xD_CodeStartBranch.obj" "./F2837xD_CpuTimers.obj" "./F2837xD_DefaultISR.obj" "./F2837xD_EPwm.obj" "./F2837xD_GlobalVariableDefs.obj" "./F2837xD_Gpio.obj" "./F2837xD_PieCtrl.obj" "./F2837xD_PieVect.obj" "./F2837xD_Spi.obj" "./F2837xD_SysCtrl.obj" "./F2837xD_usDelay.obj" "./FinalProjectwithCANAprilStarter_main.obj" "./MatrixMath.obj" "./OptiTrack.obj" "./SE423Lib.obj" "./user_xy.obj" "./device/device.obj" "../2837xD_FLASH_lnk_cpu1.cmd" "../F2837xD_Headers_nonBIOS_cpu1.cmd" "C:/MARIUS_FINAL_PROJECT/se423_final_project/C2000Ware_4_01_00_00/libraries/dsp/FPU/c28/lib/c28x_fpu_dsp_library.lib" "C:/MARIUS_FINAL_PROJECT/se423_final_project/C2000Ware_4_01_00_00/driverlib/f2837xd/driverlib/ccs/Debug/driverlib.lib"  -llibc.a 
<Linking>
Finished building target: "FinalProjectwithCANAprilStarter.out"
 
C:/Program Files/C2Prog 2.x/c2p-cli mkehx --target=28379,378,377,375D-CPU01_SCI FinalProjectwithCANAprilStarter.out FlashIt.ehx
makefile:176: recipe for target 'post-build' failed
process_begin: CreateProcess(NULL, C:/Program Files/C2Prog 2.x/c2p-cli mkehx --target=28379,378,377,375D-CPU01_SCI FinalProjectwithCANAprilStarter.out FlashIt.ehx, ...) failed.
 
gmake[2]: [post-build] Error 2 (ignored)
 

**** Build Finished ****

**** Build of configuration CPU1_FLASH for project FinalProjectwithCANAprilStarter ****

"C:\\ti\\ccs1270\\ccs\\utils\\bin\\gmake" -k -j 12 all -O 
 
Building file: "../FinalProjectwithCANAprilStarter_main.c"
Invoking: C2000 Compiler
"C:/ti/ccs1270/ccs/tools/compiler/ti-cgt-c2000_22.6.1.LTS/bin/cl2000" -v28 -ml -mt --cla_support=cla1 --float_support=fpu32 --tmu_support=tmu0 --vcu_support=vcu2 -Ooff --include_path="C:/MARIUS_FINAL_PROJECT/se423_final_project/workspace/FinalProjectwithCANAprilStarter" --include_path="C:/MARIUS_FINAL_PROJECT/se423_final_project/C2000Ware_4_01_00_00/device_support/f2837xd/common/include" --include_path="C:/MARIUS_FINAL_PROJECT/se423_final_project/C2000Ware_4_01_00_00/device_support/f2837xd/headers/include" --include_path="C:/MARIUS_FINAL_PROJECT/se423_final_project/workspace/FinalProjectwithCANAprilStarter/device" --include_path="C:/MARIUS_FINAL_PROJECT/se423_final_project/C2000Ware_4_01_00_00/driverlib/f2837xd/driverlib" --include_path="C:/MARIUS_FINAL_PROJECT/se423_final_project/C2000Ware_4_01_00_00/libraries/dsp/FPU/c28/include" --include_path="C:/ti/ccs1270/ccs/tools/compiler/ti-cgt-c2000_22.6.1.LTS/include" --define=DEBUG --define=_FLASH --define=_LAUNCHXL_F28379D --define=_DUAL_HEADERS --define=CPU1 --c11 --diag_suppress=10063 --diag_warning=225 --diag_wrap=off --display_error_number --abi=coffabi --preproc_with_compile --preproc_dependency="FinalProjectwithCANAprilStarter_main.d_raw"  "../FinalProjectwithCANAprilStarter_main.c"
"../FinalProjectwithCANAprilStarter_main.c", line 729 (col. 32): advice #2614-D: (Performance) Use --fp_mode=relaxed to enable TMU hardware support for FP division.
"../FinalProjectwithCANAprilStarter_main.c", line 1040 (col. 23): advice #2614-D: (Performance) Use --fp_mode=relaxed to enable TMU hardware support for cosf.
"../FinalProjectwithCANAprilStarter_main.c", line 1041 (col. 23): advice #2614-D: (Performance) Use --fp_mode=relaxed to enable TMU hardware support for sinf.
Finished building: "../FinalProjectwithCANAprilStarter_main.c"
 
Building target: "FinalProjectwithCANAprilStarter.out"
Invoking: C2000 Linker
"C:/ti/ccs1270/ccs/tools/compiler/ti-cgt-c2000_22.6.1.LTS/bin/cl2000" -v28 -ml -mt --cla_support=cla1 --float_support=fpu32 --tmu_support=tmu0 --vcu_support=vcu2 -Ooff --define=DEBUG --define=_FLASH --define=_LAUNCHXL_F28379D --define=_DUAL_HEADERS --define=CPU1 --c11 --diag_suppress=10063 --diag_warning=225 --diag_wrap=off --display_error_number --abi=coffabi -z -m"FinalProjectwithCANAprilStarter.map" --stack_size=0x800 --warn_sections -i"C:/ti/ccs1270/ccs/tools/compiler/ti-cgt-c2000_22.6.1.LTS/lib" -i"C:/ti/ccs1270/ccs/tools/compiler/ti-cgt-c2000_22.6.1.LTS/include" --reread_libs --diag_wrap=off --display_error_number --xml_link_info="FinalProjectwithCANAprilStarter_linkInfo.xml" --rom_model -o "FinalProjectwithCANAprilStarter.out" "./F28379dCAN.obj" "./F28379dSerial.obj" "./F2837xD_Adc.obj" "./F2837xD_CodeStartBranch.obj" "./F2837xD_CpuTimers.obj" "./F2837xD_DefaultISR.obj" "./F2837xD_EPwm.obj" "./F2837xD_GlobalVariableDefs.obj" "./F2837xD_Gpio.obj" "./F2837xD_PieCtrl.obj" "./F2837xD_PieVect.obj" "./F2837xD_Spi.obj" "./F2837xD_SysCtrl.obj" "./F2837xD_usDelay.obj" "./FinalProjectwithCANAprilStarter_main.obj" "./MatrixMath.obj" "./OptiTrack.obj" "./SE423Lib.obj" "./user_xy.obj" "./device/device.obj" "../2837xD_FLASH_lnk_cpu1.cmd" "../F2837xD_Headers_nonBIOS_cpu1.cmd" "C:/MARIUS_FINAL_PROJECT/se423_final_project/C2000Ware_4_01_00_00/libraries/dsp/FPU/c28/lib/c28x_fpu_dsp_library.lib" "C:/MARIUS_FINAL_PROJECT/se423_final_project/C2000Ware_4_01_00_00/driverlib/f2837xd/driverlib/ccs/Debug/driverlib.lib"  -llibc.a 
<Linking>
Finished building target: "FinalProjectwithCANAprilStarter.out"
 
C:/Program Files/C2Prog 2.x/c2p-cli mkehx --target=28379,378,377,375D-CPU01_SCI FinalProjectwithCANAprilStarter.out FlashIt.ehx
makefile:176: recipe for target 'post-build' failed
process_begin: CreateProcess(NULL, C:/Program Files/C2Prog 2.x/c2p-cli mkehx --target=28379,378,377,375D-CPU01_SCI FinalProjectwithCANAprilStarter.out FlashIt.ehx, ...) failed.
 
gmake[2]: [post-build] Error 2 (ignored)
 

**** Build Finished ****

**** Build of configuration CPU1_FLASH for project FinalProjectwithCANAprilStarter ****

"C:\\ti\\ccs1270\\ccs\\utils\\bin\\gmake" -k -j 12 all -O 
 
gmake[1]: 'FinalProjectwithCANAprilStarter.out' is up to date.

**** Build Finished ****

**** Build of configuration CPU1_FLASH for project FinalProjectwithCANAprilStarter ****

"C:\\ti\\ccs1270\\ccs\\utils\\bin\\gmake" -k -j 12 all -O 
 
gmake[1]: 'FinalProjectwithCANAprilStarter.out' is up to date.

**** Build Finished ****

**** Build of configuration CPU1_FLASH for project FinalProjectwithCANAprilStarter ****

"C:\\ti\\ccs1270\\ccs\\utils\\bin\\gmake" -k -j 12 all -O 
 
Building file: "../FinalProjectwithCANAprilStarter_main.c"
Invoking: C2000 Compiler
"C:/ti/ccs1270/ccs/tools/compiler/ti-cgt-c2000_22.6.1.LTS/bin/cl2000" -v28 -ml -mt --cla_support=cla1 --float_support=fpu32 --tmu_support=tmu0 --vcu_support=vcu2 -Ooff --include_path="C:/MARIUS_FINAL_PROJECT/se423_final_project/workspace/FinalProjectwithCANAprilStarter" --include_path="C:/MARIUS_FINAL_PROJECT/se423_final_project/C2000Ware_4_01_00_00/device_support/f2837xd/common/include" --include_path="C:/MARIUS_FINAL_PROJECT/se423_final_project/C2000Ware_4_01_00_00/device_support/f2837xd/headers/include" --include_path="C:/MARIUS_FINAL_PROJECT/se423_final_project/workspace/FinalProjectwithCANAprilStarter/device" --include_path="C:/MARIUS_FINAL_PROJECT/se423_final_project/C2000Ware_4_01_00_00/driverlib/f2837xd/driverlib" --include_path="C:/MARIUS_FINAL_PROJECT/se423_final_project/C2000Ware_4_01_00_00/libraries/dsp/FPU/c28/include" --include_path="C:/ti/ccs1270/ccs/tools/compiler/ti-cgt-c2000_22.6.1.LTS/include" --define=DEBUG --define=_FLASH --define=_LAUNCHXL_F28379D --define=_DUAL_HEADERS --define=CPU1 --c11 --diag_suppress=10063 --diag_warning=225 --diag_wrap=off --display_error_number --abi=coffabi --preproc_with_compile --preproc_dependency="FinalProjectwithCANAprilStarter_main.d_raw"  "../FinalProjectwithCANAprilStarter_main.c"
"../FinalProjectwithCANAprilStarter_main.c", line 1214: warning #112-D: statement is unreachable
"../FinalProjectwithCANAprilStarter_main.c", line 729 (col. 32): advice #2614-D: (Performance) Use --fp_mode=relaxed to enable TMU hardware support for FP division.
"../FinalProjectwithCANAprilStarter_main.c", line 1040 (col. 23): advice #2614-D: (Performance) Use --fp_mode=relaxed to enable TMU hardware support for cosf.
"../FinalProjectwithCANAprilStarter_main.c", line 1041 (col. 23): advice #2614-D: (Performance) Use --fp_mode=relaxed to enable TMU hardware support for sinf.
Finished building: "../FinalProjectwithCANAprilStarter_main.c"
 
Building target: "FinalProjectwithCANAprilStarter.out"
Invoking: C2000 Linker
"C:/ti/ccs1270/ccs/tools/compiler/ti-cgt-c2000_22.6.1.LTS/bin/cl2000" -v28 -ml -mt --cla_support=cla1 --float_support=fpu32 --tmu_support=tmu0 --vcu_support=vcu2 -Ooff --define=DEBUG --define=_FLASH --define=_LAUNCHXL_F28379D --define=_DUAL_HEADERS --define=CPU1 --c11 --diag_suppress=10063 --diag_warning=225 --diag_wrap=off --display_error_number --abi=coffabi -z -m"FinalProjectwithCANAprilStarter.map" --stack_size=0x800 --warn_sections -i"C:/ti/ccs1270/ccs/tools/compiler/ti-cgt-c2000_22.6.1.LTS/lib" -i"C:/ti/ccs1270/ccs/tools/compiler/ti-cgt-c2000_22.6.1.LTS/include" --reread_libs --diag_wrap=off --display_error_number --xml_link_info="FinalProjectwithCANAprilStarter_linkInfo.xml" --rom_model -o "FinalProjectwithCANAprilStarter.out" "./F28379dCAN.obj" "./F28379dSerial.obj" "./F2837xD_Adc.obj" "./F2837xD_CodeStartBranch.obj" "./F2837xD_CpuTimers.obj" "./F2837xD_DefaultISR.obj" "./F2837xD_EPwm.obj" "./F2837xD_GlobalVariableDefs.obj" "./F2837xD_Gpio.obj" "./F2837xD_PieCtrl.obj" "./F2837xD_PieVect.obj" "./F2837xD_Spi.obj" "./F2837xD_SysCtrl.obj" "./F2837xD_usDelay.obj" "./FinalProjectwithCANAprilStarter_main.obj" "./MatrixMath.obj" "./OptiTrack.obj" "./SE423Lib.obj" "./user_xy.obj" "./device/device.obj" "../2837xD_FLASH_lnk_cpu1.cmd" "../F2837xD_Headers_nonBIOS_cpu1.cmd" "C:/MARIUS_FINAL_PROJECT/se423_final_project/C2000Ware_4_01_00_00/libraries/dsp/FPU/c28/lib/c28x_fpu_dsp_library.lib" "C:/MARIUS_FINAL_PROJECT/se423_final_project/C2000Ware_4_01_00_00/driverlib/f2837xd/driverlib/ccs/Debug/driverlib.lib"  -llibc.a 
<Linking>
Finished building target: "FinalProjectwithCANAprilStarter.out"
 
C:/Program Files/C2Prog 2.x/c2p-cli mkehx --target=28379,378,377,375D-CPU01_SCI FinalProjectwithCANAprilStarter.out FlashIt.ehx
makefile:176: recipe for target 'post-build' failed
process_begin: CreateProcess(NULL, C:/Program Files/C2Prog 2.x/c2p-cli mkehx --target=28379,378,377,375D-CPU01_SCI FinalProjectwithCANAprilStarter.out FlashIt.ehx, ...) failed.
 
gmake[2]: [post-build] Error 2 (ignored)
 

**** Build Finished ****

**** Build of configuration CPU1_FLASH for project FinalProjectwithCANAprilStarter ****

"C:\\ti\\ccs1270\\ccs\\utils\\bin\\gmake" -k -j 12 all -O 
 
Building file: "../FinalProjectwithCANAprilStarter_main.c"
Invoking: C2000 Compiler
"C:/ti/ccs1270/ccs/tools/compiler/ti-cgt-c2000_22.6.1.LTS/bin/cl2000" -v28 -ml -mt --cla_support=cla1 --float_support=fpu32 --tmu_support=tmu0 --vcu_support=vcu2 -Ooff --include_path="C:/MARIUS_FINAL_PROJECT/se423_final_project/workspace/FinalProjectwithCANAprilStarter" --include_path="C:/MARIUS_FINAL_PROJECT/se423_final_project/C2000Ware_4_01_00_00/device_support/f2837xd/common/include" --include_path="C:/MARIUS_FINAL_PROJECT/se423_final_project/C2000Ware_4_01_00_00/device_support/f2837xd/headers/include" --include_path="C:/MARIUS_FINAL_PROJECT/se423_final_project/workspace/FinalProjectwithCANAprilStarter/device" --include_path="C:/MARIUS_FINAL_PROJECT/se423_final_project/C2000Ware_4_01_00_00/driverlib/f2837xd/driverlib" --include_path="C:/MARIUS_FINAL_PROJECT/se423_final_project/C2000Ware_4_01_00_00/libraries/dsp/FPU/c28/include" --include_path="C:/ti/ccs1270/ccs/tools/compiler/ti-cgt-c2000_22.6.1.LTS/include" --define=DEBUG --define=_FLASH --define=_LAUNCHXL_F28379D --define=_DUAL_HEADERS --define=CPU1 --c11 --diag_suppress=10063 --diag_warning=225 --diag_wrap=off --display_error_number --abi=coffabi --preproc_with_compile --preproc_dependency="FinalProjectwithCANAprilStarter_main.d_raw"  "../FinalProjectwithCANAprilStarter_main.c"
"../FinalProjectwithCANAprilStarter_main.c", line 729 (col. 32): advice #2614-D: (Performance) Use --fp_mode=relaxed to enable TMU hardware support for FP division.
"../FinalProjectwithCANAprilStarter_main.c", line 1040 (col. 23): advice #2614-D: (Performance) Use --fp_mode=relaxed to enable TMU hardware support for cosf.
"../FinalProjectwithCANAprilStarter_main.c", line 1041 (col. 23): advice #2614-D: (Performance) Use --fp_mode=relaxed to enable TMU hardware support for sinf.
Finished building: "../FinalProjectwithCANAprilStarter_main.c"
 
Building target: "FinalProjectwithCANAprilStarter.out"
Invoking: C2000 Linker
"C:/ti/ccs1270/ccs/tools/compiler/ti-cgt-c2000_22.6.1.LTS/bin/cl2000" -v28 -ml -mt --cla_support=cla1 --float_support=fpu32 --tmu_support=tmu0 --vcu_support=vcu2 -Ooff --define=DEBUG --define=_FLASH --define=_LAUNCHXL_F28379D --define=_DUAL_HEADERS --define=CPU1 --c11 --diag_suppress=10063 --diag_warning=225 --diag_wrap=off --display_error_number --abi=coffabi -z -m"FinalProjectwithCANAprilStarter.map" --stack_size=0x800 --warn_sections -i"C:/ti/ccs1270/ccs/tools/compiler/ti-cgt-c2000_22.6.1.LTS/lib" -i"C:/ti/ccs1270/ccs/tools/compiler/ti-cgt-c2000_22.6.1.LTS/include" --reread_libs --diag_wrap=off --display_error_number --xml_link_info="FinalProjectwithCANAprilStarter_linkInfo.xml" --rom_model -o "FinalProjectwithCANAprilStarter.out" "./F28379dCAN.obj" "./F28379dSerial.obj" "./F2837xD_Adc.obj" "./F2837xD_CodeStartBranch.obj" "./F2837xD_CpuTimers.obj" "./F2837xD_DefaultISR.obj" "./F2837xD_EPwm.obj" "./F2837xD_GlobalVariableDefs.obj" "./F2837xD_Gpio.obj" "./F2837xD_PieCtrl.obj" "./F2837xD_PieVect.obj" "./F2837xD_Spi.obj" "./F2837xD_SysCtrl.obj" "./F2837xD_usDelay.obj" "./FinalProjectwithCANAprilStarter_main.obj" "./MatrixMath.obj" "./OptiTrack.obj" "./SE423Lib.obj" "./user_xy.obj" "./device/device.obj" "../2837xD_FLASH_lnk_cpu1.cmd" "../F2837xD_Headers_nonBIOS_cpu1.cmd" "C:/MARIUS_FINAL_PROJECT/se423_final_project/C2000Ware_4_01_00_00/libraries/dsp/FPU/c28/lib/c28x_fpu_dsp_library.lib" "C:/MARIUS_FINAL_PROJECT/se423_final_project/C2000Ware_4_01_00_00/driverlib/f2837xd/driverlib/ccs/Debug/driverlib.lib"  -llibc.a 
<Linking>
Finished building target: "FinalProjectwithCANAprilStarter.out"
 
C:/Program Files/C2Prog 2.x/c2p-cli mkehx --target=28379,378,377,375D-CPU01_SCI FinalProjectwithCANAprilStarter.out FlashIt.ehx
makefile:176: recipe for target 'post-build' failed
process_begin: CreateProcess(NULL, C:/Program Files/C2Prog 2.x/c2p-cli mkehx --target=28379,378,377,375D-CPU01_SCI FinalProjectwithCANAprilStarter.out FlashIt.ehx, ...) failed.
 
gmake[2]: [post-build] Error 2 (ignored)
 

**** Build Finished ****

**** Build of configuration CPU1_FLASH for project FinalProjectwithCANAprilStarter ****

"C:\\ti\\ccs1270\\ccs\\utils\\bin\\gmake" -k -j 12 all -O 
 
gmake[1]: 'FinalProjectwithCANAprilStarter.out' is up to date.

**** Build Finished ****

**** Build of configuration CPU1_FLASH for project FinalProjectwithCANAprilStarter ****

"C:\\ti\\ccs1270\\ccs\\utils\\bin\\gmake" -k -j 12 all -O 
 
gmake[1]: 'FinalProjectwithCANAprilStarter.out' is up to date.

**** Build Finished ****

**** Build of configuration CPU1_FLASH for project FinalProjectwithCANAprilStarter ****

"C:\\ti\\ccs1270\\ccs\\utils\\bin\\gmake" -k -j 12 all -O 
 
Building file: "../FinalProjectwithCANAprilStarter_main.c"
Invoking: C2000 Compiler
"C:/ti/ccs1270/ccs/tools/compiler/ti-cgt-c2000_22.6.1.LTS/bin/cl2000" -v28 -ml -mt --cla_support=cla1 --float_support=fpu32 --tmu_support=tmu0 --vcu_support=vcu2 -Ooff --include_path="C:/MARIUS_FINAL_PROJECT/se423_final_project/workspace/FinalProjectwithCANAprilStarter" --include_path="C:/MARIUS_FINAL_PROJECT/se423_final_project/C2000Ware_4_01_00_00/device_support/f2837xd/common/include" --include_path="C:/MARIUS_FINAL_PROJECT/se423_final_project/C2000Ware_4_01_00_00/device_support/f2837xd/headers/include" --include_path="C:/MARIUS_FINAL_PROJECT/se423_final_project/workspace/FinalProjectwithCANAprilStarter/device" --include_path="C:/MARIUS_FINAL_PROJECT/se423_final_project/C2000Ware_4_01_00_00/driverlib/f2837xd/driverlib" --include_path="C:/MARIUS_FINAL_PROJECT/se423_final_project/C2000Ware_4_01_00_00/libraries/dsp/FPU/c28/include" --include_path="C:/ti/ccs1270/ccs/tools/compiler/ti-cgt-c2000_22.6.1.LTS/include" --define=DEBUG --define=_FLASH --define=_LAUNCHXL_F28379D --define=_DUAL_HEADERS --define=CPU1 --c11 --diag_suppress=10063 --diag_warning=225 --diag_wrap=off --display_error_number --abi=coffabi --preproc_with_compile --preproc_dependency="FinalProjectwithCANAprilStarter_main.d_raw"  "../FinalProjectwithCANAprilStarter_main.c"
"../FinalProjectwithCANAprilStarter_main.c", line 734 (col. 32): advice #2614-D: (Performance) Use --fp_mode=relaxed to enable TMU hardware support for FP division.
"../FinalProjectwithCANAprilStarter_main.c", line 1045 (col. 23): advice #2614-D: (Performance) Use --fp_mode=relaxed to enable TMU hardware support for cosf.
"../FinalProjectwithCANAprilStarter_main.c", line 1046 (col. 23): advice #2614-D: (Performance) Use --fp_mode=relaxed to enable TMU hardware support for sinf.
Finished building: "../FinalProjectwithCANAprilStarter_main.c"
 
Building target: "FinalProjectwithCANAprilStarter.out"
Invoking: C2000 Linker
"C:/ti/ccs1270/ccs/tools/compiler/ti-cgt-c2000_22.6.1.LTS/bin/cl2000" -v28 -ml -mt --cla_support=cla1 --float_support=fpu32 --tmu_support=tmu0 --vcu_support=vcu2 -Ooff --define=DEBUG --define=_FLASH --define=_LAUNCHXL_F28379D --define=_DUAL_HEADERS --define=CPU1 --c11 --diag_suppress=10063 --diag_warning=225 --diag_wrap=off --display_error_number --abi=coffabi -z -m"FinalProjectwithCANAprilStarter.map" --stack_size=0x800 --warn_sections -i"C:/ti/ccs1270/ccs/tools/compiler/ti-cgt-c2000_22.6.1.LTS/lib" -i"C:/ti/ccs1270/ccs/tools/compiler/ti-cgt-c2000_22.6.1.LTS/include" --reread_libs --diag_wrap=off --display_error_number --xml_link_info="FinalProjectwithCANAprilStarter_linkInfo.xml" --rom_model -o "FinalProjectwithCANAprilStarter.out" "./F28379dCAN.obj" "./F28379dSerial.obj" "./F2837xD_Adc.obj" "./F2837xD_CodeStartBranch.obj" "./F2837xD_CpuTimers.obj" "./F2837xD_DefaultISR.obj" "./F2837xD_EPwm.obj" "./F2837xD_GlobalVariableDefs.obj" "./F2837xD_Gpio.obj" "./F2837xD_PieCtrl.obj" "./F2837xD_PieVect.obj" "./F2837xD_Spi.obj" "./F2837xD_SysCtrl.obj" "./F2837xD_usDelay.obj" "./FinalProjectwithCANAprilStarter_main.obj" "./MatrixMath.obj" "./OptiTrack.obj" "./SE423Lib.obj" "./user_xy.obj" "./device/device.obj" "../2837xD_FLASH_lnk_cpu1.cmd" "../F2837xD_Headers_nonBIOS_cpu1.cmd" "C:/MARIUS_FINAL_PROJECT/se423_final_project/C2000Ware_4_01_00_00/libraries/dsp/FPU/c28/lib/c28x_fpu_dsp_library.lib" "C:/MARIUS_FINAL_PROJECT/se423_final_project/C2000Ware_4_01_00_00/driverlib/f2837xd/driverlib/ccs/Debug/driverlib.lib"  -llibc.a 
<Linking>
Finished building target: "FinalProjectwithCANAprilStarter.out"
 
C:/Program Files/C2Prog 2.x/c2p-cli mkehx --target=28379,378,377,375D-CPU01_SCI FinalProjectwithCANAprilStarter.out FlashIt.ehx
makefile:176: recipe for target 'post-build' failed
process_begin: CreateProcess(NULL, C:/Program Files/C2Prog 2.x/c2p-cli mkehx --target=28379,378,377,375D-CPU01_SCI FinalProjectwithCANAprilStarter.out FlashIt.ehx, ...) failed.
 
gmake[2]: [post-build] Error 2 (ignored)
 

**** Build Finished ****

**** Build of configuration CPU1_FLASH for project FinalProjectwithCANAprilStarter ****

"C:\\ti\\ccs1270\\ccs\\utils\\bin\\gmake" -k -j 12 all -O 
 
gmake[1]: 'FinalProjectwithCANAprilStarter.out' is up to date.

**** Build Finished ****

**** Build of configuration CPU1_FLASH for project FinalProjectwithCANAprilStarter ****

"C:\\ti\\ccs1270\\ccs\\utils\\bin\\gmake" -k -j 12 all -O 
 
Building file: "../FinalProjectwithCANAprilStarter_main.c"
Invoking: C2000 Compiler
"C:/ti/ccs1270/ccs/tools/compiler/ti-cgt-c2000_22.6.1.LTS/bin/cl2000" -v28 -ml -mt --cla_support=cla1 --float_support=fpu32 --tmu_support=tmu0 --vcu_support=vcu2 -Ooff --include_path="C:/MARIUS_FINAL_PROJECT/se423_final_project/workspace/FinalProjectwithCANAprilStarter" --include_path="C:/MARIUS_FINAL_PROJECT/se423_final_project/C2000Ware_4_01_00_00/device_support/f2837xd/common/include" --include_path="C:/MARIUS_FINAL_PROJECT/se423_final_project/C2000Ware_4_01_00_00/device_support/f2837xd/headers/include" --include_path="C:/MARIUS_FINAL_PROJECT/se423_final_project/workspace/FinalProjectwithCANAprilStarter/device" --include_path="C:/MARIUS_FINAL_PROJECT/se423_final_project/C2000Ware_4_01_00_00/driverlib/f2837xd/driverlib" --include_path="C:/MARIUS_FINAL_PROJECT/se423_final_project/C2000Ware_4_01_00_00/libraries/dsp/FPU/c28/include" --include_path="C:/ti/ccs1270/ccs/tools/compiler/ti-cgt-c2000_22.6.1.LTS/include" --define=DEBUG --define=_FLASH --define=_LAUNCHXL_F28379D --define=_DUAL_HEADERS --define=CPU1 --c11 --diag_suppress=10063 --diag_warning=225 --diag_wrap=off --display_error_number --abi=coffabi --preproc_with_compile --preproc_dependency="FinalProjectwithCANAprilStarter_main.d_raw"  "../FinalProjectwithCANAprilStarter_main.c"
"../FinalProjectwithCANAprilStarter_main.c", line 731 (col. 32): advice #2614-D: (Performance) Use --fp_mode=relaxed to enable TMU hardware support for FP division.
"../FinalProjectwithCANAprilStarter_main.c", line 1042 (col. 23): advice #2614-D: (Performance) Use --fp_mode=relaxed to enable TMU hardware support for cosf.
"../FinalProjectwithCANAprilStarter_main.c", line 1043 (col. 23): advice #2614-D: (Performance) Use --fp_mode=relaxed to enable TMU hardware support for sinf.
Finished building: "../FinalProjectwithCANAprilStarter_main.c"
 
Building target: "FinalProjectwithCANAprilStarter.out"
Invoking: C2000 Linker
"C:/ti/ccs1270/ccs/tools/compiler/ti-cgt-c2000_22.6.1.LTS/bin/cl2000" -v28 -ml -mt --cla_support=cla1 --float_support=fpu32 --tmu_support=tmu0 --vcu_support=vcu2 -Ooff --define=DEBUG --define=_FLASH --define=_LAUNCHXL_F28379D --define=_DUAL_HEADERS --define=CPU1 --c11 --diag_suppress=10063 --diag_warning=225 --diag_wrap=off --display_error_number --abi=coffabi -z -m"FinalProjectwithCANAprilStarter.map" --stack_size=0x800 --warn_sections -i"C:/ti/ccs1270/ccs/tools/compiler/ti-cgt-c2000_22.6.1.LTS/lib" -i"C:/ti/ccs1270/ccs/tools/compiler/ti-cgt-c2000_22.6.1.LTS/include" --reread_libs --diag_wrap=off --display_error_number --xml_link_info="FinalProjectwithCANAprilStarter_linkInfo.xml" --rom_model -o "FinalProjectwithCANAprilStarter.out" "./F28379dCAN.obj" "./F28379dSerial.obj" "./F2837xD_Adc.obj" "./F2837xD_CodeStartBranch.obj" "./F2837xD_CpuTimers.obj" "./F2837xD_DefaultISR.obj" "./F2837xD_EPwm.obj" "./F2837xD_GlobalVariableDefs.obj" "./F2837xD_Gpio.obj" "./F2837xD_PieCtrl.obj" "./F2837xD_PieVect.obj" "./F2837xD_Spi.obj" "./F2837xD_SysCtrl.obj" "./F2837xD_usDelay.obj" "./FinalProjectwithCANAprilStarter_main.obj" "./MatrixMath.obj" "./OptiTrack.obj" "./SE423Lib.obj" "./user_xy.obj" "./device/device.obj" "../2837xD_FLASH_lnk_cpu1.cmd" "../F2837xD_Headers_nonBIOS_cpu1.cmd" "C:/MARIUS_FINAL_PROJECT/se423_final_project/C2000Ware_4_01_00_00/libraries/dsp/FPU/c28/lib/c28x_fpu_dsp_library.lib" "C:/MARIUS_FINAL_PROJECT/se423_final_project/C2000Ware_4_01_00_00/driverlib/f2837xd/driverlib/ccs/Debug/driverlib.lib"  -llibc.a 
<Linking>
Finished building target: "FinalProjectwithCANAprilStarter.out"
 
C:/Program Files/C2Prog 2.x/c2p-cli mkehx --target=28379,378,377,375D-CPU01_SCI FinalProjectwithCANAprilStarter.out FlashIt.ehx
makefile:176: recipe for target 'post-build' failed
process_begin: CreateProcess(NULL, C:/Program Files/C2Prog 2.x/c2p-cli mkehx --target=28379,378,377,375D-CPU01_SCI FinalProjectwithCANAprilStarter.out FlashIt.ehx, ...) failed.
 
gmake[2]: [post-build] Error 2 (ignored)
 

**** Build Finished ****

**** Build of configuration CPU1_FLASH for project FinalProjectwithCANAprilStarter ****

"C:\\ti\\ccs1270\\ccs\\utils\\bin\\gmake" -k -j 12 all -O 
 
gmake[1]: 'FinalProjectwithCANAprilStarter.out' is up to date.

**** Build Finished ****

**** Build of configuration CPU1_FLASH for project FinalProjectwithCANAprilStarter ****

"C:\\ti\\ccs1270\\ccs\\utils\\bin\\gmake" -k -j 12 all -O 
 
gmake[1]: 'FinalProjectwithCANAprilStarter.out' is up to date.

**** Build Finished ****

**** Build of configuration CPU1_FLASH for project FinalProjectwithCANAprilStarter ****

"C:\\ti\\ccs1270\\ccs\\utils\\bin\\gmake" -k -j 12 all -O 
 
Building file: "../FinalProjectwithCANAprilStarter_main.c"
Invoking: C2000 Compiler
"C:/ti/ccs1270/ccs/tools/compiler/ti-cgt-c2000_22.6.1.LTS/bin/cl2000" -v28 -ml -mt --cla_support=cla1 --float_support=fpu32 --tmu_support=tmu0 --vcu_support=vcu2 -Ooff --include_path="C:/MARIUS_FINAL_PROJECT/se423_final_project/workspace/FinalProjectwithCANAprilStarter" --include_path="C:/MARIUS_FINAL_PROJECT/se423_final_project/C2000Ware_4_01_00_00/device_support/f2837xd/common/include" --include_path="C:/MARIUS_FINAL_PROJECT/se423_final_project/C2000Ware_4_01_00_00/device_support/f2837xd/headers/include" --include_path="C:/MARIUS_FINAL_PROJECT/se423_final_project/workspace/FinalProjectwithCANAprilStarter/device" --include_path="C:/MARIUS_FINAL_PROJECT/se423_final_project/C2000Ware_4_01_00_00/driverlib/f2837xd/driverlib" --include_path="C:/MARIUS_FINAL_PROJECT/se423_final_project/C2000Ware_4_01_00_00/libraries/dsp/FPU/c28/include" --include_path="C:/ti/ccs1270/ccs/tools/compiler/ti-cgt-c2000_22.6.1.LTS/include" --define=DEBUG --define=_FLASH --define=_LAUNCHXL_F28379D --define=_DUAL_HEADERS --define=CPU1 --c11 --diag_suppress=10063 --diag_warning=225 --diag_wrap=off --display_error_number --abi=coffabi --preproc_with_compile --preproc_dependency="FinalProjectwithCANAprilStarter_main.d_raw"  "../FinalProjectwithCANAprilStarter_main.c"
"../FinalProjectwithCANAprilStarter_main.c", line 729 (col. 32): advice #2614-D: (Performance) Use --fp_mode=relaxed to enable TMU hardware support for FP division.
"../FinalProjectwithCANAprilStarter_main.c", line 1040 (col. 23): advice #2614-D: (Performance) Use --fp_mode=relaxed to enable TMU hardware support for cosf.
"../FinalProjectwithCANAprilStarter_main.c", line 1041 (col. 23): advice #2614-D: (Performance) Use --fp_mode=relaxed to enable TMU hardware support for sinf.
Finished building: "../FinalProjectwithCANAprilStarter_main.c"
 
Building target: "FinalProjectwithCANAprilStarter.out"
Invoking: C2000 Linker
"C:/ti/ccs1270/ccs/tools/compiler/ti-cgt-c2000_22.6.1.LTS/bin/cl2000" -v28 -ml -mt --cla_support=cla1 --float_support=fpu32 --tmu_support=tmu0 --vcu_support=vcu2 -Ooff --define=DEBUG --define=_FLASH --define=_LAUNCHXL_F28379D --define=_DUAL_HEADERS --define=CPU1 --c11 --diag_suppress=10063 --diag_warning=225 --diag_wrap=off --display_error_number --abi=coffabi -z -m"FinalProjectwithCANAprilStarter.map" --stack_size=0x800 --warn_sections -i"C:/ti/ccs1270/ccs/tools/compiler/ti-cgt-c2000_22.6.1.LTS/lib" -i"C:/ti/ccs1270/ccs/tools/compiler/ti-cgt-c2000_22.6.1.LTS/include" --reread_libs --diag_wrap=off --display_error_number --xml_link_info="FinalProjectwithCANAprilStarter_linkInfo.xml" --rom_model -o "FinalProjectwithCANAprilStarter.out" "./F28379dCAN.obj" "./F28379dSerial.obj" "./F2837xD_Adc.obj" "./F2837xD_CodeStartBranch.obj" "./F2837xD_CpuTimers.obj" "./F2837xD_DefaultISR.obj" "./F2837xD_EPwm.obj" "./F2837xD_GlobalVariableDefs.obj" "./F2837xD_Gpio.obj" "./F2837xD_PieCtrl.obj" "./F2837xD_PieVect.obj" "./F2837xD_Spi.obj" "./F2837xD_SysCtrl.obj" "./F2837xD_usDelay.obj" "./FinalProjectwithCANAprilStarter_main.obj" "./MatrixMath.obj" "./OptiTrack.obj" "./SE423Lib.obj" "./user_xy.obj" "./device/device.obj" "../2837xD_FLASH_lnk_cpu1.cmd" "../F2837xD_Headers_nonBIOS_cpu1.cmd" "C:/MARIUS_FINAL_PROJECT/se423_final_project/C2000Ware_4_01_00_00/libraries/dsp/FPU/c28/lib/c28x_fpu_dsp_library.lib" "C:/MARIUS_FINAL_PROJECT/se423_final_project/C2000Ware_4_01_00_00/driverlib/f2837xd/driverlib/ccs/Debug/driverlib.lib"  -llibc.a 
<Linking>
Finished building target: "FinalProjectwithCANAprilStarter.out"
 
C:/Program Files/C2Prog 2.x/c2p-cli mkehx --target=28379,378,377,375D-CPU01_SCI FinalProjectwithCANAprilStarter.out FlashIt.ehx
makefile:176: recipe for target 'post-build' failed
process_begin: CreateProcess(NULL, C:/Program Files/C2Prog 2.x/c2p-cli mkehx --target=28379,378,377,375D-CPU01_SCI FinalProjectwithCANAprilStarter.out FlashIt.ehx, ...) failed.
 
gmake[2]: [post-build] Error 2 (ignored)
 

**** Build Finished ****

**** Build of configuration CPU1_FLASH for project FinalProjectwithCANAprilStarter ****

"C:\\ti\\ccs1270\\ccs\\utils\\bin\\gmake" -k -j 12 all -O 
 
gmake[1]: 'FinalProjectwithCANAprilStarter.out' is up to date.

**** Build Finished ****

**** Build of configuration CPU1_FLASH for project FinalProjectwithCANAprilStarter ****

"C:\\ti\\ccs1270\\ccs\\utils\\bin\\gmake" -k -j 12 all -O 
 
Building file: "../FinalProjectwithCANAprilStarter_main.c"
Invoking: C2000 Compiler
"C:/ti/ccs1270/ccs/tools/compiler/ti-cgt-c2000_22.6.1.LTS/bin/cl2000" -v28 -ml -mt --cla_support=cla1 --float_support=fpu32 --tmu_support=tmu0 --vcu_support=vcu2 -Ooff --include_path="C:/MARIUS_FINAL_PROJECT/se423_final_project/workspace/FinalProjectwithCANAprilStarter" --include_path="C:/MARIUS_FINAL_PROJECT/se423_final_project/C2000Ware_4_01_00_00/device_support/f2837xd/common/include" --include_path="C:/MARIUS_FINAL_PROJECT/se423_final_project/C2000Ware_4_01_00_00/device_support/f2837xd/headers/include" --include_path="C:/MARIUS_FINAL_PROJECT/se423_final_project/workspace/FinalProjectwithCANAprilStarter/device" --include_path="C:/MARIUS_FINAL_PROJECT/se423_final_project/C2000Ware_4_01_00_00/driverlib/f2837xd/driverlib" --include_path="C:/MARIUS_FINAL_PROJECT/se423_final_project/C2000Ware_4_01_00_00/libraries/dsp/FPU/c28/include" --include_path="C:/ti/ccs1270/ccs/tools/compiler/ti-cgt-c2000_22.6.1.LTS/include" --define=DEBUG --define=_FLASH --define=_LAUNCHXL_F28379D --define=_DUAL_HEADERS --define=CPU1 --c11 --diag_suppress=10063 --diag_warning=225 --diag_wrap=off --display_error_number --abi=coffabi --preproc_with_compile --preproc_dependency="FinalProjectwithCANAprilStarter_main.d_raw"  "../FinalProjectwithCANAprilStarter_main.c"
"../FinalProjectwithCANAprilStarter_main.c", line 729 (col. 32): advice #2614-D: (Performance) Use --fp_mode=relaxed to enable TMU hardware support for FP division.
"../FinalProjectwithCANAprilStarter_main.c", line 1040 (col. 23): advice #2614-D: (Performance) Use --fp_mode=relaxed to enable TMU hardware support for cosf.
"../FinalProjectwithCANAprilStarter_main.c", line 1041 (col. 23): advice #2614-D: (Performance) Use --fp_mode=relaxed to enable TMU hardware support for sinf.
Finished building: "../FinalProjectwithCANAprilStarter_main.c"
 
Building target: "FinalProjectwithCANAprilStarter.out"
Invoking: C2000 Linker
"C:/ti/ccs1270/ccs/tools/compiler/ti-cgt-c2000_22.6.1.LTS/bin/cl2000" -v28 -ml -mt --cla_support=cla1 --float_support=fpu32 --tmu_support=tmu0 --vcu_support=vcu2 -Ooff --define=DEBUG --define=_FLASH --define=_LAUNCHXL_F28379D --define=_DUAL_HEADERS --define=CPU1 --c11 --diag_suppress=10063 --diag_warning=225 --diag_wrap=off --display_error_number --abi=coffabi -z -m"FinalProjectwithCANAprilStarter.map" --stack_size=0x800 --warn_sections -i"C:/ti/ccs1270/ccs/tools/compiler/ti-cgt-c2000_22.6.1.LTS/lib" -i"C:/ti/ccs1270/ccs/tools/compiler/ti-cgt-c2000_22.6.1.LTS/include" --reread_libs --diag_wrap=off --display_error_number --xml_link_info="FinalProjectwithCANAprilStarter_linkInfo.xml" --rom_model -o "FinalProjectwithCANAprilStarter.out" "./F28379dCAN.obj" "./F28379dSerial.obj" "./F2837xD_Adc.obj" "./F2837xD_CodeStartBranch.obj" "./F2837xD_CpuTimers.obj" "./F2837xD_DefaultISR.obj" "./F2837xD_EPwm.obj" "./F2837xD_GlobalVariableDefs.obj" "./F2837xD_Gpio.obj" "./F2837xD_PieCtrl.obj" "./F2837xD_PieVect.obj" "./F2837xD_Spi.obj" "./F2837xD_SysCtrl.obj" "./F2837xD_usDelay.obj" "./FinalProjectwithCANAprilStarter_main.obj" "./MatrixMath.obj" "./OptiTrack.obj" "./SE423Lib.obj" "./user_xy.obj" "./device/device.obj" "../2837xD_FLASH_lnk_cpu1.cmd" "../F2837xD_Headers_nonBIOS_cpu1.cmd" "C:/MARIUS_FINAL_PROJECT/se423_final_project/C2000Ware_4_01_00_00/libraries/dsp/FPU/c28/lib/c28x_fpu_dsp_library.lib" "C:/MARIUS_FINAL_PROJECT/se423_final_project/C2000Ware_4_01_00_00/driverlib/f2837xd/driverlib/ccs/Debug/driverlib.lib"  -llibc.a 
<Linking>
Finished building target: "FinalProjectwithCANAprilStarter.out"
 
C:/Program Files/C2Prog 2.x/c2p-cli mkehx --target=28379,378,377,375D-CPU01_SCI FinalProjectwithCANAprilStarter.out FlashIt.ehx
makefile:176: recipe for target 'post-build' failed
process_begin: CreateProcess(NULL, C:/Program Files/C2Prog 2.x/c2p-cli mkehx --target=28379,378,377,375D-CPU01_SCI FinalProjectwithCANAprilStarter.out FlashIt.ehx, ...) failed.
 
gmake[2]: [post-build] Error 2 (ignored)
 

**** Build Finished ****

**** Build of configuration CPU1_FLASH for project FinalProjectwithCANAprilStarter ****

"C:\\ti\\ccs1270\\ccs\\utils\\bin\\gmake" -k -j 12 all -O 
 
gmake[1]: 'FinalProjectwithCANAprilStarter.out' is up to date.

**** Build Finished ****

**** Build of configuration CPU1_FLASH for project FinalProjectwithCANAprilStarter ****

"C:\\ti\\ccs1270\\ccs\\utils\\bin\\gmake" -k -j 12 all -O 
 
gmake[1]: 'FinalProjectwithCANAprilStarter.out' is up to date.

**** Build Finished ****

**** Build of configuration CPU1_FLASH for project FinalProjectwithCANAprilStarter ****

"C:\\ti\\ccs1270\\ccs\\utils\\bin\\gmake" -k -j 12 all -O 
 
gmake[1]: 'FinalProjectwithCANAprilStarter.out' is up to date.

**** Build Finished ****

**** Build of configuration CPU1_FLASH for project FinalProjectwithCANAprilStarter ****

"C:\\ti\\ccs1270\\ccs\\utils\\bin\\gmake" -k -j 12 all -O 
 
gmake[1]: 'FinalProjectwithCANAprilStarter.out' is up to date.

**** Build Finished ****

**** Build of configuration CPU1_FLASH for project FinalProjectwithCANAprilStarter ****

"C:\\ti\\ccs1270\\ccs\\utils\\bin\\gmake" -k -j 12 all -O 
 
Building file: "../FinalProjectwithCANAprilStarter_main.c"
Invoking: C2000 Compiler
"C:/ti/ccs1270/ccs/tools/compiler/ti-cgt-c2000_22.6.1.LTS/bin/cl2000" -v28 -ml -mt --cla_support=cla1 --float_support=fpu32 --tmu_support=tmu0 --vcu_support=vcu2 -Ooff --include_path="C:/MARIUS_FINAL_PROJECT/se423_final_project/workspace/FinalProjectwithCANAprilStarter" --include_path="C:/MARIUS_FINAL_PROJECT/se423_final_project/C2000Ware_4_01_00_00/device_support/f2837xd/common/include" --include_path="C:/MARIUS_FINAL_PROJECT/se423_final_project/C2000Ware_4_01_00_00/device_support/f2837xd/headers/include" --include_path="C:/MARIUS_FINAL_PROJECT/se423_final_project/workspace/FinalProjectwithCANAprilStarter/device" --include_path="C:/MARIUS_FINAL_PROJECT/se423_final_project/C2000Ware_4_01_00_00/driverlib/f2837xd/driverlib" --include_path="C:/MARIUS_FINAL_PROJECT/se423_final_project/C2000Ware_4_01_00_00/libraries/dsp/FPU/c28/include" --include_path="C:/ti/ccs1270/ccs/tools/compiler/ti-cgt-c2000_22.6.1.LTS/include" --define=DEBUG --define=_FLASH --define=_LAUNCHXL_F28379D --define=_DUAL_HEADERS --define=CPU1 --c11 --diag_suppress=10063 --diag_warning=225 --diag_wrap=off --display_error_number --abi=coffabi --preproc_with_compile --preproc_dependency="FinalProjectwithCANAprilStarter_main.d_raw"  "../FinalProjectwithCANAprilStarter_main.c"
"../FinalProjectwithCANAprilStarter_main.c", line 729 (col. 32): advice #2614-D: (Performance) Use --fp_mode=relaxed to enable TMU hardware support for FP division.
"../FinalProjectwithCANAprilStarter_main.c", line 1040 (col. 23): advice #2614-D: (Performance) Use --fp_mode=relaxed to enable TMU hardware support for cosf.
"../FinalProjectwithCANAprilStarter_main.c", line 1041 (col. 23): advice #2614-D: (Performance) Use --fp_mode=relaxed to enable TMU hardware support for sinf.
Finished building: "../FinalProjectwithCANAprilStarter_main.c"
 
Building target: "FinalProjectwithCANAprilStarter.out"
Invoking: C2000 Linker
"C:/ti/ccs1270/ccs/tools/compiler/ti-cgt-c2000_22.6.1.LTS/bin/cl2000" -v28 -ml -mt --cla_support=cla1 --float_support=fpu32 --tmu_support=tmu0 --vcu_support=vcu2 -Ooff --define=DEBUG --define=_FLASH --define=_LAUNCHXL_F28379D --define=_DUAL_HEADERS --define=CPU1 --c11 --diag_suppress=10063 --diag_warning=225 --diag_wrap=off --display_error_number --abi=coffabi -z -m"FinalProjectwithCANAprilStarter.map" --stack_size=0x800 --warn_sections -i"C:/ti/ccs1270/ccs/tools/compiler/ti-cgt-c2000_22.6.1.LTS/lib" -i"C:/ti/ccs1270/ccs/tools/compiler/ti-cgt-c2000_22.6.1.LTS/include" --reread_libs --diag_wrap=off --display_error_number --xml_link_info="FinalProjectwithCANAprilStarter_linkInfo.xml" --rom_model -o "FinalProjectwithCANAprilStarter.out" "./F28379dCAN.obj" "./F28379dSerial.obj" "./F2837xD_Adc.obj" "./F2837xD_CodeStartBranch.obj" "./F2837xD_CpuTimers.obj" "./F2837xD_DefaultISR.obj" "./F2837xD_EPwm.obj" "./F2837xD_GlobalVariableDefs.obj" "./F2837xD_Gpio.obj" "./F2837xD_PieCtrl.obj" "./F2837xD_PieVect.obj" "./F2837xD_Spi.obj" "./F2837xD_SysCtrl.obj" "./F2837xD_usDelay.obj" "./FinalProjectwithCANAprilStarter_main.obj" "./MatrixMath.obj" "./OptiTrack.obj" "./SE423Lib.obj" "./user_xy.obj" "./device/device.obj" "../2837xD_FLASH_lnk_cpu1.cmd" "../F2837xD_Headers_nonBIOS_cpu1.cmd" "C:/MARIUS_FINAL_PROJECT/se423_final_project/C2000Ware_4_01_00_00/libraries/dsp/FPU/c28/lib/c28x_fpu_dsp_library.lib" "C:/MARIUS_FINAL_PROJECT/se423_final_project/C2000Ware_4_01_00_00/driverlib/f2837xd/driverlib/ccs/Debug/driverlib.lib"  -llibc.a 
<Linking>
Finished building target: "FinalProjectwithCANAprilStarter.out"
 
C:/Program Files/C2Prog 2.x/c2p-cli mkehx --target=28379,378,377,375D-CPU01_SCI FinalProjectwithCANAprilStarter.out FlashIt.ehx
makefile:176: recipe for target 'post-build' failed
process_begin: CreateProcess(NULL, C:/Program Files/C2Prog 2.x/c2p-cli mkehx --target=28379,378,377,375D-CPU01_SCI FinalProjectwithCANAprilStarter.out FlashIt.ehx, ...) failed.
 
gmake[2]: [post-build] Error 2 (ignored)
 

**** Build Finished ****

**** Build of configuration CPU1_FLASH for project FinalProjectwithCANAprilStarter ****

"C:\\ti\\ccs1270\\ccs\\utils\\bin\\gmake" -k -j 12 all -O 
 
Building file: "../FinalProjectwithCANAprilStarter_main.c"
Invoking: C2000 Compiler
"C:/ti/ccs1270/ccs/tools/compiler/ti-cgt-c2000_22.6.1.LTS/bin/cl2000" -v28 -ml -mt --cla_support=cla1 --float_support=fpu32 --tmu_support=tmu0 --vcu_support=vcu2 -Ooff --include_path="C:/MARIUS_FINAL_PROJECT/se423_final_project/workspace/FinalProjectwithCANAprilStarter" --include_path="C:/MARIUS_FINAL_PROJECT/se423_final_project/C2000Ware_4_01_00_00/device_support/f2837xd/common/include" --include_path="C:/MARIUS_FINAL_PROJECT/se423_final_project/C2000Ware_4_01_00_00/device_support/f2837xd/headers/include" --include_path="C:/MARIUS_FINAL_PROJECT/se423_final_project/workspace/FinalProjectwithCANAprilStarter/device" --include_path="C:/MARIUS_FINAL_PROJECT/se423_final_project/C2000Ware_4_01_00_00/driverlib/f2837xd/driverlib" --include_path="C:/MARIUS_FINAL_PROJECT/se423_final_project/C2000Ware_4_01_00_00/libraries/dsp/FPU/c28/include" --include_path="C:/ti/ccs1270/ccs/tools/compiler/ti-cgt-c2000_22.6.1.LTS/include" --define=DEBUG --define=_FLASH --define=_LAUNCHXL_F28379D --define=_DUAL_HEADERS --define=CPU1 --c11 --diag_suppress=10063 --diag_warning=225 --diag_wrap=off --display_error_number --abi=coffabi --preproc_with_compile --preproc_dependency="FinalProjectwithCANAprilStarter_main.d_raw"  "../FinalProjectwithCANAprilStarter_main.c"
"../FinalProjectwithCANAprilStarter_main.c", line 730 (col. 32): advice #2614-D: (Performance) Use --fp_mode=relaxed to enable TMU hardware support for FP division.
"../FinalProjectwithCANAprilStarter_main.c", line 1041 (col. 23): advice #2614-D: (Performance) Use --fp_mode=relaxed to enable TMU hardware support for cosf.
"../FinalProjectwithCANAprilStarter_main.c", line 1042 (col. 23): advice #2614-D: (Performance) Use --fp_mode=relaxed to enable TMU hardware support for sinf.
Finished building: "../FinalProjectwithCANAprilStarter_main.c"
 
Building target: "FinalProjectwithCANAprilStarter.out"
Invoking: C2000 Linker
"C:/ti/ccs1270/ccs/tools/compiler/ti-cgt-c2000_22.6.1.LTS/bin/cl2000" -v28 -ml -mt --cla_support=cla1 --float_support=fpu32 --tmu_support=tmu0 --vcu_support=vcu2 -Ooff --define=DEBUG --define=_FLASH --define=_LAUNCHXL_F28379D --define=_DUAL_HEADERS --define=CPU1 --c11 --diag_suppress=10063 --diag_warning=225 --diag_wrap=off --display_error_number --abi=coffabi -z -m"FinalProjectwithCANAprilStarter.map" --stack_size=0x800 --warn_sections -i"C:/ti/ccs1270/ccs/tools/compiler/ti-cgt-c2000_22.6.1.LTS/lib" -i"C:/ti/ccs1270/ccs/tools/compiler/ti-cgt-c2000_22.6.1.LTS/include" --reread_libs --diag_wrap=off --display_error_number --xml_link_info="FinalProjectwithCANAprilStarter_linkInfo.xml" --rom_model -o "FinalProjectwithCANAprilStarter.out" "./F28379dCAN.obj" "./F28379dSerial.obj" "./F2837xD_Adc.obj" "./F2837xD_CodeStartBranch.obj" "./F2837xD_CpuTimers.obj" "./F2837xD_DefaultISR.obj" "./F2837xD_EPwm.obj" "./F2837xD_GlobalVariableDefs.obj" "./F2837xD_Gpio.obj" "./F2837xD_PieCtrl.obj" "./F2837xD_PieVect.obj" "./F2837xD_Spi.obj" "./F2837xD_SysCtrl.obj" "./F2837xD_usDelay.obj" "./FinalProjectwithCANAprilStarter_main.obj" "./MatrixMath.obj" "./OptiTrack.obj" "./SE423Lib.obj" "./user_xy.obj" "./device/device.obj" "../2837xD_FLASH_lnk_cpu1.cmd" "../F2837xD_Headers_nonBIOS_cpu1.cmd" "C:/MARIUS_FINAL_PROJECT/se423_final_project/C2000Ware_4_01_00_00/libraries/dsp/FPU/c28/lib/c28x_fpu_dsp_library.lib" "C:/MARIUS_FINAL_PROJECT/se423_final_project/C2000Ware_4_01_00_00/driverlib/f2837xd/driverlib/ccs/Debug/driverlib.lib"  -llibc.a 
<Linking>
Finished building target: "FinalProjectwithCANAprilStarter.out"
 
C:/Program Files/C2Prog 2.x/c2p-cli mkehx --target=28379,378,377,375D-CPU01_SCI FinalProjectwithCANAprilStarter.out FlashIt.ehx
makefile:176: recipe for target 'post-build' failed
process_begin: CreateProcess(NULL, C:/Program Files/C2Prog 2.x/c2p-cli mkehx --target=28379,378,377,375D-CPU01_SCI FinalProjectwithCANAprilStarter.out FlashIt.ehx, ...) failed.
 
gmake[2]: [post-build] Error 2 (ignored)
 

**** Build Finished ****

**** Build of configuration CPU1_FLASH for project FinalProjectwithCANAprilStarter ****

"C:\\ti\\ccs1270\\ccs\\utils\\bin\\gmake" -k -j 12 all -O 
 
Building file: "../FinalProjectwithCANAprilStarter_main.c"
Invoking: C2000 Compiler
"C:/ti/ccs1270/ccs/tools/compiler/ti-cgt-c2000_22.6.1.LTS/bin/cl2000" -v28 -ml -mt --cla_support=cla1 --float_support=fpu32 --tmu_support=tmu0 --vcu_support=vcu2 -Ooff --include_path="C:/MARIUS_FINAL_PROJECT/se423_final_project/workspace/FinalProjectwithCANAprilStarter" --include_path="C:/MARIUS_FINAL_PROJECT/se423_final_project/C2000Ware_4_01_00_00/device_support/f2837xd/common/include" --include_path="C:/MARIUS_FINAL_PROJECT/se423_final_project/C2000Ware_4_01_00_00/device_support/f2837xd/headers/include" --include_path="C:/MARIUS_FINAL_PROJECT/se423_final_project/workspace/FinalProjectwithCANAprilStarter/device" --include_path="C:/MARIUS_FINAL_PROJECT/se423_final_project/C2000Ware_4_01_00_00/driverlib/f2837xd/driverlib" --include_path="C:/MARIUS_FINAL_PROJECT/se423_final_project/C2000Ware_4_01_00_00/libraries/dsp/FPU/c28/include" --include_path="C:/ti/ccs1270/ccs/tools/compiler/ti-cgt-c2000_22.6.1.LTS/include" --define=DEBUG --define=_FLASH --define=_LAUNCHXL_F28379D --define=_DUAL_HEADERS --define=CPU1 --c11 --diag_suppress=10063 --diag_warning=225 --diag_wrap=off --display_error_number --abi=coffabi --preproc_with_compile --preproc_dependency="FinalProjectwithCANAprilStarter_main.d_raw"  "../FinalProjectwithCANAprilStarter_main.c"
"../FinalProjectwithCANAprilStarter_main.c", line 730 (col. 32): advice #2614-D: (Performance) Use --fp_mode=relaxed to enable TMU hardware support for FP division.
"../FinalProjectwithCANAprilStarter_main.c", line 1041 (col. 23): advice #2614-D: (Performance) Use --fp_mode=relaxed to enable TMU hardware support for cosf.
"../FinalProjectwithCANAprilStarter_main.c", line 1042 (col. 23): advice #2614-D: (Performance) Use --fp_mode=relaxed to enable TMU hardware support for sinf.
Finished building: "../FinalProjectwithCANAprilStarter_main.c"
 
Building target: "FinalProjectwithCANAprilStarter.out"
Invoking: C2000 Linker
"C:/ti/ccs1270/ccs/tools/compiler/ti-cgt-c2000_22.6.1.LTS/bin/cl2000" -v28 -ml -mt --cla_support=cla1 --float_support=fpu32 --tmu_support=tmu0 --vcu_support=vcu2 -Ooff --define=DEBUG --define=_FLASH --define=_LAUNCHXL_F28379D --define=_DUAL_HEADERS --define=CPU1 --c11 --diag_suppress=10063 --diag_warning=225 --diag_wrap=off --display_error_number --abi=coffabi -z -m"FinalProjectwithCANAprilStarter.map" --stack_size=0x800 --warn_sections -i"C:/ti/ccs1270/ccs/tools/compiler/ti-cgt-c2000_22.6.1.LTS/lib" -i"C:/ti/ccs1270/ccs/tools/compiler/ti-cgt-c2000_22.6.1.LTS/include" --reread_libs --diag_wrap=off --display_error_number --xml_link_info="FinalProjectwithCANAprilStarter_linkInfo.xml" --rom_model -o "FinalProjectwithCANAprilStarter.out" "./F28379dCAN.obj" "./F28379dSerial.obj" "./F2837xD_Adc.obj" "./F2837xD_CodeStartBranch.obj" "./F2837xD_CpuTimers.obj" "./F2837xD_DefaultISR.obj" "./F2837xD_EPwm.obj" "./F2837xD_GlobalVariableDefs.obj" "./F2837xD_Gpio.obj" "./F2837xD_PieCtrl.obj" "./F2837xD_PieVect.obj" "./F2837xD_Spi.obj" "./F2837xD_SysCtrl.obj" "./F2837xD_usDelay.obj" "./FinalProjectwithCANAprilStarter_main.obj" "./MatrixMath.obj" "./OptiTrack.obj" "./SE423Lib.obj" "./user_xy.obj" "./device/device.obj" "../2837xD_FLASH_lnk_cpu1.cmd" "../F2837xD_Headers_nonBIOS_cpu1.cmd" "C:/MARIUS_FINAL_PROJECT/se423_final_project/C2000Ware_4_01_00_00/libraries/dsp/FPU/c28/lib/c28x_fpu_dsp_library.lib" "C:/MARIUS_FINAL_PROJECT/se423_final_project/C2000Ware_4_01_00_00/driverlib/f2837xd/driverlib/ccs/Debug/driverlib.lib"  -llibc.a 
<Linking>
Finished building target: "FinalProjectwithCANAprilStarter.out"
 
C:/Program Files/C2Prog 2.x/c2p-cli mkehx --target=28379,378,377,375D-CPU01_SCI FinalProjectwithCANAprilStarter.out FlashIt.ehx
makefile:176: recipe for target 'post-build' failed
process_begin: CreateProcess(NULL, C:/Program Files/C2Prog 2.x/c2p-cli mkehx --target=28379,378,377,375D-CPU01_SCI FinalProjectwithCANAprilStarter.out FlashIt.ehx, ...) failed.
 
gmake[2]: [post-build] Error 2 (ignored)
 

**** Build Finished ****

**** Build of configuration CPU1_FLASH for project FinalProjectwithCANAprilStarter ****

"C:\\ti\\ccs1270\\ccs\\utils\\bin\\gmake" -k -j 12 all -O 
 
gmake[1]: 'FinalProjectwithCANAprilStarter.out' is up to date.

**** Build Finished ****

**** Build of configuration CPU1_FLASH for project FinalProjectwithCANAprilStarter ****

"C:\\ti\\ccs1270\\ccs\\utils\\bin\\gmake" -k -j 12 all -O 
 
gmake[1]: 'FinalProjectwithCANAprilStarter.out' is up to date.

**** Build Finished ****

**** Build of configuration CPU1_FLASH for project FinalProjectwithCANAprilStarter ****

"C:\\ti\\ccs1270\\ccs\\utils\\bin\\gmake" -k -j 12 all -O 
 
Building file: "../FinalProjectwithCANAprilStarter_main.c"
Invoking: C2000 Compiler
"C:/ti/ccs1270/ccs/tools/compiler/ti-cgt-c2000_22.6.1.LTS/bin/cl2000" -v28 -ml -mt --cla_support=cla1 --float_support=fpu32 --tmu_support=tmu0 --vcu_support=vcu2 -Ooff --include_path="C:/MARIUS_FINAL_PROJECT/se423_final_project/workspace/FinalProjectwithCANAprilStarter" --include_path="C:/MARIUS_FINAL_PROJECT/se423_final_project/C2000Ware_4_01_00_00/device_support/f2837xd/common/include" --include_path="C:/MARIUS_FINAL_PROJECT/se423_final_project/C2000Ware_4_01_00_00/device_support/f2837xd/headers/include" --include_path="C:/MARIUS_FINAL_PROJECT/se423_final_project/workspace/FinalProjectwithCANAprilStarter/device" --include_path="C:/MARIUS_FINAL_PROJECT/se423_final_project/C2000Ware_4_01_00_00/driverlib/f2837xd/driverlib" --include_path="C:/MARIUS_FINAL_PROJECT/se423_final_project/C2000Ware_4_01_00_00/libraries/dsp/FPU/c28/include" --include_path="C:/ti/ccs1270/ccs/tools/compiler/ti-cgt-c2000_22.6.1.LTS/include" --define=DEBUG --define=_FLASH --define=_LAUNCHXL_F28379D --define=_DUAL_HEADERS --define=CPU1 --c11 --diag_suppress=10063 --diag_warning=225 --diag_wrap=off --display_error_number --abi=coffabi --preproc_with_compile --preproc_dependency="FinalProjectwithCANAprilStarter_main.d_raw"  "../FinalProjectwithCANAprilStarter_main.c"
"../FinalProjectwithCANAprilStarter_main.c", line 730 (col. 32): advice #2614-D: (Performance) Use --fp_mode=relaxed to enable TMU hardware support for FP division.
"../FinalProjectwithCANAprilStarter_main.c", line 1041 (col. 23): advice #2614-D: (Performance) Use --fp_mode=relaxed to enable TMU hardware support for cosf.
"../FinalProjectwithCANAprilStarter_main.c", line 1042 (col. 23): advice #2614-D: (Performance) Use --fp_mode=relaxed to enable TMU hardware support for sinf.
Finished building: "../FinalProjectwithCANAprilStarter_main.c"
 
Building target: "FinalProjectwithCANAprilStarter.out"
Invoking: C2000 Linker
"C:/ti/ccs1270/ccs/tools/compiler/ti-cgt-c2000_22.6.1.LTS/bin/cl2000" -v28 -ml -mt --cla_support=cla1 --float_support=fpu32 --tmu_support=tmu0 --vcu_support=vcu2 -Ooff --define=DEBUG --define=_FLASH --define=_LAUNCHXL_F28379D --define=_DUAL_HEADERS --define=CPU1 --c11 --diag_suppress=10063 --diag_warning=225 --diag_wrap=off --display_error_number --abi=coffabi -z -m"FinalProjectwithCANAprilStarter.map" --stack_size=0x800 --warn_sections -i"C:/ti/ccs1270/ccs/tools/compiler/ti-cgt-c2000_22.6.1.LTS/lib" -i"C:/ti/ccs1270/ccs/tools/compiler/ti-cgt-c2000_22.6.1.LTS/include" --reread_libs --diag_wrap=off --display_error_number --xml_link_info="FinalProjectwithCANAprilStarter_linkInfo.xml" --rom_model -o "FinalProjectwithCANAprilStarter.out" "./F28379dCAN.obj" "./F28379dSerial.obj" "./F2837xD_Adc.obj" "./F2837xD_CodeStartBranch.obj" "./F2837xD_CpuTimers.obj" "./F2837xD_DefaultISR.obj" "./F2837xD_EPwm.obj" "./F2837xD_GlobalVariableDefs.obj" "./F2837xD_Gpio.obj" "./F2837xD_PieCtrl.obj" "./F2837xD_PieVect.obj" "./F2837xD_Spi.obj" "./F2837xD_SysCtrl.obj" "./F2837xD_usDelay.obj" "./FinalProjectwithCANAprilStarter_main.obj" "./MatrixMath.obj" "./OptiTrack.obj" "./SE423Lib.obj" "./user_xy.obj" "./device/device.obj" "../2837xD_FLASH_lnk_cpu1.cmd" "../F2837xD_Headers_nonBIOS_cpu1.cmd" "C:/MARIUS_FINAL_PROJECT/se423_final_project/C2000Ware_4_01_00_00/libraries/dsp/FPU/c28/lib/c28x_fpu_dsp_library.lib" "C:/MARIUS_FINAL_PROJECT/se423_final_project/C2000Ware_4_01_00_00/driverlib/f2837xd/driverlib/ccs/Debug/driverlib.lib"  -llibc.a 
<Linking>
Finished building target: "FinalProjectwithCANAprilStarter.out"
 
C:/Program Files/C2Prog 2.x/c2p-cli mkehx --target=28379,378,377,375D-CPU01_SCI FinalProjectwithCANAprilStarter.out FlashIt.ehx
makefile:176: recipe for target 'post-build' failed
process_begin: CreateProcess(NULL, C:/Program Files/C2Prog 2.x/c2p-cli mkehx --target=28379,378,377,375D-CPU01_SCI FinalProjectwithCANAprilStarter.out FlashIt.ehx, ...) failed.
 
gmake[2]: [post-build] Error 2 (ignored)
 

**** Build Finished ****

**** Build of configuration CPU1_FLASH for project FinalProjectwithCANAprilStarter ****

"C:\\ti\\ccs1270\\ccs\\utils\\bin\\gmake" -k -j 12 all -O 
 
gmake[1]: 'FinalProjectwithCANAprilStarter.out' is up to date.

**** Build Finished ****

**** Build of configuration CPU1_FLASH for project FinalProjectwithCANAprilStarter ****

"C:\\ti\\ccs1270\\ccs\\utils\\bin\\gmake" -k -j 12 all -O 
 
Building file: "../FinalProjectwithCANAprilStarter_main.c"
Invoking: C2000 Compiler
"C:/ti/ccs1270/ccs/tools/compiler/ti-cgt-c2000_22.6.1.LTS/bin/cl2000" -v28 -ml -mt --cla_support=cla1 --float_support=fpu32 --tmu_support=tmu0 --vcu_support=vcu2 -Ooff --include_path="C:/MARIUS_FINAL_PROJECT/se423_final_project/workspace/FinalProjectwithCANAprilStarter" --include_path="C:/MARIUS_FINAL_PROJECT/se423_final_project/C2000Ware_4_01_00_00/device_support/f2837xd/common/include" --include_path="C:/MARIUS_FINAL_PROJECT/se423_final_project/C2000Ware_4_01_00_00/device_support/f2837xd/headers/include" --include_path="C:/MARIUS_FINAL_PROJECT/se423_final_project/workspace/FinalProjectwithCANAprilStarter/device" --include_path="C:/MARIUS_FINAL_PROJECT/se423_final_project/C2000Ware_4_01_00_00/driverlib/f2837xd/driverlib" --include_path="C:/MARIUS_FINAL_PROJECT/se423_final_project/C2000Ware_4_01_00_00/libraries/dsp/FPU/c28/include" --include_path="C:/ti/ccs1270/ccs/tools/compiler/ti-cgt-c2000_22.6.1.LTS/include" --define=DEBUG --define=_FLASH --define=_LAUNCHXL_F28379D --define=_DUAL_HEADERS --define=CPU1 --c11 --diag_suppress=10063 --diag_warning=225 --diag_wrap=off --display_error_number --abi=coffabi --preproc_with_compile --preproc_dependency="FinalProjectwithCANAprilStarter_main.d_raw"  "../FinalProjectwithCANAprilStarter_main.c"
"../FinalProjectwithCANAprilStarter_main.c", line 730 (col. 32): advice #2614-D: (Performance) Use --fp_mode=relaxed to enable TMU hardware support for FP division.
"../FinalProjectwithCANAprilStarter_main.c", line 1041 (col. 23): advice #2614-D: (Performance) Use --fp_mode=relaxed to enable TMU hardware support for cosf.
"../FinalProjectwithCANAprilStarter_main.c", line 1042 (col. 23): advice #2614-D: (Performance) Use --fp_mode=relaxed to enable TMU hardware support for sinf.
Finished building: "../FinalProjectwithCANAprilStarter_main.c"
 
Building target: "FinalProjectwithCANAprilStarter.out"
Invoking: C2000 Linker
"C:/ti/ccs1270/ccs/tools/compiler/ti-cgt-c2000_22.6.1.LTS/bin/cl2000" -v28 -ml -mt --cla_support=cla1 --float_support=fpu32 --tmu_support=tmu0 --vcu_support=vcu2 -Ooff --define=DEBUG --define=_FLASH --define=_LAUNCHXL_F28379D --define=_DUAL_HEADERS --define=CPU1 --c11 --diag_suppress=10063 --diag_warning=225 --diag_wrap=off --display_error_number --abi=coffabi -z -m"FinalProjectwithCANAprilStarter.map" --stack_size=0x800 --warn_sections -i"C:/ti/ccs1270/ccs/tools/compiler/ti-cgt-c2000_22.6.1.LTS/lib" -i"C:/ti/ccs1270/ccs/tools/compiler/ti-cgt-c2000_22.6.1.LTS/include" --reread_libs --diag_wrap=off --display_error_number --xml_link_info="FinalProjectwithCANAprilStarter_linkInfo.xml" --rom_model -o "FinalProjectwithCANAprilStarter.out" "./F28379dCAN.obj" "./F28379dSerial.obj" "./F2837xD_Adc.obj" "./F2837xD_CodeStartBranch.obj" "./F2837xD_CpuTimers.obj" "./F2837xD_DefaultISR.obj" "./F2837xD_EPwm.obj" "./F2837xD_GlobalVariableDefs.obj" "./F2837xD_Gpio.obj" "./F2837xD_PieCtrl.obj" "./F2837xD_PieVect.obj" "./F2837xD_Spi.obj" "./F2837xD_SysCtrl.obj" "./F2837xD_usDelay.obj" "./FinalProjectwithCANAprilStarter_main.obj" "./MatrixMath.obj" "./OptiTrack.obj" "./SE423Lib.obj" "./user_xy.obj" "./device/device.obj" "../2837xD_FLASH_lnk_cpu1.cmd" "../F2837xD_Headers_nonBIOS_cpu1.cmd" "C:/MARIUS_FINAL_PROJECT/se423_final_project/C2000Ware_4_01_00_00/libraries/dsp/FPU/c28/lib/c28x_fpu_dsp_library.lib" "C:/MARIUS_FINAL_PROJECT/se423_final_project/C2000Ware_4_01_00_00/driverlib/f2837xd/driverlib/ccs/Debug/driverlib.lib"  -llibc.a 
<Linking>
Finished building target: "FinalProjectwithCANAprilStarter.out"
 
C:/Program Files/C2Prog 2.x/c2p-cli mkehx --target=28379,378,377,375D-CPU01_SCI FinalProjectwithCANAprilStarter.out FlashIt.ehx
makefile:176: recipe for target 'post-build' failed
process_begin: CreateProcess(NULL, C:/Program Files/C2Prog 2.x/c2p-cli mkehx --target=28379,378,377,375D-CPU01_SCI FinalProjectwithCANAprilStarter.out FlashIt.ehx, ...) failed.
 
gmake[2]: [post-build] Error 2 (ignored)
 

**** Build Finished ****

**** Build of configuration CPU1_FLASH for project FinalProjectwithCANAprilStarter ****

"C:\\ti\\ccs1270\\ccs\\utils\\bin\\gmake" -k -j 12 all -O 
 
gmake[1]: 'FinalProjectwithCANAprilStarter.out' is up to date.

**** Build Finished ****

**** Build of configuration CPU1_FLASH for project FinalProjectwithCANAprilStarter ****

"C:\\ti\\ccs1270\\ccs\\utils\\bin\\gmake" -k -j 12 all -O 
 
gmake[1]: 'FinalProjectwithCANAprilStarter.out' is up to date.

**** Build Finished ****

**** Build of configuration CPU1_FLASH for project FinalProjectwithCANAprilStarter ****

"C:\\ti\\ccs1270\\ccs\\utils\\bin\\gmake" -k -j 12 all -O 
 
Building file: "../FinalProjectwithCANAprilStarter_main.c"
Invoking: C2000 Compiler
"C:/ti/ccs1270/ccs/tools/compiler/ti-cgt-c2000_22.6.1.LTS/bin/cl2000" -v28 -ml -mt --cla_support=cla1 --float_support=fpu32 --tmu_support=tmu0 --vcu_support=vcu2 -Ooff --include_path="C:/MARIUS_FINAL_PROJECT/se423_final_project/workspace/FinalProjectwithCANAprilStarter" --include_path="C:/MARIUS_FINAL_PROJECT/se423_final_project/C2000Ware_4_01_00_00/device_support/f2837xd/common/include" --include_path="C:/MARIUS_FINAL_PROJECT/se423_final_project/C2000Ware_4_01_00_00/device_support/f2837xd/headers/include" --include_path="C:/MARIUS_FINAL_PROJECT/se423_final_project/workspace/FinalProjectwithCANAprilStarter/device" --include_path="C:/MARIUS_FINAL_PROJECT/se423_final_project/C2000Ware_4_01_00_00/driverlib/f2837xd/driverlib" --include_path="C:/MARIUS_FINAL_PROJECT/se423_final_project/C2000Ware_4_01_00_00/libraries/dsp/FPU/c28/include" --include_path="C:/ti/ccs1270/ccs/tools/compiler/ti-cgt-c2000_22.6.1.LTS/include" --define=DEBUG --define=_FLASH --define=_LAUNCHXL_F28379D --define=_DUAL_HEADERS --define=CPU1 --c11 --diag_suppress=10063 --diag_warning=225 --diag_wrap=off --display_error_number --abi=coffabi --preproc_with_compile --preproc_dependency="FinalProjectwithCANAprilStarter_main.d_raw"  "../FinalProjectwithCANAprilStarter_main.c"
"../FinalProjectwithCANAprilStarter_main.c", line 730 (col. 32): advice #2614-D: (Performance) Use --fp_mode=relaxed to enable TMU hardware support for FP division.
"../FinalProjectwithCANAprilStarter_main.c", line 1041 (col. 23): advice #2614-D: (Performance) Use --fp_mode=relaxed to enable TMU hardware support for cosf.
"../FinalProjectwithCANAprilStarter_main.c", line 1042 (col. 23): advice #2614-D: (Performance) Use --fp_mode=relaxed to enable TMU hardware support for sinf.
Finished building: "../FinalProjectwithCANAprilStarter_main.c"
 
Building target: "FinalProjectwithCANAprilStarter.out"
Invoking: C2000 Linker
"C:/ti/ccs1270/ccs/tools/compiler/ti-cgt-c2000_22.6.1.LTS/bin/cl2000" -v28 -ml -mt --cla_support=cla1 --float_support=fpu32 --tmu_support=tmu0 --vcu_support=vcu2 -Ooff --define=DEBUG --define=_FLASH --define=_LAUNCHXL_F28379D --define=_DUAL_HEADERS --define=CPU1 --c11 --diag_suppress=10063 --diag_warning=225 --diag_wrap=off --display_error_number --abi=coffabi -z -m"FinalProjectwithCANAprilStarter.map" --stack_size=0x800 --warn_sections -i"C:/ti/ccs1270/ccs/tools/compiler/ti-cgt-c2000_22.6.1.LTS/lib" -i"C:/ti/ccs1270/ccs/tools/compiler/ti-cgt-c2000_22.6.1.LTS/include" --reread_libs --diag_wrap=off --display_error_number --xml_link_info="FinalProjectwithCANAprilStarter_linkInfo.xml" --rom_model -o "FinalProjectwithCANAprilStarter.out" "./F28379dCAN.obj" "./F28379dSerial.obj" "./F2837xD_Adc.obj" "./F2837xD_CodeStartBranch.obj" "./F2837xD_CpuTimers.obj" "./F2837xD_DefaultISR.obj" "./F2837xD_EPwm.obj" "./F2837xD_GlobalVariableDefs.obj" "./F2837xD_Gpio.obj" "./F2837xD_PieCtrl.obj" "./F2837xD_PieVect.obj" "./F2837xD_Spi.obj" "./F2837xD_SysCtrl.obj" "./F2837xD_usDelay.obj" "./FinalProjectwithCANAprilStarter_main.obj" "./MatrixMath.obj" "./OptiTrack.obj" "./SE423Lib.obj" "./user_xy.obj" "./device/device.obj" "../2837xD_FLASH_lnk_cpu1.cmd" "../F2837xD_Headers_nonBIOS_cpu1.cmd" "C:/MARIUS_FINAL_PROJECT/se423_final_project/C2000Ware_4_01_00_00/libraries/dsp/FPU/c28/lib/c28x_fpu_dsp_library.lib" "C:/MARIUS_FINAL_PROJECT/se423_final_project/C2000Ware_4_01_00_00/driverlib/f2837xd/driverlib/ccs/Debug/driverlib.lib"  -llibc.a 
<Linking>
Finished building target: "FinalProjectwithCANAprilStarter.out"
 
C:/Program Files/C2Prog 2.x/c2p-cli mkehx --target=28379,378,377,375D-CPU01_SCI FinalProjectwithCANAprilStarter.out FlashIt.ehx
makefile:176: recipe for target 'post-build' failed
process_begin: CreateProcess(NULL, C:/Program Files/C2Prog 2.x/c2p-cli mkehx --target=28379,378,377,375D-CPU01_SCI FinalProjectwithCANAprilStarter.out FlashIt.ehx, ...) failed.
 
gmake[2]: [post-build] Error 2 (ignored)
 

**** Build Finished ****

**** Build of configuration CPU1_FLASH for project FinalProjectwithCANAprilStarter ****

"C:\\ti\\ccs1270\\ccs\\utils\\bin\\gmake" -k -j 12 all -O 
 
gmake[1]: 'FinalProjectwithCANAprilStarter.out' is up to date.

**** Build Finished ****

**** Build of configuration CPU1_FLASH for project FinalProjectwithCANAprilStarter ****

"C:\\ti\\ccs1270\\ccs\\utils\\bin\\gmake" -k -j 12 all -O 
 
gmake[1]: 'FinalProjectwithCANAprilStarter.out' is up to date.

**** Build Finished ****

**** Build of configuration CPU1_FLASH for project FinalProjectwithCANAprilStarter ****

"C:\\ti\\ccs1270\\ccs\\utils\\bin\\gmake" -k -j 12 all -O 
 
Building file: "../FinalProjectwithCANAprilStarter_main.c"
Invoking: C2000 Compiler
"C:/ti/ccs1270/ccs/tools/compiler/ti-cgt-c2000_22.6.1.LTS/bin/cl2000" -v28 -ml -mt --cla_support=cla1 --float_support=fpu32 --tmu_support=tmu0 --vcu_support=vcu2 -Ooff --include_path="C:/MARIUS_FINAL_PROJECT/se423_final_project/workspace/FinalProjectwithCANAprilStarter" --include_path="C:/MARIUS_FINAL_PROJECT/se423_final_project/C2000Ware_4_01_00_00/device_support/f2837xd/common/include" --include_path="C:/MARIUS_FINAL_PROJECT/se423_final_project/C2000Ware_4_01_00_00/device_support/f2837xd/headers/include" --include_path="C:/MARIUS_FINAL_PROJECT/se423_final_project/workspace/FinalProjectwithCANAprilStarter/device" --include_path="C:/MARIUS_FINAL_PROJECT/se423_final_project/C2000Ware_4_01_00_00/driverlib/f2837xd/driverlib" --include_path="C:/MARIUS_FINAL_PROJECT/se423_final_project/C2000Ware_4_01_00_00/libraries/dsp/FPU/c28/include" --include_path="C:/ti/ccs1270/ccs/tools/compiler/ti-cgt-c2000_22.6.1.LTS/include" --define=DEBUG --define=_FLASH --define=_LAUNCHXL_F28379D --define=_DUAL_HEADERS --define=CPU1 --c11 --diag_suppress=10063 --diag_warning=225 --diag_wrap=off --display_error_number --abi=coffabi --preproc_with_compile --preproc_dependency="FinalProjectwithCANAprilStarter_main.d_raw"  "../FinalProjectwithCANAprilStarter_main.c"
"../FinalProjectwithCANAprilStarter_main.c", line 730 (col. 32): advice #2614-D: (Performance) Use --fp_mode=relaxed to enable TMU hardware support for FP division.
"../FinalProjectwithCANAprilStarter_main.c", line 1041 (col. 23): advice #2614-D: (Performance) Use --fp_mode=relaxed to enable TMU hardware support for cosf.
"../FinalProjectwithCANAprilStarter_main.c", line 1042 (col. 23): advice #2614-D: (Performance) Use --fp_mode=relaxed to enable TMU hardware support for sinf.
Finished building: "../FinalProjectwithCANAprilStarter_main.c"
 
Building target: "FinalProjectwithCANAprilStarter.out"
Invoking: C2000 Linker
"C:/ti/ccs1270/ccs/tools/compiler/ti-cgt-c2000_22.6.1.LTS/bin/cl2000" -v28 -ml -mt --cla_support=cla1 --float_support=fpu32 --tmu_support=tmu0 --vcu_support=vcu2 -Ooff --define=DEBUG --define=_FLASH --define=_LAUNCHXL_F28379D --define=_DUAL_HEADERS --define=CPU1 --c11 --diag_suppress=10063 --diag_warning=225 --diag_wrap=off --display_error_number --abi=coffabi -z -m"FinalProjectwithCANAprilStarter.map" --stack_size=0x800 --warn_sections -i"C:/ti/ccs1270/ccs/tools/compiler/ti-cgt-c2000_22.6.1.LTS/lib" -i"C:/ti/ccs1270/ccs/tools/compiler/ti-cgt-c2000_22.6.1.LTS/include" --reread_libs --diag_wrap=off --display_error_number --xml_link_info="FinalProjectwithCANAprilStarter_linkInfo.xml" --rom_model -o "FinalProjectwithCANAprilStarter.out" "./F28379dCAN.obj" "./F28379dSerial.obj" "./F2837xD_Adc.obj" "./F2837xD_CodeStartBranch.obj" "./F2837xD_CpuTimers.obj" "./F2837xD_DefaultISR.obj" "./F2837xD_EPwm.obj" "./F2837xD_GlobalVariableDefs.obj" "./F2837xD_Gpio.obj" "./F2837xD_PieCtrl.obj" "./F2837xD_PieVect.obj" "./F2837xD_Spi.obj" "./F2837xD_SysCtrl.obj" "./F2837xD_usDelay.obj" "./FinalProjectwithCANAprilStarter_main.obj" "./MatrixMath.obj" "./OptiTrack.obj" "./SE423Lib.obj" "./user_xy.obj" "./device/device.obj" "../2837xD_FLASH_lnk_cpu1.cmd" "../F2837xD_Headers_nonBIOS_cpu1.cmd" "C:/MARIUS_FINAL_PROJECT/se423_final_project/C2000Ware_4_01_00_00/libraries/dsp/FPU/c28/lib/c28x_fpu_dsp_library.lib" "C:/MARIUS_FINAL_PROJECT/se423_final_project/C2000Ware_4_01_00_00/driverlib/f2837xd/driverlib/ccs/Debug/driverlib.lib"  -llibc.a 
<Linking>
Finished building target: "FinalProjectwithCANAprilStarter.out"
 
C:/Program Files/C2Prog 2.x/c2p-cli mkehx --target=28379,378,377,375D-CPU01_SCI FinalProjectwithCANAprilStarter.out FlashIt.ehx
makefile:176: recipe for target 'post-build' failed
process_begin: CreateProcess(NULL, C:/Program Files/C2Prog 2.x/c2p-cli mkehx --target=28379,378,377,375D-CPU01_SCI FinalProjectwithCANAprilStarter.out FlashIt.ehx, ...) failed.
 
gmake[2]: [post-build] Error 2 (ignored)
 

**** Build Finished ****

**** Build of configuration CPU1_FLASH for project FinalProjectwithCANAprilStarter ****

"C:\\ti\\ccs1270\\ccs\\utils\\bin\\gmake" -k -j 12 all -O 
 
gmake[1]: 'FinalProjectwithCANAprilStarter.out' is up to date.

**** Build Finished ****

**** Build of configuration CPU1_FLASH for project FinalProjectwithCANAprilStarter ****

"C:\\ti\\ccs1270\\ccs\\utils\\bin\\gmake" -k -j 12 all -O 
 
gmake[1]: 'FinalProjectwithCANAprilStarter.out' is up to date.

**** Build Finished ****

**** Build of configuration CPU1_FLASH for project FinalProjectwithCANAprilStarter ****

"C:\\ti\\ccs1270\\ccs\\utils\\bin\\gmake" -k -j 12 all -O 
 
gmake[1]: 'FinalProjectwithCANAprilStarter.out' is up to date.

**** Build Finished ****

**** Build of configuration CPU1_FLASH for project FinalProjectwithCANAprilStarter ****

"C:\\ti\\ccs1270\\ccs\\utils\\bin\\gmake" -k -j 12 all -O 
 
gmake[1]: 'FinalProjectwithCANAprilStarter.out' is up to date.

**** Build Finished ****

**** Build of configuration CPU1_FLASH for project FinalProjectwithCANAprilStarter ****

"C:\\ti\\ccs1270\\ccs\\utils\\bin\\gmake" -k -j 12 all -O 
 
Building file: "../FinalProjectwithCANAprilStarter_main.c"
Invoking: C2000 Compiler
"C:/ti/ccs1270/ccs/tools/compiler/ti-cgt-c2000_22.6.1.LTS/bin/cl2000" -v28 -ml -mt --cla_support=cla1 --float_support=fpu32 --tmu_support=tmu0 --vcu_support=vcu2 -Ooff --include_path="C:/MARIUS_FINAL_PROJECT/se423_final_project/workspace/FinalProjectwithCANAprilStarter" --include_path="C:/MARIUS_FINAL_PROJECT/se423_final_project/C2000Ware_4_01_00_00/device_support/f2837xd/common/include" --include_path="C:/MARIUS_FINAL_PROJECT/se423_final_project/C2000Ware_4_01_00_00/device_support/f2837xd/headers/include" --include_path="C:/MARIUS_FINAL_PROJECT/se423_final_project/workspace/FinalProjectwithCANAprilStarter/device" --include_path="C:/MARIUS_FINAL_PROJECT/se423_final_project/C2000Ware_4_01_00_00/driverlib/f2837xd/driverlib" --include_path="C:/MARIUS_FINAL_PROJECT/se423_final_project/C2000Ware_4_01_00_00/libraries/dsp/FPU/c28/include" --include_path="C:/ti/ccs1270/ccs/tools/compiler/ti-cgt-c2000_22.6.1.LTS/include" --define=DEBUG --define=_FLASH --define=_LAUNCHXL_F28379D --define=_DUAL_HEADERS --define=CPU1 --c11 --diag_suppress=10063 --diag_warning=225 --diag_wrap=off --display_error_number --abi=coffabi --preproc_with_compile --preproc_dependency="FinalProjectwithCANAprilStarter_main.d_raw"  "../FinalProjectwithCANAprilStarter_main.c"
"../FinalProjectwithCANAprilStarter_main.c", line 730 (col. 32): advice #2614-D: (Performance) Use --fp_mode=relaxed to enable TMU hardware support for FP division.
"../FinalProjectwithCANAprilStarter_main.c", line 1041 (col. 23): advice #2614-D: (Performance) Use --fp_mode=relaxed to enable TMU hardware support for cosf.
"../FinalProjectwithCANAprilStarter_main.c", line 1042 (col. 23): advice #2614-D: (Performance) Use --fp_mode=relaxed to enable TMU hardware support for sinf.
Finished building: "../FinalProjectwithCANAprilStarter_main.c"
 
Building target: "FinalProjectwithCANAprilStarter.out"
Invoking: C2000 Linker
"C:/ti/ccs1270/ccs/tools/compiler/ti-cgt-c2000_22.6.1.LTS/bin/cl2000" -v28 -ml -mt --cla_support=cla1 --float_support=fpu32 --tmu_support=tmu0 --vcu_support=vcu2 -Ooff --define=DEBUG --define=_FLASH --define=_LAUNCHXL_F28379D --define=_DUAL_HEADERS --define=CPU1 --c11 --diag_suppress=10063 --diag_warning=225 --diag_wrap=off --display_error_number --abi=coffabi -z -m"FinalProjectwithCANAprilStarter.map" --stack_size=0x800 --warn_sections -i"C:/ti/ccs1270/ccs/tools/compiler/ti-cgt-c2000_22.6.1.LTS/lib" -i"C:/ti/ccs1270/ccs/tools/compiler/ti-cgt-c2000_22.6.1.LTS/include" --reread_libs --diag_wrap=off --display_error_number --xml_link_info="FinalProjectwithCANAprilStarter_linkInfo.xml" --rom_model -o "FinalProjectwithCANAprilStarter.out" "./F28379dCAN.obj" "./F28379dSerial.obj" "./F2837xD_Adc.obj" "./F2837xD_CodeStartBranch.obj" "./F2837xD_CpuTimers.obj" "./F2837xD_DefaultISR.obj" "./F2837xD_EPwm.obj" "./F2837xD_GlobalVariableDefs.obj" "./F2837xD_Gpio.obj" "./F2837xD_PieCtrl.obj" "./F2837xD_PieVect.obj" "./F2837xD_Spi.obj" "./F2837xD_SysCtrl.obj" "./F2837xD_usDelay.obj" "./FinalProjectwithCANAprilStarter_main.obj" "./MatrixMath.obj" "./OptiTrack.obj" "./SE423Lib.obj" "./user_xy.obj" "./device/device.obj" "../2837xD_FLASH_lnk_cpu1.cmd" "../F2837xD_Headers_nonBIOS_cpu1.cmd" "C:/MARIUS_FINAL_PROJECT/se423_final_project/C2000Ware_4_01_00_00/libraries/dsp/FPU/c28/lib/c28x_fpu_dsp_library.lib" "C:/MARIUS_FINAL_PROJECT/se423_final_project/C2000Ware_4_01_00_00/driverlib/f2837xd/driverlib/ccs/Debug/driverlib.lib"  -llibc.a 
<Linking>
Finished building target: "FinalProjectwithCANAprilStarter.out"
 
C:/Program Files/C2Prog 2.x/c2p-cli mkehx --target=28379,378,377,375D-CPU01_SCI FinalProjectwithCANAprilStarter.out FlashIt.ehx
makefile:176: recipe for target 'post-build' failed
process_begin: CreateProcess(NULL, C:/Program Files/C2Prog 2.x/c2p-cli mkehx --target=28379,378,377,375D-CPU01_SCI FinalProjectwithCANAprilStarter.out FlashIt.ehx, ...) failed.
 
gmake[2]: [post-build] Error 2 (ignored)
 

**** Build Finished ****

**** Build of configuration CPU1_FLASH for project FinalProjectwithCANAprilStarter ****

"C:\\ti\\ccs1270\\ccs\\utils\\bin\\gmake" -k -j 12 all -O 
 
gmake[1]: 'FinalProjectwithCANAprilStarter.out' is up to date.

**** Build Finished ****

**** Build of configuration CPU1_FLASH for project FinalProjectwithCANAprilStarter ****

"C:\\ti\\ccs1270\\ccs\\utils\\bin\\gmake" -k -j 12 all -O 
 
Building file: "../FinalProjectwithCANAprilStarter_main.c"
Invoking: C2000 Compiler
"C:/ti/ccs1270/ccs/tools/compiler/ti-cgt-c2000_22.6.1.LTS/bin/cl2000" -v28 -ml -mt --cla_support=cla1 --float_support=fpu32 --tmu_support=tmu0 --vcu_support=vcu2 -Ooff --include_path="C:/MARIUS_FINAL_PROJECT/se423_final_project/workspace/FinalProjectwithCANAprilStarter" --include_path="C:/MARIUS_FINAL_PROJECT/se423_final_project/C2000Ware_4_01_00_00/device_support/f2837xd/common/include" --include_path="C:/MARIUS_FINAL_PROJECT/se423_final_project/C2000Ware_4_01_00_00/device_support/f2837xd/headers/include" --include_path="C:/MARIUS_FINAL_PROJECT/se423_final_project/workspace/FinalProjectwithCANAprilStarter/device" --include_path="C:/MARIUS_FINAL_PROJECT/se423_final_project/C2000Ware_4_01_00_00/driverlib/f2837xd/driverlib" --include_path="C:/MARIUS_FINAL_PROJECT/se423_final_project/C2000Ware_4_01_00_00/libraries/dsp/FPU/c28/include" --include_path="C:/ti/ccs1270/ccs/tools/compiler/ti-cgt-c2000_22.6.1.LTS/include" --define=DEBUG --define=_FLASH --define=_LAUNCHXL_F28379D --define=_DUAL_HEADERS --define=CPU1 --c11 --diag_suppress=10063 --diag_warning=225 --diag_wrap=off --display_error_number --abi=coffabi --preproc_with_compile --preproc_dependency="FinalProjectwithCANAprilStarter_main.d_raw"  "../FinalProjectwithCANAprilStarter_main.c"
"../FinalProjectwithCANAprilStarter_main.c", line 730 (col. 32): advice #2614-D: (Performance) Use --fp_mode=relaxed to enable TMU hardware support for FP division.
"../FinalProjectwithCANAprilStarter_main.c", line 1041 (col. 23): advice #2614-D: (Performance) Use --fp_mode=relaxed to enable TMU hardware support for cosf.
"../FinalProjectwithCANAprilStarter_main.c", line 1042 (col. 23): advice #2614-D: (Performance) Use --fp_mode=relaxed to enable TMU hardware support for sinf.
Finished building: "../FinalProjectwithCANAprilStarter_main.c"
 
Building target: "FinalProjectwithCANAprilStarter.out"
Invoking: C2000 Linker
"C:/ti/ccs1270/ccs/tools/compiler/ti-cgt-c2000_22.6.1.LTS/bin/cl2000" -v28 -ml -mt --cla_support=cla1 --float_support=fpu32 --tmu_support=tmu0 --vcu_support=vcu2 -Ooff --define=DEBUG --define=_FLASH --define=_LAUNCHXL_F28379D --define=_DUAL_HEADERS --define=CPU1 --c11 --diag_suppress=10063 --diag_warning=225 --diag_wrap=off --display_error_number --abi=coffabi -z -m"FinalProjectwithCANAprilStarter.map" --stack_size=0x800 --warn_sections -i"C:/ti/ccs1270/ccs/tools/compiler/ti-cgt-c2000_22.6.1.LTS/lib" -i"C:/ti/ccs1270/ccs/tools/compiler/ti-cgt-c2000_22.6.1.LTS/include" --reread_libs --diag_wrap=off --display_error_number --xml_link_info="FinalProjectwithCANAprilStarter_linkInfo.xml" --rom_model -o "FinalProjectwithCANAprilStarter.out" "./F28379dCAN.obj" "./F28379dSerial.obj" "./F2837xD_Adc.obj" "./F2837xD_CodeStartBranch.obj" "./F2837xD_CpuTimers.obj" "./F2837xD_DefaultISR.obj" "./F2837xD_EPwm.obj" "./F2837xD_GlobalVariableDefs.obj" "./F2837xD_Gpio.obj" "./F2837xD_PieCtrl.obj" "./F2837xD_PieVect.obj" "./F2837xD_Spi.obj" "./F2837xD_SysCtrl.obj" "./F2837xD_usDelay.obj" "./FinalProjectwithCANAprilStarter_main.obj" "./MatrixMath.obj" "./OptiTrack.obj" "./SE423Lib.obj" "./user_xy.obj" "./device/device.obj" "../2837xD_FLASH_lnk_cpu1.cmd" "../F2837xD_Headers_nonBIOS_cpu1.cmd" "C:/MARIUS_FINAL_PROJECT/se423_final_project/C2000Ware_4_01_00_00/libraries/dsp/FPU/c28/lib/c28x_fpu_dsp_library.lib" "C:/MARIUS_FINAL_PROJECT/se423_final_project/C2000Ware_4_01_00_00/driverlib/f2837xd/driverlib/ccs/Debug/driverlib.lib"  -llibc.a 
<Linking>
Finished building target: "FinalProjectwithCANAprilStarter.out"
 
C:/Program Files/C2Prog 2.x/c2p-cli mkehx --target=28379,378,377,375D-CPU01_SCI FinalProjectwithCANAprilStarter.out FlashIt.ehx
makefile:176: recipe for target 'post-build' failed
process_begin: CreateProcess(NULL, C:/Program Files/C2Prog 2.x/c2p-cli mkehx --target=28379,378,377,375D-CPU01_SCI FinalProjectwithCANAprilStarter.out FlashIt.ehx, ...) failed.
 
gmake[2]: [post-build] Error 2 (ignored)
 

**** Build Finished ****

**** Build of configuration CPU1_FLASH for project FinalProjectwithCANAprilStarter ****

"C:\\ti\\ccs1270\\ccs\\utils\\bin\\gmake" -k -j 12 all -O 
 
gmake[1]: 'FinalProjectwithCANAprilStarter.out' is up to date.

**** Build Finished ****

**** Build of configuration CPU1_FLASH for project FinalProjectwithCANAprilStarter ****

"C:\\ti\\ccs1270\\ccs\\utils\\bin\\gmake" -k -j 12 all -O 
 
Building file: "../FinalProjectwithCANAprilStarter_main.c"
Invoking: C2000 Compiler
"C:/ti/ccs1270/ccs/tools/compiler/ti-cgt-c2000_22.6.1.LTS/bin/cl2000" -v28 -ml -mt --cla_support=cla1 --float_support=fpu32 --tmu_support=tmu0 --vcu_support=vcu2 -Ooff --include_path="C:/MARIUS_FINAL_PROJECT/se423_final_project/workspace/FinalProjectwithCANAprilStarter" --include_path="C:/MARIUS_FINAL_PROJECT/se423_final_project/C2000Ware_4_01_00_00/device_support/f2837xd/common/include" --include_path="C:/MARIUS_FINAL_PROJECT/se423_final_project/C2000Ware_4_01_00_00/device_support/f2837xd/headers/include" --include_path="C:/MARIUS_FINAL_PROJECT/se423_final_project/workspace/FinalProjectwithCANAprilStarter/device" --include_path="C:/MARIUS_FINAL_PROJECT/se423_final_project/C2000Ware_4_01_00_00/driverlib/f2837xd/driverlib" --include_path="C:/MARIUS_FINAL_PROJECT/se423_final_project/C2000Ware_4_01_00_00/libraries/dsp/FPU/c28/include" --include_path="C:/ti/ccs1270/ccs/tools/compiler/ti-cgt-c2000_22.6.1.LTS/include" --define=DEBUG --define=_FLASH --define=_LAUNCHXL_F28379D --define=_DUAL_HEADERS --define=CPU1 --c11 --diag_suppress=10063 --diag_warning=225 --diag_wrap=off --display_error_number --abi=coffabi --preproc_with_compile --preproc_dependency="FinalProjectwithCANAprilStarter_main.d_raw"  "../FinalProjectwithCANAprilStarter_main.c"
 
>> Compilation failure
subdir_rules.mk:9: recipe for target 'FinalProjectwithCANAprilStarter_main.obj' failed
"../FinalProjectwithCANAprilStarter_main.c", line 1102: error #20: identifier "LADARfrontleft" is undefined
1 error detected in the compilation of "../FinalProjectwithCANAprilStarter_main.c".
gmake: *** [FinalProjectwithCANAprilStarter_main.obj] Error 1
gmake: Target 'all' not remade because of errors.

**** Build Finished ****

**** Build of configuration CPU1_FLASH for project FinalProjectwithCANAprilStarter ****

"C:\\ti\\ccs1270\\ccs\\utils\\bin\\gmake" -k -j 12 all -O 
 
Building file: "../FinalProjectwithCANAprilStarter_main.c"
Invoking: C2000 Compiler
"C:/ti/ccs1270/ccs/tools/compiler/ti-cgt-c2000_22.6.1.LTS/bin/cl2000" -v28 -ml -mt --cla_support=cla1 --float_support=fpu32 --tmu_support=tmu0 --vcu_support=vcu2 -Ooff --include_path="C:/MARIUS_FINAL_PROJECT/se423_final_project/workspace/FinalProjectwithCANAprilStarter" --include_path="C:/MARIUS_FINAL_PROJECT/se423_final_project/C2000Ware_4_01_00_00/device_support/f2837xd/common/include" --include_path="C:/MARIUS_FINAL_PROJECT/se423_final_project/C2000Ware_4_01_00_00/device_support/f2837xd/headers/include" --include_path="C:/MARIUS_FINAL_PROJECT/se423_final_project/workspace/FinalProjectwithCANAprilStarter/device" --include_path="C:/MARIUS_FINAL_PROJECT/se423_final_project/C2000Ware_4_01_00_00/driverlib/f2837xd/driverlib" --include_path="C:/MARIUS_FINAL_PROJECT/se423_final_project/C2000Ware_4_01_00_00/libraries/dsp/FPU/c28/include" --include_path="C:/ti/ccs1270/ccs/tools/compiler/ti-cgt-c2000_22.6.1.LTS/include" --define=DEBUG --define=_FLASH --define=_LAUNCHXL_F28379D --define=_DUAL_HEADERS --define=CPU1 --c11 --diag_suppress=10063 --diag_warning=225 --diag_wrap=off --display_error_number --abi=coffabi --preproc_with_compile --preproc_dependency="FinalProjectwithCANAprilStarter_main.d_raw"  "../FinalProjectwithCANAprilStarter_main.c"
"../FinalProjectwithCANAprilStarter_main.c", line 730 (col. 32): advice #2614-D: (Performance) Use --fp_mode=relaxed to enable TMU hardware support for FP division.
"../FinalProjectwithCANAprilStarter_main.c", line 1041 (col. 23): advice #2614-D: (Performance) Use --fp_mode=relaxed to enable TMU hardware support for cosf.
"../FinalProjectwithCANAprilStarter_main.c", line 1042 (col. 23): advice #2614-D: (Performance) Use --fp_mode=relaxed to enable TMU hardware support for sinf.
Finished building: "../FinalProjectwithCANAprilStarter_main.c"
 
Building target: "FinalProjectwithCANAprilStarter.out"
Invoking: C2000 Linker
"C:/ti/ccs1270/ccs/tools/compiler/ti-cgt-c2000_22.6.1.LTS/bin/cl2000" -v28 -ml -mt --cla_support=cla1 --float_support=fpu32 --tmu_support=tmu0 --vcu_support=vcu2 -Ooff --define=DEBUG --define=_FLASH --define=_LAUNCHXL_F28379D --define=_DUAL_HEADERS --define=CPU1 --c11 --diag_suppress=10063 --diag_warning=225 --diag_wrap=off --display_error_number --abi=coffabi -z -m"FinalProjectwithCANAprilStarter.map" --stack_size=0x800 --warn_sections -i"C:/ti/ccs1270/ccs/tools/compiler/ti-cgt-c2000_22.6.1.LTS/lib" -i"C:/ti/ccs1270/ccs/tools/compiler/ti-cgt-c2000_22.6.1.LTS/include" --reread_libs --diag_wrap=off --display_error_number --xml_link_info="FinalProjectwithCANAprilStarter_linkInfo.xml" --rom_model -o "FinalProjectwithCANAprilStarter.out" "./F28379dCAN.obj" "./F28379dSerial.obj" "./F2837xD_Adc.obj" "./F2837xD_CodeStartBranch.obj" "./F2837xD_CpuTimers.obj" "./F2837xD_DefaultISR.obj" "./F2837xD_EPwm.obj" "./F2837xD_GlobalVariableDefs.obj" "./F2837xD_Gpio.obj" "./F2837xD_PieCtrl.obj" "./F2837xD_PieVect.obj" "./F2837xD_Spi.obj" "./F2837xD_SysCtrl.obj" "./F2837xD_usDelay.obj" "./FinalProjectwithCANAprilStarter_main.obj" "./MatrixMath.obj" "./OptiTrack.obj" "./SE423Lib.obj" "./user_xy.obj" "./device/device.obj" "../2837xD_FLASH_lnk_cpu1.cmd" "../F2837xD_Headers_nonBIOS_cpu1.cmd" "C:/MARIUS_FINAL_PROJECT/se423_final_project/C2000Ware_4_01_00_00/libraries/dsp/FPU/c28/lib/c28x_fpu_dsp_library.lib" "C:/MARIUS_FINAL_PROJECT/se423_final_project/C2000Ware_4_01_00_00/driverlib/f2837xd/driverlib/ccs/Debug/driverlib.lib"  -llibc.a 
<Linking>
Finished building target: "FinalProjectwithCANAprilStarter.out"
 
C:/Program Files/C2Prog 2.x/c2p-cli mkehx --target=28379,378,377,375D-CPU01_SCI FinalProjectwithCANAprilStarter.out FlashIt.ehx
makefile:176: recipe for target 'post-build' failed
process_begin: CreateProcess(NULL, C:/Program Files/C2Prog 2.x/c2p-cli mkehx --target=28379,378,377,375D-CPU01_SCI FinalProjectwithCANAprilStarter.out FlashIt.ehx, ...) failed.
 
gmake[2]: [post-build] Error 2 (ignored)
 

**** Build Finished ****

**** Build of configuration CPU1_FLASH for project FinalProjectwithCANAprilStarter ****

"C:\\ti\\ccs1270\\ccs\\utils\\bin\\gmake" -k -j 12 all -O 
 
gmake[1]: 'FinalProjectwithCANAprilStarter.out' is up to date.

**** Build Finished ****

**** Build of configuration CPU1_FLASH for project FinalProjectwithCANAprilStarter ****

"C:\\ti\\ccs1270\\ccs\\utils\\bin\\gmake" -k -j 12 all -O 
 
gmake[1]: 'FinalProjectwithCANAprilStarter.out' is up to date.

**** Build Finished ****

**** Build of configuration CPU1_FLASH for project FinalProjectwithCANAprilStarter ****

"C:\\ti\\ccs1270\\ccs\\utils\\bin\\gmake" -k -j 12 all -O 
 
gmake[1]: 'FinalProjectwithCANAprilStarter.out' is up to date.

**** Build Finished ****

**** Build of configuration CPU1_FLASH for project FinalProjectwithCANAprilStarter ****

"C:\\ti\\ccs1270\\ccs\\utils\\bin\\gmake" -k -j 12 all -O 
 
Building file: "../FinalProjectwithCANAprilStarter_main.c"
Invoking: C2000 Compiler
"C:/ti/ccs1270/ccs/tools/compiler/ti-cgt-c2000_22.6.1.LTS/bin/cl2000" -v28 -ml -mt --cla_support=cla1 --float_support=fpu32 --tmu_support=tmu0 --vcu_support=vcu2 -Ooff --include_path="C:/MARIUS_FINAL_PROJECT/se423_final_project/workspace/FinalProjectwithCANAprilStarter" --include_path="C:/MARIUS_FINAL_PROJECT/se423_final_project/C2000Ware_4_01_00_00/device_support/f2837xd/common/include" --include_path="C:/MARIUS_FINAL_PROJECT/se423_final_project/C2000Ware_4_01_00_00/device_support/f2837xd/headers/include" --include_path="C:/MARIUS_FINAL_PROJECT/se423_final_project/workspace/FinalProjectwithCANAprilStarter/device" --include_path="C:/MARIUS_FINAL_PROJECT/se423_final_project/C2000Ware_4_01_00_00/driverlib/f2837xd/driverlib" --include_path="C:/MARIUS_FINAL_PROJECT/se423_final_project/C2000Ware_4_01_00_00/libraries/dsp/FPU/c28/include" --include_path="C:/ti/ccs1270/ccs/tools/compiler/ti-cgt-c2000_22.6.1.LTS/include" --define=DEBUG --define=_FLASH --define=_LAUNCHXL_F28379D --define=_DUAL_HEADERS --define=CPU1 --c11 --diag_suppress=10063 --diag_warning=225 --diag_wrap=off --display_error_number --abi=coffabi --preproc_with_compile --preproc_dependency="FinalProjectwithCANAprilStarter_main.d_raw"  "../FinalProjectwithCANAprilStarter_main.c"
"../FinalProjectwithCANAprilStarter_main.c", line 730 (col. 32): advice #2614-D: (Performance) Use --fp_mode=relaxed to enable TMU hardware support for FP division.
"../FinalProjectwithCANAprilStarter_main.c", line 1041 (col. 23): advice #2614-D: (Performance) Use --fp_mode=relaxed to enable TMU hardware support for cosf.
"../FinalProjectwithCANAprilStarter_main.c", line 1042 (col. 23): advice #2614-D: (Performance) Use --fp_mode=relaxed to enable TMU hardware support for sinf.
Finished building: "../FinalProjectwithCANAprilStarter_main.c"
 
Building target: "FinalProjectwithCANAprilStarter.out"
Invoking: C2000 Linker
"C:/ti/ccs1270/ccs/tools/compiler/ti-cgt-c2000_22.6.1.LTS/bin/cl2000" -v28 -ml -mt --cla_support=cla1 --float_support=fpu32 --tmu_support=tmu0 --vcu_support=vcu2 -Ooff --define=DEBUG --define=_FLASH --define=_LAUNCHXL_F28379D --define=_DUAL_HEADERS --define=CPU1 --c11 --diag_suppress=10063 --diag_warning=225 --diag_wrap=off --display_error_number --abi=coffabi -z -m"FinalProjectwithCANAprilStarter.map" --stack_size=0x800 --warn_sections -i"C:/ti/ccs1270/ccs/tools/compiler/ti-cgt-c2000_22.6.1.LTS/lib" -i"C:/ti/ccs1270/ccs/tools/compiler/ti-cgt-c2000_22.6.1.LTS/include" --reread_libs --diag_wrap=off --display_error_number --xml_link_info="FinalProjectwithCANAprilStarter_linkInfo.xml" --rom_model -o "FinalProjectwithCANAprilStarter.out" "./F28379dCAN.obj" "./F28379dSerial.obj" "./F2837xD_Adc.obj" "./F2837xD_CodeStartBranch.obj" "./F2837xD_CpuTimers.obj" "./F2837xD_DefaultISR.obj" "./F2837xD_EPwm.obj" "./F2837xD_GlobalVariableDefs.obj" "./F2837xD_Gpio.obj" "./F2837xD_PieCtrl.obj" "./F2837xD_PieVect.obj" "./F2837xD_Spi.obj" "./F2837xD_SysCtrl.obj" "./F2837xD_usDelay.obj" "./FinalProjectwithCANAprilStarter_main.obj" "./MatrixMath.obj" "./OptiTrack.obj" "./SE423Lib.obj" "./user_xy.obj" "./device/device.obj" "../2837xD_FLASH_lnk_cpu1.cmd" "../F2837xD_Headers_nonBIOS_cpu1.cmd" "C:/MARIUS_FINAL_PROJECT/se423_final_project/C2000Ware_4_01_00_00/libraries/dsp/FPU/c28/lib/c28x_fpu_dsp_library.lib" "C:/MARIUS_FINAL_PROJECT/se423_final_project/C2000Ware_4_01_00_00/driverlib/f2837xd/driverlib/ccs/Debug/driverlib.lib"  -llibc.a 
<Linking>
Finished building target: "FinalProjectwithCANAprilStarter.out"
 
C:/Program Files/C2Prog 2.x/c2p-cli mkehx --target=28379,378,377,375D-CPU01_SCI FinalProjectwithCANAprilStarter.out FlashIt.ehx
makefile:176: recipe for target 'post-build' failed
process_begin: CreateProcess(NULL, C:/Program Files/C2Prog 2.x/c2p-cli mkehx --target=28379,378,377,375D-CPU01_SCI FinalProjectwithCANAprilStarter.out FlashIt.ehx, ...) failed.
 
gmake[2]: [post-build] Error 2 (ignored)
 

**** Build Finished ****

**** Build of configuration CPU1_FLASH for project FinalProjectwithCANAprilStarter ****

"C:\\ti\\ccs1270\\ccs\\utils\\bin\\gmake" -k -j 12 all -O 
 
gmake[1]: 'FinalProjectwithCANAprilStarter.out' is up to date.

**** Build Finished ****

**** Build of configuration CPU1_FLASH for project FinalProjectwithCANAprilStarter ****

"C:\\ti\\ccs1270\\ccs\\utils\\bin\\gmake" -k -j 12 all -O 
 
gmake[1]: 'FinalProjectwithCANAprilStarter.out' is up to date.

**** Build Finished ****

**** Build of configuration CPU1_FLASH for project FinalProjectwithCANAprilStarter ****

"C:\\ti\\ccs1270\\ccs\\utils\\bin\\gmake" -k -j 12 all -O 
 
Building file: "../FinalProjectwithCANAprilStarter_main.c"
Invoking: C2000 Compiler
"C:/ti/ccs1270/ccs/tools/compiler/ti-cgt-c2000_22.6.1.LTS/bin/cl2000" -v28 -ml -mt --cla_support=cla1 --float_support=fpu32 --tmu_support=tmu0 --vcu_support=vcu2 -Ooff --include_path="C:/MARIUS_FINAL_PROJECT/se423_final_project/workspace/FinalProjectwithCANAprilStarter" --include_path="C:/MARIUS_FINAL_PROJECT/se423_final_project/C2000Ware_4_01_00_00/device_support/f2837xd/common/include" --include_path="C:/MARIUS_FINAL_PROJECT/se423_final_project/C2000Ware_4_01_00_00/device_support/f2837xd/headers/include" --include_path="C:/MARIUS_FINAL_PROJECT/se423_final_project/workspace/FinalProjectwithCANAprilStarter/device" --include_path="C:/MARIUS_FINAL_PROJECT/se423_final_project/C2000Ware_4_01_00_00/driverlib/f2837xd/driverlib" --include_path="C:/MARIUS_FINAL_PROJECT/se423_final_project/C2000Ware_4_01_00_00/libraries/dsp/FPU/c28/include" --include_path="C:/ti/ccs1270/ccs/tools/compiler/ti-cgt-c2000_22.6.1.LTS/include" --define=DEBUG --define=_FLASH --define=_LAUNCHXL_F28379D --define=_DUAL_HEADERS --define=CPU1 --c11 --diag_suppress=10063 --diag_warning=225 --diag_wrap=off --display_error_number --abi=coffabi --preproc_with_compile --preproc_dependency="FinalProjectwithCANAprilStarter_main.d_raw"  "../FinalProjectwithCANAprilStarter_main.c"
"../FinalProjectwithCANAprilStarter_main.c", line 731 (col. 32): advice #2614-D: (Performance) Use --fp_mode=relaxed to enable TMU hardware support for FP division.
"../FinalProjectwithCANAprilStarter_main.c", line 1042 (col. 23): advice #2614-D: (Performance) Use --fp_mode=relaxed to enable TMU hardware support for cosf.
"../FinalProjectwithCANAprilStarter_main.c", line 1043 (col. 23): advice #2614-D: (Performance) Use --fp_mode=relaxed to enable TMU hardware support for sinf.
Finished building: "../FinalProjectwithCANAprilStarter_main.c"
 
Building target: "FinalProjectwithCANAprilStarter.out"
Invoking: C2000 Linker
"C:/ti/ccs1270/ccs/tools/compiler/ti-cgt-c2000_22.6.1.LTS/bin/cl2000" -v28 -ml -mt --cla_support=cla1 --float_support=fpu32 --tmu_support=tmu0 --vcu_support=vcu2 -Ooff --define=DEBUG --define=_FLASH --define=_LAUNCHXL_F28379D --define=_DUAL_HEADERS --define=CPU1 --c11 --diag_suppress=10063 --diag_warning=225 --diag_wrap=off --display_error_number --abi=coffabi -z -m"FinalProjectwithCANAprilStarter.map" --stack_size=0x800 --warn_sections -i"C:/ti/ccs1270/ccs/tools/compiler/ti-cgt-c2000_22.6.1.LTS/lib" -i"C:/ti/ccs1270/ccs/tools/compiler/ti-cgt-c2000_22.6.1.LTS/include" --reread_libs --diag_wrap=off --display_error_number --xml_link_info="FinalProjectwithCANAprilStarter_linkInfo.xml" --rom_model -o "FinalProjectwithCANAprilStarter.out" "./F28379dCAN.obj" "./F28379dSerial.obj" "./F2837xD_Adc.obj" "./F2837xD_CodeStartBranch.obj" "./F2837xD_CpuTimers.obj" "./F2837xD_DefaultISR.obj" "./F2837xD_EPwm.obj" "./F2837xD_GlobalVariableDefs.obj" "./F2837xD_Gpio.obj" "./F2837xD_PieCtrl.obj" "./F2837xD_PieVect.obj" "./F2837xD_Spi.obj" "./F2837xD_SysCtrl.obj" "./F2837xD_usDelay.obj" "./FinalProjectwithCANAprilStarter_main.obj" "./MatrixMath.obj" "./OptiTrack.obj" "./SE423Lib.obj" "./user_xy.obj" "./device/device.obj" "../2837xD_FLASH_lnk_cpu1.cmd" "../F2837xD_Headers_nonBIOS_cpu1.cmd" "C:/MARIUS_FINAL_PROJECT/se423_final_project/C2000Ware_4_01_00_00/libraries/dsp/FPU/c28/lib/c28x_fpu_dsp_library.lib" "C:/MARIUS_FINAL_PROJECT/se423_final_project/C2000Ware_4_01_00_00/driverlib/f2837xd/driverlib/ccs/Debug/driverlib.lib"  -llibc.a 
<Linking>
Finished building target: "FinalProjectwithCANAprilStarter.out"
 
C:/Program Files/C2Prog 2.x/c2p-cli mkehx --target=28379,378,377,375D-CPU01_SCI FinalProjectwithCANAprilStarter.out FlashIt.ehx
makefile:176: recipe for target 'post-build' failed
process_begin: CreateProcess(NULL, C:/Program Files/C2Prog 2.x/c2p-cli mkehx --target=28379,378,377,375D-CPU01_SCI FinalProjectwithCANAprilStarter.out FlashIt.ehx, ...) failed.
 
gmake[2]: [post-build] Error 2 (ignored)
 

**** Build Finished ****

**** Build of configuration CPU1_FLASH for project FinalProjectwithCANAprilStarter ****

"C:\\ti\\ccs1270\\ccs\\utils\\bin\\gmake" -k -j 12 all -O 
 
gmake[1]: 'FinalProjectwithCANAprilStarter.out' is up to date.

**** Build Finished ****

**** Build of configuration CPU1_FLASH for project FinalProjectwithCANAprilStarter ****

"C:\\ti\\ccs1270\\ccs\\utils\\bin\\gmake" -k -j 12 all -O 
 
gmake[1]: 'FinalProjectwithCANAprilStarter.out' is up to date.

**** Build Finished ****

**** Build of configuration CPU1_FLASH for project FinalProjectwithCANAprilStarter ****

"C:\\ti\\ccs1270\\ccs\\utils\\bin\\gmake" -k -j 12 all -O 
 
Building file: "../FinalProjectwithCANAprilStarter_main.c"
Invoking: C2000 Compiler
"C:/ti/ccs1270/ccs/tools/compiler/ti-cgt-c2000_22.6.1.LTS/bin/cl2000" -v28 -ml -mt --cla_support=cla1 --float_support=fpu32 --tmu_support=tmu0 --vcu_support=vcu2 -Ooff --include_path="C:/MARIUS_FINAL_PROJECT/se423_final_project/workspace/FinalProjectwithCANAprilStarter" --include_path="C:/MARIUS_FINAL_PROJECT/se423_final_project/C2000Ware_4_01_00_00/device_support/f2837xd/common/include" --include_path="C:/MARIUS_FINAL_PROJECT/se423_final_project/C2000Ware_4_01_00_00/device_support/f2837xd/headers/include" --include_path="C:/MARIUS_FINAL_PROJECT/se423_final_project/workspace/FinalProjectwithCANAprilStarter/device" --include_path="C:/MARIUS_FINAL_PROJECT/se423_final_project/C2000Ware_4_01_00_00/driverlib/f2837xd/driverlib" --include_path="C:/MARIUS_FINAL_PROJECT/se423_final_project/C2000Ware_4_01_00_00/libraries/dsp/FPU/c28/include" --include_path="C:/ti/ccs1270/ccs/tools/compiler/ti-cgt-c2000_22.6.1.LTS/include" --define=DEBUG --define=_FLASH --define=_LAUNCHXL_F28379D --define=_DUAL_HEADERS --define=CPU1 --c11 --diag_suppress=10063 --diag_warning=225 --diag_wrap=off --display_error_number --abi=coffabi --preproc_with_compile --preproc_dependency="FinalProjectwithCANAprilStarter_main.d_raw"  "../FinalProjectwithCANAprilStarter_main.c"
"../FinalProjectwithCANAprilStarter_main.c", line 731 (col. 32): advice #2614-D: (Performance) Use --fp_mode=relaxed to enable TMU hardware support for FP division.
"../FinalProjectwithCANAprilStarter_main.c", line 1042 (col. 23): advice #2614-D: (Performance) Use --fp_mode=relaxed to enable TMU hardware support for cosf.
"../FinalProjectwithCANAprilStarter_main.c", line 1043 (col. 23): advice #2614-D: (Performance) Use --fp_mode=relaxed to enable TMU hardware support for sinf.
Finished building: "../FinalProjectwithCANAprilStarter_main.c"
 
Building target: "FinalProjectwithCANAprilStarter.out"
Invoking: C2000 Linker
"C:/ti/ccs1270/ccs/tools/compiler/ti-cgt-c2000_22.6.1.LTS/bin/cl2000" -v28 -ml -mt --cla_support=cla1 --float_support=fpu32 --tmu_support=tmu0 --vcu_support=vcu2 -Ooff --define=DEBUG --define=_FLASH --define=_LAUNCHXL_F28379D --define=_DUAL_HEADERS --define=CPU1 --c11 --diag_suppress=10063 --diag_warning=225 --diag_wrap=off --display_error_number --abi=coffabi -z -m"FinalProjectwithCANAprilStarter.map" --stack_size=0x800 --warn_sections -i"C:/ti/ccs1270/ccs/tools/compiler/ti-cgt-c2000_22.6.1.LTS/lib" -i"C:/ti/ccs1270/ccs/tools/compiler/ti-cgt-c2000_22.6.1.LTS/include" --reread_libs --diag_wrap=off --display_error_number --xml_link_info="FinalProjectwithCANAprilStarter_linkInfo.xml" --rom_model -o "FinalProjectwithCANAprilStarter.out" "./F28379dCAN.obj" "./F28379dSerial.obj" "./F2837xD_Adc.obj" "./F2837xD_CodeStartBranch.obj" "./F2837xD_CpuTimers.obj" "./F2837xD_DefaultISR.obj" "./F2837xD_EPwm.obj" "./F2837xD_GlobalVariableDefs.obj" "./F2837xD_Gpio.obj" "./F2837xD_PieCtrl.obj" "./F2837xD_PieVect.obj" "./F2837xD_Spi.obj" "./F2837xD_SysCtrl.obj" "./F2837xD_usDelay.obj" "./FinalProjectwithCANAprilStarter_main.obj" "./MatrixMath.obj" "./OptiTrack.obj" "./SE423Lib.obj" "./user_xy.obj" "./device/device.obj" "../2837xD_FLASH_lnk_cpu1.cmd" "../F2837xD_Headers_nonBIOS_cpu1.cmd" "C:/MARIUS_FINAL_PROJECT/se423_final_project/C2000Ware_4_01_00_00/libraries/dsp/FPU/c28/lib/c28x_fpu_dsp_library.lib" "C:/MARIUS_FINAL_PROJECT/se423_final_project/C2000Ware_4_01_00_00/driverlib/f2837xd/driverlib/ccs/Debug/driverlib.lib"  -llibc.a 
<Linking>
Finished building target: "FinalProjectwithCANAprilStarter.out"
 
C:/Program Files/C2Prog 2.x/c2p-cli mkehx --target=28379,378,377,375D-CPU01_SCI FinalProjectwithCANAprilStarter.out FlashIt.ehx
makefile:176: recipe for target 'post-build' failed
process_begin: CreateProcess(NULL, C:/Program Files/C2Prog 2.x/c2p-cli mkehx --target=28379,378,377,375D-CPU01_SCI FinalProjectwithCANAprilStarter.out FlashIt.ehx, ...) failed.
 
gmake[2]: [post-build] Error 2 (ignored)
 

**** Build Finished ****

**** Build of configuration CPU1_FLASH for project FinalProjectwithCANAprilStarter ****

"C:\\ti\\ccs1270\\ccs\\utils\\bin\\gmake" -k -j 12 all -O 
 
Building file: "../FinalProjectwithCANAprilStarter_main.c"
Invoking: C2000 Compiler
"C:/ti/ccs1270/ccs/tools/compiler/ti-cgt-c2000_22.6.1.LTS/bin/cl2000" -v28 -ml -mt --cla_support=cla1 --float_support=fpu32 --tmu_support=tmu0 --vcu_support=vcu2 -Ooff --include_path="C:/MARIUS_FINAL_PROJECT/se423_final_project/workspace/FinalProjectwithCANAprilStarter" --include_path="C:/MARIUS_FINAL_PROJECT/se423_final_project/C2000Ware_4_01_00_00/device_support/f2837xd/common/include" --include_path="C:/MARIUS_FINAL_PROJECT/se423_final_project/C2000Ware_4_01_00_00/device_support/f2837xd/headers/include" --include_path="C:/MARIUS_FINAL_PROJECT/se423_final_project/workspace/FinalProjectwithCANAprilStarter/device" --include_path="C:/MARIUS_FINAL_PROJECT/se423_final_project/C2000Ware_4_01_00_00/driverlib/f2837xd/driverlib" --include_path="C:/MARIUS_FINAL_PROJECT/se423_final_project/C2000Ware_4_01_00_00/libraries/dsp/FPU/c28/include" --include_path="C:/ti/ccs1270/ccs/tools/compiler/ti-cgt-c2000_22.6.1.LTS/include" --define=DEBUG --define=_FLASH --define=_LAUNCHXL_F28379D --define=_DUAL_HEADERS --define=CPU1 --c11 --diag_suppress=10063 --diag_warning=225 --diag_wrap=off --display_error_number --abi=coffabi --preproc_with_compile --preproc_dependency="FinalProjectwithCANAprilStarter_main.d_raw"  "../FinalProjectwithCANAprilStarter_main.c"
"../FinalProjectwithCANAprilStarter_main.c", line 731 (col. 32): advice #2614-D: (Performance) Use --fp_mode=relaxed to enable TMU hardware support for FP division.
"../FinalProjectwithCANAprilStarter_main.c", line 1042 (col. 23): advice #2614-D: (Performance) Use --fp_mode=relaxed to enable TMU hardware support for cosf.
"../FinalProjectwithCANAprilStarter_main.c", line 1043 (col. 23): advice #2614-D: (Performance) Use --fp_mode=relaxed to enable TMU hardware support for sinf.
Finished building: "../FinalProjectwithCANAprilStarter_main.c"
 
Building target: "FinalProjectwithCANAprilStarter.out"
Invoking: C2000 Linker
"C:/ti/ccs1270/ccs/tools/compiler/ti-cgt-c2000_22.6.1.LTS/bin/cl2000" -v28 -ml -mt --cla_support=cla1 --float_support=fpu32 --tmu_support=tmu0 --vcu_support=vcu2 -Ooff --define=DEBUG --define=_FLASH --define=_LAUNCHXL_F28379D --define=_DUAL_HEADERS --define=CPU1 --c11 --diag_suppress=10063 --diag_warning=225 --diag_wrap=off --display_error_number --abi=coffabi -z -m"FinalProjectwithCANAprilStarter.map" --stack_size=0x800 --warn_sections -i"C:/ti/ccs1270/ccs/tools/compiler/ti-cgt-c2000_22.6.1.LTS/lib" -i"C:/ti/ccs1270/ccs/tools/compiler/ti-cgt-c2000_22.6.1.LTS/include" --reread_libs --diag_wrap=off --display_error_number --xml_link_info="FinalProjectwithCANAprilStarter_linkInfo.xml" --rom_model -o "FinalProjectwithCANAprilStarter.out" "./F28379dCAN.obj" "./F28379dSerial.obj" "./F2837xD_Adc.obj" "./F2837xD_CodeStartBranch.obj" "./F2837xD_CpuTimers.obj" "./F2837xD_DefaultISR.obj" "./F2837xD_EPwm.obj" "./F2837xD_GlobalVariableDefs.obj" "./F2837xD_Gpio.obj" "./F2837xD_PieCtrl.obj" "./F2837xD_PieVect.obj" "./F2837xD_Spi.obj" "./F2837xD_SysCtrl.obj" "./F2837xD_usDelay.obj" "./FinalProjectwithCANAprilStarter_main.obj" "./MatrixMath.obj" "./OptiTrack.obj" "./SE423Lib.obj" "./user_xy.obj" "./device/device.obj" "../2837xD_FLASH_lnk_cpu1.cmd" "../F2837xD_Headers_nonBIOS_cpu1.cmd" "C:/MARIUS_FINAL_PROJECT/se423_final_project/C2000Ware_4_01_00_00/libraries/dsp/FPU/c28/lib/c28x_fpu_dsp_library.lib" "C:/MARIUS_FINAL_PROJECT/se423_final_project/C2000Ware_4_01_00_00/driverlib/f2837xd/driverlib/ccs/Debug/driverlib.lib"  -llibc.a 
<Linking>
Finished building target: "FinalProjectwithCANAprilStarter.out"
 
C:/Program Files/C2Prog 2.x/c2p-cli mkehx --target=28379,378,377,375D-CPU01_SCI FinalProjectwithCANAprilStarter.out FlashIt.ehx
makefile:176: recipe for target 'post-build' failed
process_begin: CreateProcess(NULL, C:/Program Files/C2Prog 2.x/c2p-cli mkehx --target=28379,378,377,375D-CPU01_SCI FinalProjectwithCANAprilStarter.out FlashIt.ehx, ...) failed.
 
gmake[2]: [post-build] Error 2 (ignored)
 

**** Build Finished ****

**** Build of configuration CPU1_FLASH for project FinalProjectwithCANAprilStarter ****

"C:\\ti\\ccs1270\\ccs\\utils\\bin\\gmake" -k -j 12 all -O 
 
gmake[1]: 'FinalProjectwithCANAprilStarter.out' is up to date.

**** Build Finished ****

**** Build of configuration CPU1_FLASH for project FinalProjectwithCANAprilStarter ****

"C:\\ti\\ccs1270\\ccs\\utils\\bin\\gmake" -k -j 12 all -O 
 
Building file: "../FinalProjectwithCANAprilStarter_main.c"
Invoking: C2000 Compiler
"C:/ti/ccs1270/ccs/tools/compiler/ti-cgt-c2000_22.6.1.LTS/bin/cl2000" -v28 -ml -mt --cla_support=cla1 --float_support=fpu32 --tmu_support=tmu0 --vcu_support=vcu2 -Ooff --include_path="C:/MARIUS_FINAL_PROJECT/se423_final_project/workspace/FinalProjectwithCANAprilStarter" --include_path="C:/MARIUS_FINAL_PROJECT/se423_final_project/C2000Ware_4_01_00_00/device_support/f2837xd/common/include" --include_path="C:/MARIUS_FINAL_PROJECT/se423_final_project/C2000Ware_4_01_00_00/device_support/f2837xd/headers/include" --include_path="C:/MARIUS_FINAL_PROJECT/se423_final_project/workspace/FinalProjectwithCANAprilStarter/device" --include_path="C:/MARIUS_FINAL_PROJECT/se423_final_project/C2000Ware_4_01_00_00/driverlib/f2837xd/driverlib" --include_path="C:/MARIUS_FINAL_PROJECT/se423_final_project/C2000Ware_4_01_00_00/libraries/dsp/FPU/c28/include" --include_path="C:/ti/ccs1270/ccs/tools/compiler/ti-cgt-c2000_22.6.1.LTS/include" --define=DEBUG --define=_FLASH --define=_LAUNCHXL_F28379D --define=_DUAL_HEADERS --define=CPU1 --c11 --diag_suppress=10063 --diag_warning=225 --diag_wrap=off --display_error_number --abi=coffabi --preproc_with_compile --preproc_dependency="FinalProjectwithCANAprilStarter_main.d_raw"  "../FinalProjectwithCANAprilStarter_main.c"
"../FinalProjectwithCANAprilStarter_main.c", line 730 (col. 32): advice #2614-D: (Performance) Use --fp_mode=relaxed to enable TMU hardware support for FP division.
"../FinalProjectwithCANAprilStarter_main.c", line 1041 (col. 23): advice #2614-D: (Performance) Use --fp_mode=relaxed to enable TMU hardware support for cosf.
"../FinalProjectwithCANAprilStarter_main.c", line 1042 (col. 23): advice #2614-D: (Performance) Use --fp_mode=relaxed to enable TMU hardware support for sinf.
Finished building: "../FinalProjectwithCANAprilStarter_main.c"
 
Building target: "FinalProjectwithCANAprilStarter.out"
Invoking: C2000 Linker
"C:/ti/ccs1270/ccs/tools/compiler/ti-cgt-c2000_22.6.1.LTS/bin/cl2000" -v28 -ml -mt --cla_support=cla1 --float_support=fpu32 --tmu_support=tmu0 --vcu_support=vcu2 -Ooff --define=DEBUG --define=_FLASH --define=_LAUNCHXL_F28379D --define=_DUAL_HEADERS --define=CPU1 --c11 --diag_suppress=10063 --diag_warning=225 --diag_wrap=off --display_error_number --abi=coffabi -z -m"FinalProjectwithCANAprilStarter.map" --stack_size=0x800 --warn_sections -i"C:/ti/ccs1270/ccs/tools/compiler/ti-cgt-c2000_22.6.1.LTS/lib" -i"C:/ti/ccs1270/ccs/tools/compiler/ti-cgt-c2000_22.6.1.LTS/include" --reread_libs --diag_wrap=off --display_error_number --xml_link_info="FinalProjectwithCANAprilStarter_linkInfo.xml" --rom_model -o "FinalProjectwithCANAprilStarter.out" "./F28379dCAN.obj" "./F28379dSerial.obj" "./F2837xD_Adc.obj" "./F2837xD_CodeStartBranch.obj" "./F2837xD_CpuTimers.obj" "./F2837xD_DefaultISR.obj" "./F2837xD_EPwm.obj" "./F2837xD_GlobalVariableDefs.obj" "./F2837xD_Gpio.obj" "./F2837xD_PieCtrl.obj" "./F2837xD_PieVect.obj" "./F2837xD_Spi.obj" "./F2837xD_SysCtrl.obj" "./F2837xD_usDelay.obj" "./FinalProjectwithCANAprilStarter_main.obj" "./MatrixMath.obj" "./OptiTrack.obj" "./SE423Lib.obj" "./user_xy.obj" "./device/device.obj" "../2837xD_FLASH_lnk_cpu1.cmd" "../F2837xD_Headers_nonBIOS_cpu1.cmd" "C:/MARIUS_FINAL_PROJECT/se423_final_project/C2000Ware_4_01_00_00/libraries/dsp/FPU/c28/lib/c28x_fpu_dsp_library.lib" "C:/MARIUS_FINAL_PROJECT/se423_final_project/C2000Ware_4_01_00_00/driverlib/f2837xd/driverlib/ccs/Debug/driverlib.lib"  -llibc.a 
<Linking>
Finished building target: "FinalProjectwithCANAprilStarter.out"
 
C:/Program Files/C2Prog 2.x/c2p-cli mkehx --target=28379,378,377,375D-CPU01_SCI FinalProjectwithCANAprilStarter.out FlashIt.ehx
makefile:176: recipe for target 'post-build' failed
process_begin: CreateProcess(NULL, C:/Program Files/C2Prog 2.x/c2p-cli mkehx --target=28379,378,377,375D-CPU01_SCI FinalProjectwithCANAprilStarter.out FlashIt.ehx, ...) failed.
 
gmake[2]: [post-build] Error 2 (ignored)
 

**** Build Finished ****

**** Build of configuration CPU1_FLASH for project FinalProjectwithCANAprilStarter ****

"C:\\ti\\ccs1270\\ccs\\utils\\bin\\gmake" -k -j 12 all -O 
 
gmake[1]: 'FinalProjectwithCANAprilStarter.out' is up to date.

**** Build Finished ****

**** Build of configuration CPU1_FLASH for project FinalProjectwithCANAprilStarter ****

"C:\\ti\\ccs1270\\ccs\\utils\\bin\\gmake" -k -j 12 all -O 
 
gmake[1]: 'FinalProjectwithCANAprilStarter.out' is up to date.

**** Build Finished ****

**** Build of configuration CPU1_FLASH for project FinalProjectwithCANAprilStarter ****

"C:\\ti\\ccs1270\\ccs\\utils\\bin\\gmake" -k -j 12 all -O 
 
gmake[1]: 'FinalProjectwithCANAprilStarter.out' is up to date.

**** Build Finished ****

**** Build of configuration CPU1_FLASH for project FinalProjectwithCANAprilStarter ****

"C:\\ti\\ccs1270\\ccs\\utils\\bin\\gmake" -k -j 12 all -O 
 
Building file: "../FinalProjectwithCANAprilStarter_main.c"
Invoking: C2000 Compiler
"C:/ti/ccs1270/ccs/tools/compiler/ti-cgt-c2000_22.6.1.LTS/bin/cl2000" -v28 -ml -mt --cla_support=cla1 --float_support=fpu32 --tmu_support=tmu0 --vcu_support=vcu2 -Ooff --include_path="C:/MARIUS_FINAL_PROJECT/se423_final_project/workspace/FinalProjectwithCANAprilStarter" --include_path="C:/MARIUS_FINAL_PROJECT/se423_final_project/C2000Ware_4_01_00_00/device_support/f2837xd/common/include" --include_path="C:/MARIUS_FINAL_PROJECT/se423_final_project/C2000Ware_4_01_00_00/device_support/f2837xd/headers/include" --include_path="C:/MARIUS_FINAL_PROJECT/se423_final_project/workspace/FinalProjectwithCANAprilStarter/device" --include_path="C:/MARIUS_FINAL_PROJECT/se423_final_project/C2000Ware_4_01_00_00/driverlib/f2837xd/driverlib" --include_path="C:/MARIUS_FINAL_PROJECT/se423_final_project/C2000Ware_4_01_00_00/libraries/dsp/FPU/c28/include" --include_path="C:/ti/ccs1270/ccs/tools/compiler/ti-cgt-c2000_22.6.1.LTS/include" --define=DEBUG --define=_FLASH --define=_LAUNCHXL_F28379D --define=_DUAL_HEADERS --define=CPU1 --c11 --diag_suppress=10063 --diag_warning=225 --diag_wrap=off --display_error_number --abi=coffabi --preproc_with_compile --preproc_dependency="FinalProjectwithCANAprilStarter_main.d_raw"  "../FinalProjectwithCANAprilStarter_main.c"
 
>> Compilation failure
subdir_rules.mk:9: recipe for target 'FinalProjectwithCANAprilStarter_main.obj' failed
"../FinalProjectwithCANAprilStarter_main.c", line 1437: error #66: expected a ";"
"../FinalProjectwithCANAprilStarter_main.c", line 1460: warning #12-D: parsing restarts here after previous syntax error
1 error detected in the compilation of "../FinalProjectwithCANAprilStarter_main.c".
gmake: *** [FinalProjectwithCANAprilStarter_main.obj] Error 1
gmake: Target 'all' not remade because of errors.

**** Build Finished ****

**** Build of configuration CPU1_FLASH for project FinalProjectwithCANAprilStarter ****

"C:\\ti\\ccs1270\\ccs\\utils\\bin\\gmake" -k -j 12 all -O 
 
Building file: "../FinalProjectwithCANAprilStarter_main.c"
Invoking: C2000 Compiler
"C:/ti/ccs1270/ccs/tools/compiler/ti-cgt-c2000_22.6.1.LTS/bin/cl2000" -v28 -ml -mt --cla_support=cla1 --float_support=fpu32 --tmu_support=tmu0 --vcu_support=vcu2 -Ooff --include_path="C:/MARIUS_FINAL_PROJECT/se423_final_project/workspace/FinalProjectwithCANAprilStarter" --include_path="C:/MARIUS_FINAL_PROJECT/se423_final_project/C2000Ware_4_01_00_00/device_support/f2837xd/common/include" --include_path="C:/MARIUS_FINAL_PROJECT/se423_final_project/C2000Ware_4_01_00_00/device_support/f2837xd/headers/include" --include_path="C:/MARIUS_FINAL_PROJECT/se423_final_project/workspace/FinalProjectwithCANAprilStarter/device" --include_path="C:/MARIUS_FINAL_PROJECT/se423_final_project/C2000Ware_4_01_00_00/driverlib/f2837xd/driverlib" --include_path="C:/MARIUS_FINAL_PROJECT/se423_final_project/C2000Ware_4_01_00_00/libraries/dsp/FPU/c28/include" --include_path="C:/ti/ccs1270/ccs/tools/compiler/ti-cgt-c2000_22.6.1.LTS/include" --define=DEBUG --define=_FLASH --define=_LAUNCHXL_F28379D --define=_DUAL_HEADERS --define=CPU1 --c11 --diag_suppress=10063 --diag_warning=225 --diag_wrap=off --display_error_number --abi=coffabi --preproc_with_compile --preproc_dependency="FinalProjectwithCANAprilStarter_main.d_raw"  "../FinalProjectwithCANAprilStarter_main.c"
 
>> Compilation failure
subdir_rules.mk:9: recipe for target 'FinalProjectwithCANAprilStarter_main.obj' failed
"../FinalProjectwithCANAprilStarter_main.c", line 1437: error #66: expected a ";"
"../FinalProjectwithCANAprilStarter_main.c", line 1460: warning #12-D: parsing restarts here after previous syntax error
1 error detected in the compilation of "../FinalProjectwithCANAprilStarter_main.c".
gmake: *** [FinalProjectwithCANAprilStarter_main.obj] Error 1
gmake: Target 'all' not remade because of errors.

**** Build Finished ****

**** Build of configuration CPU1_FLASH for project FinalProjectwithCANAprilStarter ****

"C:\\ti\\ccs1270\\ccs\\utils\\bin\\gmake" -k -j 12 all -O 
 
Building file: "../FinalProjectwithCANAprilStarter_main.c"
Invoking: C2000 Compiler
"C:/ti/ccs1270/ccs/tools/compiler/ti-cgt-c2000_22.6.1.LTS/bin/cl2000" -v28 -ml -mt --cla_support=cla1 --float_support=fpu32 --tmu_support=tmu0 --vcu_support=vcu2 -Ooff --include_path="C:/MARIUS_FINAL_PROJECT/se423_final_project/workspace/FinalProjectwithCANAprilStarter" --include_path="C:/MARIUS_FINAL_PROJECT/se423_final_project/C2000Ware_4_01_00_00/device_support/f2837xd/common/include" --include_path="C:/MARIUS_FINAL_PROJECT/se423_final_project/C2000Ware_4_01_00_00/device_support/f2837xd/headers/include" --include_path="C:/MARIUS_FINAL_PROJECT/se423_final_project/workspace/FinalProjectwithCANAprilStarter/device" --include_path="C:/MARIUS_FINAL_PROJECT/se423_final_project/C2000Ware_4_01_00_00/driverlib/f2837xd/driverlib" --include_path="C:/MARIUS_FINAL_PROJECT/se423_final_project/C2000Ware_4_01_00_00/libraries/dsp/FPU/c28/include" --include_path="C:/ti/ccs1270/ccs/tools/compiler/ti-cgt-c2000_22.6.1.LTS/include" --define=DEBUG --define=_FLASH --define=_LAUNCHXL_F28379D --define=_DUAL_HEADERS --define=CPU1 --c11 --diag_suppress=10063 --diag_warning=225 --diag_wrap=off --display_error_number --abi=coffabi --preproc_with_compile --preproc_dependency="FinalProjectwithCANAprilStarter_main.d_raw"  "../FinalProjectwithCANAprilStarter_main.c"
 
>> Compilation failure
subdir_rules.mk:9: recipe for target 'FinalProjectwithCANAprilStarter_main.obj' failed
"../FinalProjectwithCANAprilStarter_main.c", line 1437: error #66: expected a ";"
"../FinalProjectwithCANAprilStarter_main.c", line 1460: warning #12-D: parsing restarts here after previous syntax error
1 error detected in the compilation of "../FinalProjectwithCANAprilStarter_main.c".
gmake: *** [FinalProjectwithCANAprilStarter_main.obj] Error 1
gmake: Target 'all' not remade because of errors.

**** Build Finished ****

**** Build of configuration CPU1_FLASH for project FinalProjectwithCANAprilStarter ****

"C:\\ti\\ccs1270\\ccs\\utils\\bin\\gmake" -k -j 12 all -O 
 
Building file: "../FinalProjectwithCANAprilStarter_main.c"
Invoking: C2000 Compiler
"C:/ti/ccs1270/ccs/tools/compiler/ti-cgt-c2000_22.6.1.LTS/bin/cl2000" -v28 -ml -mt --cla_support=cla1 --float_support=fpu32 --tmu_support=tmu0 --vcu_support=vcu2 -Ooff --include_path="C:/MARIUS_FINAL_PROJECT/se423_final_project/workspace/FinalProjectwithCANAprilStarter" --include_path="C:/MARIUS_FINAL_PROJECT/se423_final_project/C2000Ware_4_01_00_00/device_support/f2837xd/common/include" --include_path="C:/MARIUS_FINAL_PROJECT/se423_final_project/C2000Ware_4_01_00_00/device_support/f2837xd/headers/include" --include_path="C:/MARIUS_FINAL_PROJECT/se423_final_project/workspace/FinalProjectwithCANAprilStarter/device" --include_path="C:/MARIUS_FINAL_PROJECT/se423_final_project/C2000Ware_4_01_00_00/driverlib/f2837xd/driverlib" --include_path="C:/MARIUS_FINAL_PROJECT/se423_final_project/C2000Ware_4_01_00_00/libraries/dsp/FPU/c28/include" --include_path="C:/ti/ccs1270/ccs/tools/compiler/ti-cgt-c2000_22.6.1.LTS/include" --define=DEBUG --define=_FLASH --define=_LAUNCHXL_F28379D --define=_DUAL_HEADERS --define=CPU1 --c11 --diag_suppress=10063 --diag_warning=225 --diag_wrap=off --display_error_number --abi=coffabi --preproc_with_compile --preproc_dependency="FinalProjectwithCANAprilStarter_main.d_raw"  "../FinalProjectwithCANAprilStarter_main.c"
 
>> Compilation failure
subdir_rules.mk:9: recipe for target 'FinalProjectwithCANAprilStarter_main.obj' failed
"../FinalProjectwithCANAprilStarter_main.c", line 1437: error #66: expected a ";"
"../FinalProjectwithCANAprilStarter_main.c", line 1460: warning #12-D: parsing restarts here after previous syntax error
1 error detected in the compilation of "../FinalProjectwithCANAprilStarter_main.c".
gmake: *** [FinalProjectwithCANAprilStarter_main.obj] Error 1
gmake: Target 'all' not remade because of errors.

**** Build Finished ****

**** Build of configuration CPU1_FLASH for project FinalProjectwithCANAprilStarter ****

"C:\\ti\\ccs1270\\ccs\\utils\\bin\\gmake" -k -j 12 all -O 
 
Building file: "../FinalProjectwithCANAprilStarter_main.c"
Invoking: C2000 Compiler
"C:/ti/ccs1270/ccs/tools/compiler/ti-cgt-c2000_22.6.1.LTS/bin/cl2000" -v28 -ml -mt --cla_support=cla1 --float_support=fpu32 --tmu_support=tmu0 --vcu_support=vcu2 -Ooff --include_path="C:/MARIUS_FINAL_PROJECT/se423_final_project/workspace/FinalProjectwithCANAprilStarter" --include_path="C:/MARIUS_FINAL_PROJECT/se423_final_project/C2000Ware_4_01_00_00/device_support/f2837xd/common/include" --include_path="C:/MARIUS_FINAL_PROJECT/se423_final_project/C2000Ware_4_01_00_00/device_support/f2837xd/headers/include" --include_path="C:/MARIUS_FINAL_PROJECT/se423_final_project/workspace/FinalProjectwithCANAprilStarter/device" --include_path="C:/MARIUS_FINAL_PROJECT/se423_final_project/C2000Ware_4_01_00_00/driverlib/f2837xd/driverlib" --include_path="C:/MARIUS_FINAL_PROJECT/se423_final_project/C2000Ware_4_01_00_00/libraries/dsp/FPU/c28/include" --include_path="C:/ti/ccs1270/ccs/tools/compiler/ti-cgt-c2000_22.6.1.LTS/include" --define=DEBUG --define=_FLASH --define=_LAUNCHXL_F28379D --define=_DUAL_HEADERS --define=CPU1 --c11 --diag_suppress=10063 --diag_warning=225 --diag_wrap=off --display_error_number --abi=coffabi --preproc_with_compile --preproc_dependency="FinalProjectwithCANAprilStarter_main.d_raw"  "../FinalProjectwithCANAprilStarter_main.c"
 
>> Compilation failure
subdir_rules.mk:9: recipe for target 'FinalProjectwithCANAprilStarter_main.obj' failed
"../FinalProjectwithCANAprilStarter_main.c", line 1437: error #66: expected a ";"
"../FinalProjectwithCANAprilStarter_main.c", line 1460: warning #12-D: parsing restarts here after previous syntax error
1 error detected in the compilation of "../FinalProjectwithCANAprilStarter_main.c".
gmake: *** [FinalProjectwithCANAprilStarter_main.obj] Error 1
gmake: Target 'all' not remade because of errors.

**** Build Finished ****

**** Build of configuration CPU1_FLASH for project FinalProjectwithCANAprilStarter ****

"C:\\ti\\ccs1270\\ccs\\utils\\bin\\gmake" -k -j 12 all -O 
 
Building file: "../FinalProjectwithCANAprilStarter_main.c"
Invoking: C2000 Compiler
"C:/ti/ccs1270/ccs/tools/compiler/ti-cgt-c2000_22.6.1.LTS/bin/cl2000" -v28 -ml -mt --cla_support=cla1 --float_support=fpu32 --tmu_support=tmu0 --vcu_support=vcu2 -Ooff --include_path="C:/MARIUS_FINAL_PROJECT/se423_final_project/workspace/FinalProjectwithCANAprilStarter" --include_path="C:/MARIUS_FINAL_PROJECT/se423_final_project/C2000Ware_4_01_00_00/device_support/f2837xd/common/include" --include_path="C:/MARIUS_FINAL_PROJECT/se423_final_project/C2000Ware_4_01_00_00/device_support/f2837xd/headers/include" --include_path="C:/MARIUS_FINAL_PROJECT/se423_final_project/workspace/FinalProjectwithCANAprilStarter/device" --include_path="C:/MARIUS_FINAL_PROJECT/se423_final_project/C2000Ware_4_01_00_00/driverlib/f2837xd/driverlib" --include_path="C:/MARIUS_FINAL_PROJECT/se423_final_project/C2000Ware_4_01_00_00/libraries/dsp/FPU/c28/include" --include_path="C:/ti/ccs1270/ccs/tools/compiler/ti-cgt-c2000_22.6.1.LTS/include" --define=DEBUG --define=_FLASH --define=_LAUNCHXL_F28379D --define=_DUAL_HEADERS --define=CPU1 --c11 --diag_suppress=10063 --diag_warning=225 --diag_wrap=off --display_error_number --abi=coffabi --preproc_with_compile --preproc_dependency="FinalProjectwithCANAprilStarter_main.d_raw"  "../FinalProjectwithCANAprilStarter_main.c"
 
>> Compilation failure
subdir_rules.mk:9: recipe for target 'FinalProjectwithCANAprilStarter_main.obj' failed
"../FinalProjectwithCANAprilStarter_main.c", line 1438: error #66: expected a ";"
"../FinalProjectwithCANAprilStarter_main.c", line 1461: warning #12-D: parsing restarts here after previous syntax error
"../FinalProjectwithCANAprilStarter_main.c", line 1482: error #171: expected a declaration
"../FinalProjectwithCANAprilStarter_main.c", line 1504: warning #12-D: parsing restarts here after previous syntax error
"../FinalProjectwithCANAprilStarter_main.c", line 1505: warning #78-D: this declaration has no storage class or type specifier
"../FinalProjectwithCANAprilStarter_main.c", line 1505: error #148: declaration is incompatible with "float LADARyoffset" (declared at line 183)
"../FinalProjectwithCANAprilStarter_main.c", line 1505: error #150: variable "LADARyoffset" has already been initialized
"../FinalProjectwithCANAprilStarter_main.c", line 1505: error #60: function call is not allowed in a constant expression
"../FinalProjectwithCANAprilStarter_main.c", line 1505: error #28: expression must have a constant value
"../FinalProjectwithCANAprilStarter_main.c", line 1505: error #60: function call is not allowed in a constant expression
"../FinalProjectwithCANAprilStarter_main.c", line 1505: error #28: expression must have a constant value
"../FinalProjectwithCANAprilStarter_main.c", line 1505: error #28: expression must have a constant value
"../FinalProjectwithCANAprilStarter_main.c", line 1505: error #28: expression must have a constant value
"../FinalProjectwithCANAprilStarter_main.c", line 1506: error #171: expected a declaration
"../FinalProjectwithCANAprilStarter_main.c", line 1519: warning #12-D: parsing restarts here after previous syntax error
"../FinalProjectwithCANAprilStarter_main.c", line 1520: warning #78-D: this declaration has no storage class or type specifier
"../FinalProjectwithCANAprilStarter_main.c", line 1520: error #148: declaration is incompatible with "volatile struct PIE_CTRL_REGS PieCtrlRegs" (declared at line 694 of "C:\MARIUS_FINAL_PROJECT\se423_final_project\C2000Ware_4_01_00_00\device_support\f2837xd\headers\include\F2837xD_piectrl.h")
"../FinalProjectwithCANAprilStarter_main.c", line 1520: error #66: expected a ";"
"../FinalProjectwithCANAprilStarter_main.c", line 1522: error #171: expected a declaration
"../FinalProjectwithCANAprilStarter_main.c", line 1550: warning #12-D: parsing restarts here after previous syntax error
"../FinalProjectwithCANAprilStarter_main.c", line 1551: warning #78-D: this declaration has no storage class or type specifier
"../FinalProjectwithCANAprilStarter_main.c", line 1551: error #66: expected a ";"
"../FinalProjectwithCANAprilStarter_main.c", line 1553: error #171: expected a declaration
"../FinalProjectwithCANAprilStarter_main.c", line 1579: warning #12-D: parsing restarts here after previous syntax error
"../FinalProjectwithCANAprilStarter_main.c", line 1581: error #171: expected a declaration
"../FinalProjectwithCANAprilStarter_main.c", line 1614: warning #12-D: parsing restarts here after previous syntax error
"../FinalProjectwithCANAprilStarter_main.c", line 1619: warning #78-D: this declaration has no storage class or type specifier
"../FinalProjectwithCANAprilStarter_main.c", line 1619: error #148: declaration is incompatible with "volatile uint32_t errorFlag" (declared at line 91)
"../FinalProjectwithCANAprilStarter_main.c", line 1619: error #150: variable "errorFlag" has already been initialized
"../FinalProjectwithCANAprilStarter_main.c", line 1620: error #171: expected a declaration
"../FinalProjectwithCANAprilStarter_main.c", line 1650: warning #12-D: parsing restarts here after previous syntax error
"../FinalProjectwithCANAprilStarter_main.c", line 1655: warning #78-D: this declaration has no storage class or type specifier
"../FinalProjectwithCANAprilStarter_main.c", line 1655: error #148: declaration is incompatible with "volatile uint32_t errorFlag" (declared at line 91)
"../FinalProjectwithCANAprilStarter_main.c", line 1655: error #150: variable "errorFlag" has already been initialized
"../FinalProjectwithCANAprilStarter_main.c", line 1656: error #171: expected a declaration
"../FinalProjectwithCANAprilStarter_main.c", line 1681: warning #12-D: parsing restarts here after previous syntax error
"../FinalProjectwithCANAprilStarter_main.c", line 1686: warning #78-D: this declaration has no storage class or type specifier
"../FinalProjectwithCANAprilStarter_main.c", line 1686: error #148: declaration is incompatible with "volatile uint32_t errorFlag" (declared at line 91)
"../FinalProjectwithCANAprilStarter_main.c", line 1686: error #150: variable "errorFlag" has already been initialized
"../FinalProjectwithCANAprilStarter_main.c", line 1687: error #171: expected a declaration
"../FinalProjectwithCANAprilStarter_main.c", line 1712: warning #12-D: parsing restarts here after previous syntax error
"../FinalProjectwithCANAprilStarter_main.c", line 1717: warning #78-D: this declaration has no storage class or type specifier
"../FinalProjectwithCANAprilStarter_main.c", line 1717: error #148: declaration is incompatible with "volatile uint32_t errorFlag" (declared at line 91)
"../FinalProjectwithCANAprilStarter_main.c", line 1717: error #150: variable "errorFlag" has already been initialized
"../FinalProjectwithCANAprilStarter_main.c", line 1718: error #171: expected a declaration
"../FinalProjectwithCANAprilStarter_main.c", line 1735: warning #12-D: parsing restarts here after previous syntax error
"../FinalProjectwithCANAprilStarter_main.c", line 1740: error #80: expected a type specifier
"../FinalProjectwithCANAprilStarter_main.c", line 1740: warning #78-D: this declaration has no storage class or type specifier
"../FinalProjectwithCANAprilStarter_main.c", line 1740: error #148: declaration is incompatible with "void InterruptclearACKGroup(uint16_t)" (declared at line 51 of "..\F28379dCAN.h")
"../FinalProjectwithCANAprilStarter_main.c", line 1741: error #171: expected a declaration
32 errors detected in the compilation of "../FinalProjectwithCANAprilStarter_main.c".
gmake: *** [FinalProjectwithCANAprilStarter_main.obj] Error 1
gmake: Target 'all' not remade because of errors.

**** Build Finished ****

**** Build of configuration CPU1_FLASH for project FinalProjectwithCANAprilStarter ****

"C:\\ti\\ccs1270\\ccs\\utils\\bin\\gmake" -k -j 12 all -O 
 
Building file: "../FinalProjectwithCANAprilStarter_main.c"
Invoking: C2000 Compiler
"C:/ti/ccs1270/ccs/tools/compiler/ti-cgt-c2000_22.6.1.LTS/bin/cl2000" -v28 -ml -mt --cla_support=cla1 --float_support=fpu32 --tmu_support=tmu0 --vcu_support=vcu2 -Ooff --include_path="C:/MARIUS_FINAL_PROJECT/se423_final_project/workspace/FinalProjectwithCANAprilStarter" --include_path="C:/MARIUS_FINAL_PROJECT/se423_final_project/C2000Ware_4_01_00_00/device_support/f2837xd/common/include" --include_path="C:/MARIUS_FINAL_PROJECT/se423_final_project/C2000Ware_4_01_00_00/device_support/f2837xd/headers/include" --include_path="C:/MARIUS_FINAL_PROJECT/se423_final_project/workspace/FinalProjectwithCANAprilStarter/device" --include_path="C:/MARIUS_FINAL_PROJECT/se423_final_project/C2000Ware_4_01_00_00/driverlib/f2837xd/driverlib" --include_path="C:/MARIUS_FINAL_PROJECT/se423_final_project/C2000Ware_4_01_00_00/libraries/dsp/FPU/c28/include" --include_path="C:/ti/ccs1270/ccs/tools/compiler/ti-cgt-c2000_22.6.1.LTS/include" --define=DEBUG --define=_FLASH --define=_LAUNCHXL_F28379D --define=_DUAL_HEADERS --define=CPU1 --c11 --diag_suppress=10063 --diag_warning=225 --diag_wrap=off --display_error_number --abi=coffabi --preproc_with_compile --preproc_dependency="FinalProjectwithCANAprilStarter_main.d_raw"  "../FinalProjectwithCANAprilStarter_main.c"
 
>> Compilation failure
subdir_rules.mk:9: recipe for target 'FinalProjectwithCANAprilStarter_main.obj' failed
"../FinalProjectwithCANAprilStarter_main.c", line 1437: error #66: expected a ";"
"../FinalProjectwithCANAprilStarter_main.c", line 1460: warning #12-D: parsing restarts here after previous syntax error
1 error detected in the compilation of "../FinalProjectwithCANAprilStarter_main.c".
gmake: *** [FinalProjectwithCANAprilStarter_main.obj] Error 1
gmake: Target 'all' not remade because of errors.

**** Build Finished ****

**** Build of configuration CPU1_FLASH for project FinalProjectwithCANAprilStarter ****

"C:\\ti\\ccs1270\\ccs\\utils\\bin\\gmake" -k -j 12 all -O 
 
Building file: "../FinalProjectwithCANAprilStarter_main.c"
Invoking: C2000 Compiler
"C:/ti/ccs1270/ccs/tools/compiler/ti-cgt-c2000_22.6.1.LTS/bin/cl2000" -v28 -ml -mt --cla_support=cla1 --float_support=fpu32 --tmu_support=tmu0 --vcu_support=vcu2 -Ooff --include_path="C:/MARIUS_FINAL_PROJECT/se423_final_project/workspace/FinalProjectwithCANAprilStarter" --include_path="C:/MARIUS_FINAL_PROJECT/se423_final_project/C2000Ware_4_01_00_00/device_support/f2837xd/common/include" --include_path="C:/MARIUS_FINAL_PROJECT/se423_final_project/C2000Ware_4_01_00_00/device_support/f2837xd/headers/include" --include_path="C:/MARIUS_FINAL_PROJECT/se423_final_project/workspace/FinalProjectwithCANAprilStarter/device" --include_path="C:/MARIUS_FINAL_PROJECT/se423_final_project/C2000Ware_4_01_00_00/driverlib/f2837xd/driverlib" --include_path="C:/MARIUS_FINAL_PROJECT/se423_final_project/C2000Ware_4_01_00_00/libraries/dsp/FPU/c28/include" --include_path="C:/ti/ccs1270/ccs/tools/compiler/ti-cgt-c2000_22.6.1.LTS/include" --define=DEBUG --define=_FLASH --define=_LAUNCHXL_F28379D --define=_DUAL_HEADERS --define=CPU1 --c11 --diag_suppress=10063 --diag_warning=225 --diag_wrap=off --display_error_number --abi=coffabi --preproc_with_compile --preproc_dependency="FinalProjectwithCANAprilStarter_main.d_raw"  "../FinalProjectwithCANAprilStarter_main.c"
"../FinalProjectwithCANAprilStarter_main.c", line 730 (col. 32): advice #2614-D: (Performance) Use --fp_mode=relaxed to enable TMU hardware support for FP division.
"../FinalProjectwithCANAprilStarter_main.c", line 1041 (col. 23): advice #2614-D: (Performance) Use --fp_mode=relaxed to enable TMU hardware support for cosf.
"../FinalProjectwithCANAprilStarter_main.c", line 1042 (col. 23): advice #2614-D: (Performance) Use --fp_mode=relaxed to enable TMU hardware support for sinf.
Finished building: "../FinalProjectwithCANAprilStarter_main.c"
 
Building target: "FinalProjectwithCANAprilStarter.out"
Invoking: C2000 Linker
"C:/ti/ccs1270/ccs/tools/compiler/ti-cgt-c2000_22.6.1.LTS/bin/cl2000" -v28 -ml -mt --cla_support=cla1 --float_support=fpu32 --tmu_support=tmu0 --vcu_support=vcu2 -Ooff --define=DEBUG --define=_FLASH --define=_LAUNCHXL_F28379D --define=_DUAL_HEADERS --define=CPU1 --c11 --diag_suppress=10063 --diag_warning=225 --diag_wrap=off --display_error_number --abi=coffabi -z -m"FinalProjectwithCANAprilStarter.map" --stack_size=0x800 --warn_sections -i"C:/ti/ccs1270/ccs/tools/compiler/ti-cgt-c2000_22.6.1.LTS/lib" -i"C:/ti/ccs1270/ccs/tools/compiler/ti-cgt-c2000_22.6.1.LTS/include" --reread_libs --diag_wrap=off --display_error_number --xml_link_info="FinalProjectwithCANAprilStarter_linkInfo.xml" --rom_model -o "FinalProjectwithCANAprilStarter.out" "./F28379dCAN.obj" "./F28379dSerial.obj" "./F2837xD_Adc.obj" "./F2837xD_CodeStartBranch.obj" "./F2837xD_CpuTimers.obj" "./F2837xD_DefaultISR.obj" "./F2837xD_EPwm.obj" "./F2837xD_GlobalVariableDefs.obj" "./F2837xD_Gpio.obj" "./F2837xD_PieCtrl.obj" "./F2837xD_PieVect.obj" "./F2837xD_Spi.obj" "./F2837xD_SysCtrl.obj" "./F2837xD_usDelay.obj" "./FinalProjectwithCANAprilStarter_main.obj" "./MatrixMath.obj" "./OptiTrack.obj" "./SE423Lib.obj" "./user_xy.obj" "./device/device.obj" "../2837xD_FLASH_lnk_cpu1.cmd" "../F2837xD_Headers_nonBIOS_cpu1.cmd" "C:/MARIUS_FINAL_PROJECT/se423_final_project/C2000Ware_4_01_00_00/libraries/dsp/FPU/c28/lib/c28x_fpu_dsp_library.lib" "C:/MARIUS_FINAL_PROJECT/se423_final_project/C2000Ware_4_01_00_00/driverlib/f2837xd/driverlib/ccs/Debug/driverlib.lib"  -llibc.a 
<Linking>
Finished building target: "FinalProjectwithCANAprilStarter.out"
 
C:/Program Files/C2Prog 2.x/c2p-cli mkehx --target=28379,378,377,375D-CPU01_SCI FinalProjectwithCANAprilStarter.out FlashIt.ehx
makefile:176: recipe for target 'post-build' failed
process_begin: CreateProcess(NULL, C:/Program Files/C2Prog 2.x/c2p-cli mkehx --target=28379,378,377,375D-CPU01_SCI FinalProjectwithCANAprilStarter.out FlashIt.ehx, ...) failed.
 
gmake[2]: [post-build] Error 2 (ignored)
 

**** Build Finished ****

**** Build of configuration CPU1_FLASH for project FinalProjectwithCANAprilStarter ****

"C:\\ti\\ccs1270\\ccs\\utils\\bin\\gmake" -k -j 12 all -O 
 
Building file: "../FinalProjectwithCANAprilStarter_main.c"
Invoking: C2000 Compiler
"C:/ti/ccs1270/ccs/tools/compiler/ti-cgt-c2000_22.6.1.LTS/bin/cl2000" -v28 -ml -mt --cla_support=cla1 --float_support=fpu32 --tmu_support=tmu0 --vcu_support=vcu2 -Ooff --include_path="C:/MARIUS_FINAL_PROJECT/se423_final_project/workspace/FinalProjectwithCANAprilStarter" --include_path="C:/MARIUS_FINAL_PROJECT/se423_final_project/C2000Ware_4_01_00_00/device_support/f2837xd/common/include" --include_path="C:/MARIUS_FINAL_PROJECT/se423_final_project/C2000Ware_4_01_00_00/device_support/f2837xd/headers/include" --include_path="C:/MARIUS_FINAL_PROJECT/se423_final_project/workspace/FinalProjectwithCANAprilStarter/device" --include_path="C:/MARIUS_FINAL_PROJECT/se423_final_project/C2000Ware_4_01_00_00/driverlib/f2837xd/driverlib" --include_path="C:/MARIUS_FINAL_PROJECT/se423_final_project/C2000Ware_4_01_00_00/libraries/dsp/FPU/c28/include" --include_path="C:/ti/ccs1270/ccs/tools/compiler/ti-cgt-c2000_22.6.1.LTS/include" --define=DEBUG --define=_FLASH --define=_LAUNCHXL_F28379D --define=_DUAL_HEADERS --define=CPU1 --c11 --diag_suppress=10063 --diag_warning=225 --diag_wrap=off --display_error_number --abi=coffabi --preproc_with_compile --preproc_dependency="FinalProjectwithCANAprilStarter_main.d_raw"  "../FinalProjectwithCANAprilStarter_main.c"
"../FinalProjectwithCANAprilStarter_main.c", line 730 (col. 32): advice #2614-D: (Performance) Use --fp_mode=relaxed to enable TMU hardware support for FP division.
"../FinalProjectwithCANAprilStarter_main.c", line 1041 (col. 23): advice #2614-D: (Performance) Use --fp_mode=relaxed to enable TMU hardware support for cosf.
"../FinalProjectwithCANAprilStarter_main.c", line 1042 (col. 23): advice #2614-D: (Performance) Use --fp_mode=relaxed to enable TMU hardware support for sinf.
Finished building: "../FinalProjectwithCANAprilStarter_main.c"
 
Building target: "FinalProjectwithCANAprilStarter.out"
Invoking: C2000 Linker
"C:/ti/ccs1270/ccs/tools/compiler/ti-cgt-c2000_22.6.1.LTS/bin/cl2000" -v28 -ml -mt --cla_support=cla1 --float_support=fpu32 --tmu_support=tmu0 --vcu_support=vcu2 -Ooff --define=DEBUG --define=_FLASH --define=_LAUNCHXL_F28379D --define=_DUAL_HEADERS --define=CPU1 --c11 --diag_suppress=10063 --diag_warning=225 --diag_wrap=off --display_error_number --abi=coffabi -z -m"FinalProjectwithCANAprilStarter.map" --stack_size=0x800 --warn_sections -i"C:/ti/ccs1270/ccs/tools/compiler/ti-cgt-c2000_22.6.1.LTS/lib" -i"C:/ti/ccs1270/ccs/tools/compiler/ti-cgt-c2000_22.6.1.LTS/include" --reread_libs --diag_wrap=off --display_error_number --xml_link_info="FinalProjectwithCANAprilStarter_linkInfo.xml" --rom_model -o "FinalProjectwithCANAprilStarter.out" "./F28379dCAN.obj" "./F28379dSerial.obj" "./F2837xD_Adc.obj" "./F2837xD_CodeStartBranch.obj" "./F2837xD_CpuTimers.obj" "./F2837xD_DefaultISR.obj" "./F2837xD_EPwm.obj" "./F2837xD_GlobalVariableDefs.obj" "./F2837xD_Gpio.obj" "./F2837xD_PieCtrl.obj" "./F2837xD_PieVect.obj" "./F2837xD_Spi.obj" "./F2837xD_SysCtrl.obj" "./F2837xD_usDelay.obj" "./FinalProjectwithCANAprilStarter_main.obj" "./MatrixMath.obj" "./OptiTrack.obj" "./SE423Lib.obj" "./user_xy.obj" "./device/device.obj" "../2837xD_FLASH_lnk_cpu1.cmd" "../F2837xD_Headers_nonBIOS_cpu1.cmd" "C:/MARIUS_FINAL_PROJECT/se423_final_project/C2000Ware_4_01_00_00/libraries/dsp/FPU/c28/lib/c28x_fpu_dsp_library.lib" "C:/MARIUS_FINAL_PROJECT/se423_final_project/C2000Ware_4_01_00_00/driverlib/f2837xd/driverlib/ccs/Debug/driverlib.lib"  -llibc.a 
<Linking>
Finished building target: "FinalProjectwithCANAprilStarter.out"
 
C:/Program Files/C2Prog 2.x/c2p-cli mkehx --target=28379,378,377,375D-CPU01_SCI FinalProjectwithCANAprilStarter.out FlashIt.ehx
makefile:176: recipe for target 'post-build' failed
 
process_begin: CreateProcess(NULL, C:/Program Files/C2Prog 2.x/c2p-cli mkehx --target=28379,378,377,375D-CPU01_SCI FinalProjectwithCANAprilStarter.out FlashIt.ehx, ...) failed.
 
gmake[2]: [post-build] Error 2 (ignored)

**** Build Finished ****

**** Build of configuration CPU1_FLASH for project FinalProjectwithCANAprilStarter ****

"C:\\ti\\ccs1270\\ccs\\utils\\bin\\gmake" -k -j 12 all -O 
 
Building file: "../FinalProjectwithCANAprilStarter_main.c"
Invoking: C2000 Compiler
"C:/ti/ccs1270/ccs/tools/compiler/ti-cgt-c2000_22.6.1.LTS/bin/cl2000" -v28 -ml -mt --cla_support=cla1 --float_support=fpu32 --tmu_support=tmu0 --vcu_support=vcu2 -Ooff --include_path="C:/MARIUS_FINAL_PROJECT/se423_final_project/workspace/FinalProjectwithCANAprilStarter" --include_path="C:/MARIUS_FINAL_PROJECT/se423_final_project/C2000Ware_4_01_00_00/device_support/f2837xd/common/include" --include_path="C:/MARIUS_FINAL_PROJECT/se423_final_project/C2000Ware_4_01_00_00/device_support/f2837xd/headers/include" --include_path="C:/MARIUS_FINAL_PROJECT/se423_final_project/workspace/FinalProjectwithCANAprilStarter/device" --include_path="C:/MARIUS_FINAL_PROJECT/se423_final_project/C2000Ware_4_01_00_00/driverlib/f2837xd/driverlib" --include_path="C:/MARIUS_FINAL_PROJECT/se423_final_project/C2000Ware_4_01_00_00/libraries/dsp/FPU/c28/include" --include_path="C:/ti/ccs1270/ccs/tools/compiler/ti-cgt-c2000_22.6.1.LTS/include" --define=DEBUG --define=_FLASH --define=_LAUNCHXL_F28379D --define=_DUAL_HEADERS --define=CPU1 --c11 --diag_suppress=10063 --diag_warning=225 --diag_wrap=off --display_error_number --abi=coffabi --preproc_with_compile --preproc_dependency="FinalProjectwithCANAprilStarter_main.d_raw"  "../FinalProjectwithCANAprilStarter_main.c"
 
>> Compilation failure
subdir_rules.mk:9: recipe for target 'FinalProjectwithCANAprilStarter_main.obj' failed
"../FinalProjectwithCANAprilStarter_main.c", line 1259: error #167: too few arguments in function call
1 error detected in the compilation of "../FinalProjectwithCANAprilStarter_main.c".
gmake: *** [FinalProjectwithCANAprilStarter_main.obj] Error 1
gmake: Target 'all' not remade because of errors.

**** Build Finished ****

**** Build of configuration CPU1_FLASH for project FinalProjectwithCANAprilStarter ****

"C:\\ti\\ccs1270\\ccs\\utils\\bin\\gmake" -k -j 12 all -O 
 
Building file: "../FinalProjectwithCANAprilStarter_main.c"
Invoking: C2000 Compiler
"C:/ti/ccs1270/ccs/tools/compiler/ti-cgt-c2000_22.6.1.LTS/bin/cl2000" -v28 -ml -mt --cla_support=cla1 --float_support=fpu32 --tmu_support=tmu0 --vcu_support=vcu2 -Ooff --include_path="C:/MARIUS_FINAL_PROJECT/se423_final_project/workspace/FinalProjectwithCANAprilStarter" --include_path="C:/MARIUS_FINAL_PROJECT/se423_final_project/C2000Ware_4_01_00_00/device_support/f2837xd/common/include" --include_path="C:/MARIUS_FINAL_PROJECT/se423_final_project/C2000Ware_4_01_00_00/device_support/f2837xd/headers/include" --include_path="C:/MARIUS_FINAL_PROJECT/se423_final_project/workspace/FinalProjectwithCANAprilStarter/device" --include_path="C:/MARIUS_FINAL_PROJECT/se423_final_project/C2000Ware_4_01_00_00/driverlib/f2837xd/driverlib" --include_path="C:/MARIUS_FINAL_PROJECT/se423_final_project/C2000Ware_4_01_00_00/libraries/dsp/FPU/c28/include" --include_path="C:/ti/ccs1270/ccs/tools/compiler/ti-cgt-c2000_22.6.1.LTS/include" --define=DEBUG --define=_FLASH --define=_LAUNCHXL_F28379D --define=_DUAL_HEADERS --define=CPU1 --c11 --diag_suppress=10063 --diag_warning=225 --diag_wrap=off --display_error_number --abi=coffabi --preproc_with_compile --preproc_dependency="FinalProjectwithCANAprilStarter_main.d_raw"  "../FinalProjectwithCANAprilStarter_main.c"
"../FinalProjectwithCANAprilStarter_main.c", line 733 (col. 32): advice #2614-D: (Performance) Use --fp_mode=relaxed to enable TMU hardware support for FP division.
"../FinalProjectwithCANAprilStarter_main.c", line 1044 (col. 23): advice #2614-D: (Performance) Use --fp_mode=relaxed to enable TMU hardware support for cosf.
"../FinalProjectwithCANAprilStarter_main.c", line 1045 (col. 23): advice #2614-D: (Performance) Use --fp_mode=relaxed to enable TMU hardware support for sinf.
Finished building: "../FinalProjectwithCANAprilStarter_main.c"
 
Building target: "FinalProjectwithCANAprilStarter.out"
Invoking: C2000 Linker
"C:/ti/ccs1270/ccs/tools/compiler/ti-cgt-c2000_22.6.1.LTS/bin/cl2000" -v28 -ml -mt --cla_support=cla1 --float_support=fpu32 --tmu_support=tmu0 --vcu_support=vcu2 -Ooff --define=DEBUG --define=_FLASH --define=_LAUNCHXL_F28379D --define=_DUAL_HEADERS --define=CPU1 --c11 --diag_suppress=10063 --diag_warning=225 --diag_wrap=off --display_error_number --abi=coffabi -z -m"FinalProjectwithCANAprilStarter.map" --stack_size=0x800 --warn_sections -i"C:/ti/ccs1270/ccs/tools/compiler/ti-cgt-c2000_22.6.1.LTS/lib" -i"C:/ti/ccs1270/ccs/tools/compiler/ti-cgt-c2000_22.6.1.LTS/include" --reread_libs --diag_wrap=off --display_error_number --xml_link_info="FinalProjectwithCANAprilStarter_linkInfo.xml" --rom_model -o "FinalProjectwithCANAprilStarter.out" "./F28379dCAN.obj" "./F28379dSerial.obj" "./F2837xD_Adc.obj" "./F2837xD_CodeStartBranch.obj" "./F2837xD_CpuTimers.obj" "./F2837xD_DefaultISR.obj" "./F2837xD_EPwm.obj" "./F2837xD_GlobalVariableDefs.obj" "./F2837xD_Gpio.obj" "./F2837xD_PieCtrl.obj" "./F2837xD_PieVect.obj" "./F2837xD_Spi.obj" "./F2837xD_SysCtrl.obj" "./F2837xD_usDelay.obj" "./FinalProjectwithCANAprilStarter_main.obj" "./MatrixMath.obj" "./OptiTrack.obj" "./SE423Lib.obj" "./user_xy.obj" "./device/device.obj" "../2837xD_FLASH_lnk_cpu1.cmd" "../F2837xD_Headers_nonBIOS_cpu1.cmd" "C:/MARIUS_FINAL_PROJECT/se423_final_project/C2000Ware_4_01_00_00/libraries/dsp/FPU/c28/lib/c28x_fpu_dsp_library.lib" "C:/MARIUS_FINAL_PROJECT/se423_final_project/C2000Ware_4_01_00_00/driverlib/f2837xd/driverlib/ccs/Debug/driverlib.lib"  -llibc.a 
<Linking>
Finished building target: "FinalProjectwithCANAprilStarter.out"
 
C:/Program Files/C2Prog 2.x/c2p-cli mkehx --target=28379,378,377,375D-CPU01_SCI FinalProjectwithCANAprilStarter.out FlashIt.ehx
makefile:176: recipe for target 'post-build' failed
process_begin: CreateProcess(NULL, C:/Program Files/C2Prog 2.x/c2p-cli mkehx --target=28379,378,377,375D-CPU01_SCI FinalProjectwithCANAprilStarter.out FlashIt.ehx, ...) failed.
 
gmake[2]: [post-build] Error 2 (ignored)
 

**** Build Finished ****

**** Build of configuration CPU1_FLASH for project FinalProjectwithCANAprilStarter ****

"C:\\ti\\ccs1270\\ccs\\utils\\bin\\gmake" -k -j 12 all -O 
 
Building file: "../FinalProjectwithCANAprilStarter_main.c"
Invoking: C2000 Compiler
"C:/ti/ccs1270/ccs/tools/compiler/ti-cgt-c2000_22.6.1.LTS/bin/cl2000" -v28 -ml -mt --cla_support=cla1 --float_support=fpu32 --tmu_support=tmu0 --vcu_support=vcu2 -Ooff --include_path="C:/MARIUS_FINAL_PROJECT/se423_final_project/workspace/FinalProjectwithCANAprilStarter" --include_path="C:/MARIUS_FINAL_PROJECT/se423_final_project/C2000Ware_4_01_00_00/device_support/f2837xd/common/include" --include_path="C:/MARIUS_FINAL_PROJECT/se423_final_project/C2000Ware_4_01_00_00/device_support/f2837xd/headers/include" --include_path="C:/MARIUS_FINAL_PROJECT/se423_final_project/workspace/FinalProjectwithCANAprilStarter/device" --include_path="C:/MARIUS_FINAL_PROJECT/se423_final_project/C2000Ware_4_01_00_00/driverlib/f2837xd/driverlib" --include_path="C:/MARIUS_FINAL_PROJECT/se423_final_project/C2000Ware_4_01_00_00/libraries/dsp/FPU/c28/include" --include_path="C:/ti/ccs1270/ccs/tools/compiler/ti-cgt-c2000_22.6.1.LTS/include" --define=DEBUG --define=_FLASH --define=_LAUNCHXL_F28379D --define=_DUAL_HEADERS --define=CPU1 --c11 --diag_suppress=10063 --diag_warning=225 --diag_wrap=off --display_error_number --abi=coffabi --preproc_with_compile --preproc_dependency="FinalProjectwithCANAprilStarter_main.d_raw"  "../FinalProjectwithCANAprilStarter_main.c"
"../FinalProjectwithCANAprilStarter_main.c", line 733 (col. 32): advice #2614-D: (Performance) Use --fp_mode=relaxed to enable TMU hardware support for FP division.
"../FinalProjectwithCANAprilStarter_main.c", line 1044 (col. 23): advice #2614-D: (Performance) Use --fp_mode=relaxed to enable TMU hardware support for cosf.
"../FinalProjectwithCANAprilStarter_main.c", line 1045 (col. 23): advice #2614-D: (Performance) Use --fp_mode=relaxed to enable TMU hardware support for sinf.
Finished building: "../FinalProjectwithCANAprilStarter_main.c"
 
Building target: "FinalProjectwithCANAprilStarter.out"
Invoking: C2000 Linker
"C:/ti/ccs1270/ccs/tools/compiler/ti-cgt-c2000_22.6.1.LTS/bin/cl2000" -v28 -ml -mt --cla_support=cla1 --float_support=fpu32 --tmu_support=tmu0 --vcu_support=vcu2 -Ooff --define=DEBUG --define=_FLASH --define=_LAUNCHXL_F28379D --define=_DUAL_HEADERS --define=CPU1 --c11 --diag_suppress=10063 --diag_warning=225 --diag_wrap=off --display_error_number --abi=coffabi -z -m"FinalProjectwithCANAprilStarter.map" --stack_size=0x800 --warn_sections -i"C:/ti/ccs1270/ccs/tools/compiler/ti-cgt-c2000_22.6.1.LTS/lib" -i"C:/ti/ccs1270/ccs/tools/compiler/ti-cgt-c2000_22.6.1.LTS/include" --reread_libs --diag_wrap=off --display_error_number --xml_link_info="FinalProjectwithCANAprilStarter_linkInfo.xml" --rom_model -o "FinalProjectwithCANAprilStarter.out" "./F28379dCAN.obj" "./F28379dSerial.obj" "./F2837xD_Adc.obj" "./F2837xD_CodeStartBranch.obj" "./F2837xD_CpuTimers.obj" "./F2837xD_DefaultISR.obj" "./F2837xD_EPwm.obj" "./F2837xD_GlobalVariableDefs.obj" "./F2837xD_Gpio.obj" "./F2837xD_PieCtrl.obj" "./F2837xD_PieVect.obj" "./F2837xD_Spi.obj" "./F2837xD_SysCtrl.obj" "./F2837xD_usDelay.obj" "./FinalProjectwithCANAprilStarter_main.obj" "./MatrixMath.obj" "./OptiTrack.obj" "./SE423Lib.obj" "./user_xy.obj" "./device/device.obj" "../2837xD_FLASH_lnk_cpu1.cmd" "../F2837xD_Headers_nonBIOS_cpu1.cmd" "C:/MARIUS_FINAL_PROJECT/se423_final_project/C2000Ware_4_01_00_00/libraries/dsp/FPU/c28/lib/c28x_fpu_dsp_library.lib" "C:/MARIUS_FINAL_PROJECT/se423_final_project/C2000Ware_4_01_00_00/driverlib/f2837xd/driverlib/ccs/Debug/driverlib.lib"  -llibc.a 
<Linking>
Finished building target: "FinalProjectwithCANAprilStarter.out"
 
C:/Program Files/C2Prog 2.x/c2p-cli mkehx --target=28379,378,377,375D-CPU01_SCI FinalProjectwithCANAprilStarter.out FlashIt.ehx
makefile:176: recipe for target 'post-build' failed
process_begin: CreateProcess(NULL, C:/Program Files/C2Prog 2.x/c2p-cli mkehx --target=28379,378,377,375D-CPU01_SCI FinalProjectwithCANAprilStarter.out FlashIt.ehx, ...) failed.
 
gmake[2]: [post-build] Error 2 (ignored)
 

**** Build Finished ****

**** Build of configuration CPU1_FLASH for project FinalProjectwithCANAprilStarter ****

"C:\\ti\\ccs1270\\ccs\\utils\\bin\\gmake" -k -j 12 all -O 
 
Building file: "../FinalProjectwithCANAprilStarter_main.c"
Invoking: C2000 Compiler
"C:/ti/ccs1270/ccs/tools/compiler/ti-cgt-c2000_22.6.1.LTS/bin/cl2000" -v28 -ml -mt --cla_support=cla1 --float_support=fpu32 --tmu_support=tmu0 --vcu_support=vcu2 -Ooff --include_path="C:/MARIUS_FINAL_PROJECT/se423_final_project/workspace/FinalProjectwithCANAprilStarter" --include_path="C:/MARIUS_FINAL_PROJECT/se423_final_project/C2000Ware_4_01_00_00/device_support/f2837xd/common/include" --include_path="C:/MARIUS_FINAL_PROJECT/se423_final_project/C2000Ware_4_01_00_00/device_support/f2837xd/headers/include" --include_path="C:/MARIUS_FINAL_PROJECT/se423_final_project/workspace/FinalProjectwithCANAprilStarter/device" --include_path="C:/MARIUS_FINAL_PROJECT/se423_final_project/C2000Ware_4_01_00_00/driverlib/f2837xd/driverlib" --include_path="C:/MARIUS_FINAL_PROJECT/se423_final_project/C2000Ware_4_01_00_00/libraries/dsp/FPU/c28/include" --include_path="C:/ti/ccs1270/ccs/tools/compiler/ti-cgt-c2000_22.6.1.LTS/include" --define=DEBUG --define=_FLASH --define=_LAUNCHXL_F28379D --define=_DUAL_HEADERS --define=CPU1 --c11 --diag_suppress=10063 --diag_warning=225 --diag_wrap=off --display_error_number --abi=coffabi --preproc_with_compile --preproc_dependency="FinalProjectwithCANAprilStarter_main.d_raw"  "../FinalProjectwithCANAprilStarter_main.c"
"../FinalProjectwithCANAprilStarter_main.c", line 733 (col. 32): advice #2614-D: (Performance) Use --fp_mode=relaxed to enable TMU hardware support for FP division.
"../FinalProjectwithCANAprilStarter_main.c", line 1044 (col. 23): advice #2614-D: (Performance) Use --fp_mode=relaxed to enable TMU hardware support for cosf.
"../FinalProjectwithCANAprilStarter_main.c", line 1045 (col. 23): advice #2614-D: (Performance) Use --fp_mode=relaxed to enable TMU hardware support for sinf.
Finished building: "../FinalProjectwithCANAprilStarter_main.c"
 
Building target: "FinalProjectwithCANAprilStarter.out"
Invoking: C2000 Linker
"C:/ti/ccs1270/ccs/tools/compiler/ti-cgt-c2000_22.6.1.LTS/bin/cl2000" -v28 -ml -mt --cla_support=cla1 --float_support=fpu32 --tmu_support=tmu0 --vcu_support=vcu2 -Ooff --define=DEBUG --define=_FLASH --define=_LAUNCHXL_F28379D --define=_DUAL_HEADERS --define=CPU1 --c11 --diag_suppress=10063 --diag_warning=225 --diag_wrap=off --display_error_number --abi=coffabi -z -m"FinalProjectwithCANAprilStarter.map" --stack_size=0x800 --warn_sections -i"C:/ti/ccs1270/ccs/tools/compiler/ti-cgt-c2000_22.6.1.LTS/lib" -i"C:/ti/ccs1270/ccs/tools/compiler/ti-cgt-c2000_22.6.1.LTS/include" --reread_libs --diag_wrap=off --display_error_number --xml_link_info="FinalProjectwithCANAprilStarter_linkInfo.xml" --rom_model -o "FinalProjectwithCANAprilStarter.out" "./F28379dCAN.obj" "./F28379dSerial.obj" "./F2837xD_Adc.obj" "./F2837xD_CodeStartBranch.obj" "./F2837xD_CpuTimers.obj" "./F2837xD_DefaultISR.obj" "./F2837xD_EPwm.obj" "./F2837xD_GlobalVariableDefs.obj" "./F2837xD_Gpio.obj" "./F2837xD_PieCtrl.obj" "./F2837xD_PieVect.obj" "./F2837xD_Spi.obj" "./F2837xD_SysCtrl.obj" "./F2837xD_usDelay.obj" "./FinalProjectwithCANAprilStarter_main.obj" "./MatrixMath.obj" "./OptiTrack.obj" "./SE423Lib.obj" "./user_xy.obj" "./device/device.obj" "../2837xD_FLASH_lnk_cpu1.cmd" "../F2837xD_Headers_nonBIOS_cpu1.cmd" "C:/MARIUS_FINAL_PROJECT/se423_final_project/C2000Ware_4_01_00_00/libraries/dsp/FPU/c28/lib/c28x_fpu_dsp_library.lib" "C:/MARIUS_FINAL_PROJECT/se423_final_project/C2000Ware_4_01_00_00/driverlib/f2837xd/driverlib/ccs/Debug/driverlib.lib"  -llibc.a 
<Linking>
Finished building target: "FinalProjectwithCANAprilStarter.out"
 
C:/Program Files/C2Prog 2.x/c2p-cli mkehx --target=28379,378,377,375D-CPU01_SCI FinalProjectwithCANAprilStarter.out FlashIt.ehx
makefile:176: recipe for target 'post-build' failed
process_begin: CreateProcess(NULL, C:/Program Files/C2Prog 2.x/c2p-cli mkehx --target=28379,378,377,375D-CPU01_SCI FinalProjectwithCANAprilStarter.out FlashIt.ehx, ...) failed.
 
gmake[2]: [post-build] Error 2 (ignored)
 

**** Build Finished ****

**** Build of configuration CPU1_FLASH for project FinalProjectwithCANAprilStarter ****

"C:\\ti\\ccs1270\\ccs\\utils\\bin\\gmake" -k -j 12 all -O 
 
Building file: "../FinalProjectwithCANAprilStarter_main.c"
Invoking: C2000 Compiler
"C:/ti/ccs1270/ccs/tools/compiler/ti-cgt-c2000_22.6.1.LTS/bin/cl2000" -v28 -ml -mt --cla_support=cla1 --float_support=fpu32 --tmu_support=tmu0 --vcu_support=vcu2 -Ooff --include_path="C:/MARIUS_FINAL_PROJECT/se423_final_project/workspace/FinalProjectwithCANAprilStarter" --include_path="C:/MARIUS_FINAL_PROJECT/se423_final_project/C2000Ware_4_01_00_00/device_support/f2837xd/common/include" --include_path="C:/MARIUS_FINAL_PROJECT/se423_final_project/C2000Ware_4_01_00_00/device_support/f2837xd/headers/include" --include_path="C:/MARIUS_FINAL_PROJECT/se423_final_project/workspace/FinalProjectwithCANAprilStarter/device" --include_path="C:/MARIUS_FINAL_PROJECT/se423_final_project/C2000Ware_4_01_00_00/driverlib/f2837xd/driverlib" --include_path="C:/MARIUS_FINAL_PROJECT/se423_final_project/C2000Ware_4_01_00_00/libraries/dsp/FPU/c28/include" --include_path="C:/ti/ccs1270/ccs/tools/compiler/ti-cgt-c2000_22.6.1.LTS/include" --define=DEBUG --define=_FLASH --define=_LAUNCHXL_F28379D --define=_DUAL_HEADERS --define=CPU1 --c11 --diag_suppress=10063 --diag_warning=225 --diag_wrap=off --display_error_number --abi=coffabi --preproc_with_compile --preproc_dependency="FinalProjectwithCANAprilStarter_main.d_raw"  "../FinalProjectwithCANAprilStarter_main.c"
"../FinalProjectwithCANAprilStarter_main.c", line 733 (col. 32): advice #2614-D: (Performance) Use --fp_mode=relaxed to enable TMU hardware support for FP division.
"../FinalProjectwithCANAprilStarter_main.c", line 1044 (col. 23): advice #2614-D: (Performance) Use --fp_mode=relaxed to enable TMU hardware support for cosf.
"../FinalProjectwithCANAprilStarter_main.c", line 1045 (col. 23): advice #2614-D: (Performance) Use --fp_mode=relaxed to enable TMU hardware support for sinf.
Finished building: "../FinalProjectwithCANAprilStarter_main.c"
 
Building target: "FinalProjectwithCANAprilStarter.out"
Invoking: C2000 Linker
"C:/ti/ccs1270/ccs/tools/compiler/ti-cgt-c2000_22.6.1.LTS/bin/cl2000" -v28 -ml -mt --cla_support=cla1 --float_support=fpu32 --tmu_support=tmu0 --vcu_support=vcu2 -Ooff --define=DEBUG --define=_FLASH --define=_LAUNCHXL_F28379D --define=_DUAL_HEADERS --define=CPU1 --c11 --diag_suppress=10063 --diag_warning=225 --diag_wrap=off --display_error_number --abi=coffabi -z -m"FinalProjectwithCANAprilStarter.map" --stack_size=0x800 --warn_sections -i"C:/ti/ccs1270/ccs/tools/compiler/ti-cgt-c2000_22.6.1.LTS/lib" -i"C:/ti/ccs1270/ccs/tools/compiler/ti-cgt-c2000_22.6.1.LTS/include" --reread_libs --diag_wrap=off --display_error_number --xml_link_info="FinalProjectwithCANAprilStarter_linkInfo.xml" --rom_model -o "FinalProjectwithCANAprilStarter.out" "./F28379dCAN.obj" "./F28379dSerial.obj" "./F2837xD_Adc.obj" "./F2837xD_CodeStartBranch.obj" "./F2837xD_CpuTimers.obj" "./F2837xD_DefaultISR.obj" "./F2837xD_EPwm.obj" "./F2837xD_GlobalVariableDefs.obj" "./F2837xD_Gpio.obj" "./F2837xD_PieCtrl.obj" "./F2837xD_PieVect.obj" "./F2837xD_Spi.obj" "./F2837xD_SysCtrl.obj" "./F2837xD_usDelay.obj" "./FinalProjectwithCANAprilStarter_main.obj" "./MatrixMath.obj" "./OptiTrack.obj" "./SE423Lib.obj" "./user_xy.obj" "./device/device.obj" "../2837xD_FLASH_lnk_cpu1.cmd" "../F2837xD_Headers_nonBIOS_cpu1.cmd" "C:/MARIUS_FINAL_PROJECT/se423_final_project/C2000Ware_4_01_00_00/libraries/dsp/FPU/c28/lib/c28x_fpu_dsp_library.lib" "C:/MARIUS_FINAL_PROJECT/se423_final_project/C2000Ware_4_01_00_00/driverlib/f2837xd/driverlib/ccs/Debug/driverlib.lib"  -llibc.a 
<Linking>
Finished building target: "FinalProjectwithCANAprilStarter.out"
 
C:/Program Files/C2Prog 2.x/c2p-cli mkehx --target=28379,378,377,375D-CPU01_SCI FinalProjectwithCANAprilStarter.out FlashIt.ehx
makefile:176: recipe for target 'post-build' failed
 
process_begin: CreateProcess(NULL, C:/Program Files/C2Prog 2.x/c2p-cli mkehx --target=28379,378,377,375D-CPU01_SCI FinalProjectwithCANAprilStarter.out FlashIt.ehx, ...) failed.
 
gmake[2]: [post-build] Error 2 (ignored)

**** Build Finished ****

**** Build of configuration CPU1_FLASH for project FinalProjectwithCANAprilStarter ****

"C:\\ti\\ccs1270\\ccs\\utils\\bin\\gmake" -k -j 12 all -O 
 
Building file: "../FinalProjectwithCANAprilStarter_main.c"
Invoking: C2000 Compiler
"C:/ti/ccs1270/ccs/tools/compiler/ti-cgt-c2000_22.6.1.LTS/bin/cl2000" -v28 -ml -mt --cla_support=cla1 --float_support=fpu32 --tmu_support=tmu0 --vcu_support=vcu2 -Ooff --include_path="C:/MARIUS_FINAL_PROJECT/se423_final_project/workspace/FinalProjectwithCANAprilStarter" --include_path="C:/MARIUS_FINAL_PROJECT/se423_final_project/C2000Ware_4_01_00_00/device_support/f2837xd/common/include" --include_path="C:/MARIUS_FINAL_PROJECT/se423_final_project/C2000Ware_4_01_00_00/device_support/f2837xd/headers/include" --include_path="C:/MARIUS_FINAL_PROJECT/se423_final_project/workspace/FinalProjectwithCANAprilStarter/device" --include_path="C:/MARIUS_FINAL_PROJECT/se423_final_project/C2000Ware_4_01_00_00/driverlib/f2837xd/driverlib" --include_path="C:/MARIUS_FINAL_PROJECT/se423_final_project/C2000Ware_4_01_00_00/libraries/dsp/FPU/c28/include" --include_path="C:/ti/ccs1270/ccs/tools/compiler/ti-cgt-c2000_22.6.1.LTS/include" --define=DEBUG --define=_FLASH --define=_LAUNCHXL_F28379D --define=_DUAL_HEADERS --define=CPU1 --c11 --diag_suppress=10063 --diag_warning=225 --diag_wrap=off --display_error_number --abi=coffabi --preproc_with_compile --preproc_dependency="FinalProjectwithCANAprilStarter_main.d_raw"  "../FinalProjectwithCANAprilStarter_main.c"
"../FinalProjectwithCANAprilStarter_main.c", line 733 (col. 32): advice #2614-D: (Performance) Use --fp_mode=relaxed to enable TMU hardware support for FP division.
"../FinalProjectwithCANAprilStarter_main.c", line 1044 (col. 23): advice #2614-D: (Performance) Use --fp_mode=relaxed to enable TMU hardware support for cosf.
"../FinalProjectwithCANAprilStarter_main.c", line 1045 (col. 23): advice #2614-D: (Performance) Use --fp_mode=relaxed to enable TMU hardware support for sinf.
Finished building: "../FinalProjectwithCANAprilStarter_main.c"
 
Building target: "FinalProjectwithCANAprilStarter.out"
Invoking: C2000 Linker
"C:/ti/ccs1270/ccs/tools/compiler/ti-cgt-c2000_22.6.1.LTS/bin/cl2000" -v28 -ml -mt --cla_support=cla1 --float_support=fpu32 --tmu_support=tmu0 --vcu_support=vcu2 -Ooff --define=DEBUG --define=_FLASH --define=_LAUNCHXL_F28379D --define=_DUAL_HEADERS --define=CPU1 --c11 --diag_suppress=10063 --diag_warning=225 --diag_wrap=off --display_error_number --abi=coffabi -z -m"FinalProjectwithCANAprilStarter.map" --stack_size=0x800 --warn_sections -i"C:/ti/ccs1270/ccs/tools/compiler/ti-cgt-c2000_22.6.1.LTS/lib" -i"C:/ti/ccs1270/ccs/tools/compiler/ti-cgt-c2000_22.6.1.LTS/include" --reread_libs --diag_wrap=off --display_error_number --xml_link_info="FinalProjectwithCANAprilStarter_linkInfo.xml" --rom_model -o "FinalProjectwithCANAprilStarter.out" "./F28379dCAN.obj" "./F28379dSerial.obj" "./F2837xD_Adc.obj" "./F2837xD_CodeStartBranch.obj" "./F2837xD_CpuTimers.obj" "./F2837xD_DefaultISR.obj" "./F2837xD_EPwm.obj" "./F2837xD_GlobalVariableDefs.obj" "./F2837xD_Gpio.obj" "./F2837xD_PieCtrl.obj" "./F2837xD_PieVect.obj" "./F2837xD_Spi.obj" "./F2837xD_SysCtrl.obj" "./F2837xD_usDelay.obj" "./FinalProjectwithCANAprilStarter_main.obj" "./MatrixMath.obj" "./OptiTrack.obj" "./SE423Lib.obj" "./user_xy.obj" "./device/device.obj" "../2837xD_FLASH_lnk_cpu1.cmd" "../F2837xD_Headers_nonBIOS_cpu1.cmd" "C:/MARIUS_FINAL_PROJECT/se423_final_project/C2000Ware_4_01_00_00/libraries/dsp/FPU/c28/lib/c28x_fpu_dsp_library.lib" "C:/MARIUS_FINAL_PROJECT/se423_final_project/C2000Ware_4_01_00_00/driverlib/f2837xd/driverlib/ccs/Debug/driverlib.lib"  -llibc.a 
<Linking>
Finished building target: "FinalProjectwithCANAprilStarter.out"
 
C:/Program Files/C2Prog 2.x/c2p-cli mkehx --target=28379,378,377,375D-CPU01_SCI FinalProjectwithCANAprilStarter.out FlashIt.ehx
makefile:176: recipe for target 'post-build' failed
 
process_begin: CreateProcess(NULL, C:/Program Files/C2Prog 2.x/c2p-cli mkehx --target=28379,378,377,375D-CPU01_SCI FinalProjectwithCANAprilStarter.out FlashIt.ehx, ...) failed.
 
gmake[2]: [post-build] Error 2 (ignored)

**** Build Finished ****

**** Build of configuration CPU1_FLASH for project FinalProjectwithCANAprilStarter ****

"C:\\ti\\ccs1270\\ccs\\utils\\bin\\gmake" -k -j 12 all -O 
 
Building file: "../FinalProjectwithCANAprilStarter_main.c"
Invoking: C2000 Compiler
"C:/ti/ccs1270/ccs/tools/compiler/ti-cgt-c2000_22.6.1.LTS/bin/cl2000" -v28 -ml -mt --cla_support=cla1 --float_support=fpu32 --tmu_support=tmu0 --vcu_support=vcu2 -Ooff --include_path="C:/MARIUS_FINAL_PROJECT/se423_final_project/workspace/FinalProjectwithCANAprilStarter" --include_path="C:/MARIUS_FINAL_PROJECT/se423_final_project/C2000Ware_4_01_00_00/device_support/f2837xd/common/include" --include_path="C:/MARIUS_FINAL_PROJECT/se423_final_project/C2000Ware_4_01_00_00/device_support/f2837xd/headers/include" --include_path="C:/MARIUS_FINAL_PROJECT/se423_final_project/workspace/FinalProjectwithCANAprilStarter/device" --include_path="C:/MARIUS_FINAL_PROJECT/se423_final_project/C2000Ware_4_01_00_00/driverlib/f2837xd/driverlib" --include_path="C:/MARIUS_FINAL_PROJECT/se423_final_project/C2000Ware_4_01_00_00/libraries/dsp/FPU/c28/include" --include_path="C:/ti/ccs1270/ccs/tools/compiler/ti-cgt-c2000_22.6.1.LTS/include" --define=DEBUG --define=_FLASH --define=_LAUNCHXL_F28379D --define=_DUAL_HEADERS --define=CPU1 --c11 --diag_suppress=10063 --diag_warning=225 --diag_wrap=off --display_error_number --abi=coffabi --preproc_with_compile --preproc_dependency="FinalProjectwithCANAprilStarter_main.d_raw"  "../FinalProjectwithCANAprilStarter_main.c"
"../FinalProjectwithCANAprilStarter_main.c", line 733 (col. 32): advice #2614-D: (Performance) Use --fp_mode=relaxed to enable TMU hardware support for FP division.
"../FinalProjectwithCANAprilStarter_main.c", line 1044 (col. 23): advice #2614-D: (Performance) Use --fp_mode=relaxed to enable TMU hardware support for cosf.
"../FinalProjectwithCANAprilStarter_main.c", line 1045 (col. 23): advice #2614-D: (Performance) Use --fp_mode=relaxed to enable TMU hardware support for sinf.
Finished building: "../FinalProjectwithCANAprilStarter_main.c"
 
Building target: "FinalProjectwithCANAprilStarter.out"
Invoking: C2000 Linker
"C:/ti/ccs1270/ccs/tools/compiler/ti-cgt-c2000_22.6.1.LTS/bin/cl2000" -v28 -ml -mt --cla_support=cla1 --float_support=fpu32 --tmu_support=tmu0 --vcu_support=vcu2 -Ooff --define=DEBUG --define=_FLASH --define=_LAUNCHXL_F28379D --define=_DUAL_HEADERS --define=CPU1 --c11 --diag_suppress=10063 --diag_warning=225 --diag_wrap=off --display_error_number --abi=coffabi -z -m"FinalProjectwithCANAprilStarter.map" --stack_size=0x800 --warn_sections -i"C:/ti/ccs1270/ccs/tools/compiler/ti-cgt-c2000_22.6.1.LTS/lib" -i"C:/ti/ccs1270/ccs/tools/compiler/ti-cgt-c2000_22.6.1.LTS/include" --reread_libs --diag_wrap=off --display_error_number --xml_link_info="FinalProjectwithCANAprilStarter_linkInfo.xml" --rom_model -o "FinalProjectwithCANAprilStarter.out" "./F28379dCAN.obj" "./F28379dSerial.obj" "./F2837xD_Adc.obj" "./F2837xD_CodeStartBranch.obj" "./F2837xD_CpuTimers.obj" "./F2837xD_DefaultISR.obj" "./F2837xD_EPwm.obj" "./F2837xD_GlobalVariableDefs.obj" "./F2837xD_Gpio.obj" "./F2837xD_PieCtrl.obj" "./F2837xD_PieVect.obj" "./F2837xD_Spi.obj" "./F2837xD_SysCtrl.obj" "./F2837xD_usDelay.obj" "./FinalProjectwithCANAprilStarter_main.obj" "./MatrixMath.obj" "./OptiTrack.obj" "./SE423Lib.obj" "./user_xy.obj" "./device/device.obj" "../2837xD_FLASH_lnk_cpu1.cmd" "../F2837xD_Headers_nonBIOS_cpu1.cmd" "C:/MARIUS_FINAL_PROJECT/se423_final_project/C2000Ware_4_01_00_00/libraries/dsp/FPU/c28/lib/c28x_fpu_dsp_library.lib" "C:/MARIUS_FINAL_PROJECT/se423_final_project/C2000Ware_4_01_00_00/driverlib/f2837xd/driverlib/ccs/Debug/driverlib.lib"  -llibc.a 
<Linking>
Finished building target: "FinalProjectwithCANAprilStarter.out"
 
C:/Program Files/C2Prog 2.x/c2p-cli mkehx --target=28379,378,377,375D-CPU01_SCI FinalProjectwithCANAprilStarter.out FlashIt.ehx
makefile:176: recipe for target 'post-build' failed
process_begin: CreateProcess(NULL, C:/Program Files/C2Prog 2.x/c2p-cli mkehx --target=28379,378,377,375D-CPU01_SCI FinalProjectwithCANAprilStarter.out FlashIt.ehx, ...) failed.
 
gmake[2]: [post-build] Error 2 (ignored)
 

**** Build Finished ****

**** Build of configuration CPU1_FLASH for project FinalProjectwithCANAprilStarter ****

"C:\\ti\\ccs1270\\ccs\\utils\\bin\\gmake" -k -j 12 all -O 
 
gmake[1]: 'FinalProjectwithCANAprilStarter.out' is up to date.

**** Build Finished ****

**** Build of configuration CPU1_FLASH for project FinalProjectwithCANAprilStarter ****

"C:\\ti\\ccs1270\\ccs\\utils\\bin\\gmake" -k -j 12 all -O 
 
gmake[1]: 'FinalProjectwithCANAprilStarter.out' is up to date.

**** Build Finished ****

**** Build of configuration CPU1_FLASH for project FinalProjectwithCANAprilStarter ****

"C:\\ti\\ccs1270\\ccs\\utils\\bin\\gmake" -k -j 12 all -O 
 
Building file: "../FinalProjectwithCANAprilStarter_main.c"
Invoking: C2000 Compiler
"C:/ti/ccs1270/ccs/tools/compiler/ti-cgt-c2000_22.6.1.LTS/bin/cl2000" -v28 -ml -mt --cla_support=cla1 --float_support=fpu32 --tmu_support=tmu0 --vcu_support=vcu2 -Ooff --include_path="C:/MARIUS_FINAL_PROJECT/se423_final_project/workspace/FinalProjectwithCANAprilStarter" --include_path="C:/MARIUS_FINAL_PROJECT/se423_final_project/C2000Ware_4_01_00_00/device_support/f2837xd/common/include" --include_path="C:/MARIUS_FINAL_PROJECT/se423_final_project/C2000Ware_4_01_00_00/device_support/f2837xd/headers/include" --include_path="C:/MARIUS_FINAL_PROJECT/se423_final_project/workspace/FinalProjectwithCANAprilStarter/device" --include_path="C:/MARIUS_FINAL_PROJECT/se423_final_project/C2000Ware_4_01_00_00/driverlib/f2837xd/driverlib" --include_path="C:/MARIUS_FINAL_PROJECT/se423_final_project/C2000Ware_4_01_00_00/libraries/dsp/FPU/c28/include" --include_path="C:/ti/ccs1270/ccs/tools/compiler/ti-cgt-c2000_22.6.1.LTS/include" --define=DEBUG --define=_FLASH --define=_LAUNCHXL_F28379D --define=_DUAL_HEADERS --define=CPU1 --c11 --diag_suppress=10063 --diag_warning=225 --diag_wrap=off --display_error_number --abi=coffabi --preproc_with_compile --preproc_dependency="FinalProjectwithCANAprilStarter_main.d_raw"  "../FinalProjectwithCANAprilStarter_main.c"
"../FinalProjectwithCANAprilStarter_main.c", line 733 (col. 32): advice #2614-D: (Performance) Use --fp_mode=relaxed to enable TMU hardware support for FP division.
"../FinalProjectwithCANAprilStarter_main.c", line 1044 (col. 23): advice #2614-D: (Performance) Use --fp_mode=relaxed to enable TMU hardware support for cosf.
"../FinalProjectwithCANAprilStarter_main.c", line 1045 (col. 23): advice #2614-D: (Performance) Use --fp_mode=relaxed to enable TMU hardware support for sinf.
Finished building: "../FinalProjectwithCANAprilStarter_main.c"
 
Building target: "FinalProjectwithCANAprilStarter.out"
Invoking: C2000 Linker
"C:/ti/ccs1270/ccs/tools/compiler/ti-cgt-c2000_22.6.1.LTS/bin/cl2000" -v28 -ml -mt --cla_support=cla1 --float_support=fpu32 --tmu_support=tmu0 --vcu_support=vcu2 -Ooff --define=DEBUG --define=_FLASH --define=_LAUNCHXL_F28379D --define=_DUAL_HEADERS --define=CPU1 --c11 --diag_suppress=10063 --diag_warning=225 --diag_wrap=off --display_error_number --abi=coffabi -z -m"FinalProjectwithCANAprilStarter.map" --stack_size=0x800 --warn_sections -i"C:/ti/ccs1270/ccs/tools/compiler/ti-cgt-c2000_22.6.1.LTS/lib" -i"C:/ti/ccs1270/ccs/tools/compiler/ti-cgt-c2000_22.6.1.LTS/include" --reread_libs --diag_wrap=off --display_error_number --xml_link_info="FinalProjectwithCANAprilStarter_linkInfo.xml" --rom_model -o "FinalProjectwithCANAprilStarter.out" "./F28379dCAN.obj" "./F28379dSerial.obj" "./F2837xD_Adc.obj" "./F2837xD_CodeStartBranch.obj" "./F2837xD_CpuTimers.obj" "./F2837xD_DefaultISR.obj" "./F2837xD_EPwm.obj" "./F2837xD_GlobalVariableDefs.obj" "./F2837xD_Gpio.obj" "./F2837xD_PieCtrl.obj" "./F2837xD_PieVect.obj" "./F2837xD_Spi.obj" "./F2837xD_SysCtrl.obj" "./F2837xD_usDelay.obj" "./FinalProjectwithCANAprilStarter_main.obj" "./MatrixMath.obj" "./OptiTrack.obj" "./SE423Lib.obj" "./user_xy.obj" "./device/device.obj" "../2837xD_FLASH_lnk_cpu1.cmd" "../F2837xD_Headers_nonBIOS_cpu1.cmd" "C:/MARIUS_FINAL_PROJECT/se423_final_project/C2000Ware_4_01_00_00/libraries/dsp/FPU/c28/lib/c28x_fpu_dsp_library.lib" "C:/MARIUS_FINAL_PROJECT/se423_final_project/C2000Ware_4_01_00_00/driverlib/f2837xd/driverlib/ccs/Debug/driverlib.lib"  -llibc.a 
<Linking>
Finished building target: "FinalProjectwithCANAprilStarter.out"
 
C:/Program Files/C2Prog 2.x/c2p-cli mkehx --target=28379,378,377,375D-CPU01_SCI FinalProjectwithCANAprilStarter.out FlashIt.ehx
makefile:176: recipe for target 'post-build' failed
 
process_begin: CreateProcess(NULL, C:/Program Files/C2Prog 2.x/c2p-cli mkehx --target=28379,378,377,375D-CPU01_SCI FinalProjectwithCANAprilStarter.out FlashIt.ehx, ...) failed.
 
gmake[2]: [post-build] Error 2 (ignored)

**** Build Finished ****

**** Build of configuration CPU1_FLASH for project FinalProjectwithCANAprilStarter ****

"C:\\ti\\ccs1270\\ccs\\utils\\bin\\gmake" -k -j 12 all -O 
 
Building file: "../FinalProjectwithCANAprilStarter_main.c"
Invoking: C2000 Compiler
"C:/ti/ccs1270/ccs/tools/compiler/ti-cgt-c2000_22.6.1.LTS/bin/cl2000" -v28 -ml -mt --cla_support=cla1 --float_support=fpu32 --tmu_support=tmu0 --vcu_support=vcu2 -Ooff --include_path="C:/MARIUS_FINAL_PROJECT/se423_final_project/workspace/FinalProjectwithCANAprilStarter" --include_path="C:/MARIUS_FINAL_PROJECT/se423_final_project/C2000Ware_4_01_00_00/device_support/f2837xd/common/include" --include_path="C:/MARIUS_FINAL_PROJECT/se423_final_project/C2000Ware_4_01_00_00/device_support/f2837xd/headers/include" --include_path="C:/MARIUS_FINAL_PROJECT/se423_final_project/workspace/FinalProjectwithCANAprilStarter/device" --include_path="C:/MARIUS_FINAL_PROJECT/se423_final_project/C2000Ware_4_01_00_00/driverlib/f2837xd/driverlib" --include_path="C:/MARIUS_FINAL_PROJECT/se423_final_project/C2000Ware_4_01_00_00/libraries/dsp/FPU/c28/include" --include_path="C:/ti/ccs1270/ccs/tools/compiler/ti-cgt-c2000_22.6.1.LTS/include" --define=DEBUG --define=_FLASH --define=_LAUNCHXL_F28379D --define=_DUAL_HEADERS --define=CPU1 --c11 --diag_suppress=10063 --diag_warning=225 --diag_wrap=off --display_error_number --abi=coffabi --preproc_with_compile --preproc_dependency="FinalProjectwithCANAprilStarter_main.d_raw"  "../FinalProjectwithCANAprilStarter_main.c"
"../FinalProjectwithCANAprilStarter_main.c", line 733 (col. 32): advice #2614-D: (Performance) Use --fp_mode=relaxed to enable TMU hardware support for FP division.
"../FinalProjectwithCANAprilStarter_main.c", line 1044 (col. 23): advice #2614-D: (Performance) Use --fp_mode=relaxed to enable TMU hardware support for cosf.
"../FinalProjectwithCANAprilStarter_main.c", line 1045 (col. 23): advice #2614-D: (Performance) Use --fp_mode=relaxed to enable TMU hardware support for sinf.
Finished building: "../FinalProjectwithCANAprilStarter_main.c"
 
Building target: "FinalProjectwithCANAprilStarter.out"
Invoking: C2000 Linker
"C:/ti/ccs1270/ccs/tools/compiler/ti-cgt-c2000_22.6.1.LTS/bin/cl2000" -v28 -ml -mt --cla_support=cla1 --float_support=fpu32 --tmu_support=tmu0 --vcu_support=vcu2 -Ooff --define=DEBUG --define=_FLASH --define=_LAUNCHXL_F28379D --define=_DUAL_HEADERS --define=CPU1 --c11 --diag_suppress=10063 --diag_warning=225 --diag_wrap=off --display_error_number --abi=coffabi -z -m"FinalProjectwithCANAprilStarter.map" --stack_size=0x800 --warn_sections -i"C:/ti/ccs1270/ccs/tools/compiler/ti-cgt-c2000_22.6.1.LTS/lib" -i"C:/ti/ccs1270/ccs/tools/compiler/ti-cgt-c2000_22.6.1.LTS/include" --reread_libs --diag_wrap=off --display_error_number --xml_link_info="FinalProjectwithCANAprilStarter_linkInfo.xml" --rom_model -o "FinalProjectwithCANAprilStarter.out" "./F28379dCAN.obj" "./F28379dSerial.obj" "./F2837xD_Adc.obj" "./F2837xD_CodeStartBranch.obj" "./F2837xD_CpuTimers.obj" "./F2837xD_DefaultISR.obj" "./F2837xD_EPwm.obj" "./F2837xD_GlobalVariableDefs.obj" "./F2837xD_Gpio.obj" "./F2837xD_PieCtrl.obj" "./F2837xD_PieVect.obj" "./F2837xD_Spi.obj" "./F2837xD_SysCtrl.obj" "./F2837xD_usDelay.obj" "./FinalProjectwithCANAprilStarter_main.obj" "./MatrixMath.obj" "./OptiTrack.obj" "./SE423Lib.obj" "./user_xy.obj" "./device/device.obj" "../2837xD_FLASH_lnk_cpu1.cmd" "../F2837xD_Headers_nonBIOS_cpu1.cmd" "C:/MARIUS_FINAL_PROJECT/se423_final_project/C2000Ware_4_01_00_00/libraries/dsp/FPU/c28/lib/c28x_fpu_dsp_library.lib" "C:/MARIUS_FINAL_PROJECT/se423_final_project/C2000Ware_4_01_00_00/driverlib/f2837xd/driverlib/ccs/Debug/driverlib.lib"  -llibc.a 
<Linking>
Finished building target: "FinalProjectwithCANAprilStarter.out"
 
C:/Program Files/C2Prog 2.x/c2p-cli mkehx --target=28379,378,377,375D-CPU01_SCI FinalProjectwithCANAprilStarter.out FlashIt.ehx
makefile:176: recipe for target 'post-build' failed
 
process_begin: CreateProcess(NULL, C:/Program Files/C2Prog 2.x/c2p-cli mkehx --target=28379,378,377,375D-CPU01_SCI FinalProjectwithCANAprilStarter.out FlashIt.ehx, ...) failed.
 
gmake[2]: [post-build] Error 2 (ignored)

**** Build Finished ****

**** Build of configuration CPU1_FLASH for project FinalProjectwithCANAprilStarter ****

"C:\\ti\\ccs1270\\ccs\\utils\\bin\\gmake" -k -j 12 all -O 
 
gmake[1]: 'FinalProjectwithCANAprilStarter.out' is up to date.

**** Build Finished ****

**** Build of configuration CPU1_FLASH for project FinalProjectwithCANAprilStarter ****

"C:\\ti\\ccs1270\\ccs\\utils\\bin\\gmake" -k -j 12 all -O 
 
Building file: "../FinalProjectwithCANAprilStarter_main.c"
Invoking: C2000 Compiler
"C:/ti/ccs1270/ccs/tools/compiler/ti-cgt-c2000_22.6.1.LTS/bin/cl2000" -v28 -ml -mt --cla_support=cla1 --float_support=fpu32 --tmu_support=tmu0 --vcu_support=vcu2 -Ooff --include_path="C:/MARIUS_FINAL_PROJECT/se423_final_project/workspace/FinalProjectwithCANAprilStarter" --include_path="C:/MARIUS_FINAL_PROJECT/se423_final_project/C2000Ware_4_01_00_00/device_support/f2837xd/common/include" --include_path="C:/MARIUS_FINAL_PROJECT/se423_final_project/C2000Ware_4_01_00_00/device_support/f2837xd/headers/include" --include_path="C:/MARIUS_FINAL_PROJECT/se423_final_project/workspace/FinalProjectwithCANAprilStarter/device" --include_path="C:/MARIUS_FINAL_PROJECT/se423_final_project/C2000Ware_4_01_00_00/driverlib/f2837xd/driverlib" --include_path="C:/MARIUS_FINAL_PROJECT/se423_final_project/C2000Ware_4_01_00_00/libraries/dsp/FPU/c28/include" --include_path="C:/ti/ccs1270/ccs/tools/compiler/ti-cgt-c2000_22.6.1.LTS/include" --define=DEBUG --define=_FLASH --define=_LAUNCHXL_F28379D --define=_DUAL_HEADERS --define=CPU1 --c11 --diag_suppress=10063 --diag_warning=225 --diag_wrap=off --display_error_number --abi=coffabi --preproc_with_compile --preproc_dependency="FinalProjectwithCANAprilStarter_main.d_raw"  "../FinalProjectwithCANAprilStarter_main.c"
"../FinalProjectwithCANAprilStarter_main.c", line 733 (col. 32): advice #2614-D: (Performance) Use --fp_mode=relaxed to enable TMU hardware support for FP division.
"../FinalProjectwithCANAprilStarter_main.c", line 1044 (col. 23): advice #2614-D: (Performance) Use --fp_mode=relaxed to enable TMU hardware support for cosf.
"../FinalProjectwithCANAprilStarter_main.c", line 1045 (col. 23): advice #2614-D: (Performance) Use --fp_mode=relaxed to enable TMU hardware support for sinf.
Finished building: "../FinalProjectwithCANAprilStarter_main.c"
 
Building target: "FinalProjectwithCANAprilStarter.out"
Invoking: C2000 Linker
"C:/ti/ccs1270/ccs/tools/compiler/ti-cgt-c2000_22.6.1.LTS/bin/cl2000" -v28 -ml -mt --cla_support=cla1 --float_support=fpu32 --tmu_support=tmu0 --vcu_support=vcu2 -Ooff --define=DEBUG --define=_FLASH --define=_LAUNCHXL_F28379D --define=_DUAL_HEADERS --define=CPU1 --c11 --diag_suppress=10063 --diag_warning=225 --diag_wrap=off --display_error_number --abi=coffabi -z -m"FinalProjectwithCANAprilStarter.map" --stack_size=0x800 --warn_sections -i"C:/ti/ccs1270/ccs/tools/compiler/ti-cgt-c2000_22.6.1.LTS/lib" -i"C:/ti/ccs1270/ccs/tools/compiler/ti-cgt-c2000_22.6.1.LTS/include" --reread_libs --diag_wrap=off --display_error_number --xml_link_info="FinalProjectwithCANAprilStarter_linkInfo.xml" --rom_model -o "FinalProjectwithCANAprilStarter.out" "./F28379dCAN.obj" "./F28379dSerial.obj" "./F2837xD_Adc.obj" "./F2837xD_CodeStartBranch.obj" "./F2837xD_CpuTimers.obj" "./F2837xD_DefaultISR.obj" "./F2837xD_EPwm.obj" "./F2837xD_GlobalVariableDefs.obj" "./F2837xD_Gpio.obj" "./F2837xD_PieCtrl.obj" "./F2837xD_PieVect.obj" "./F2837xD_Spi.obj" "./F2837xD_SysCtrl.obj" "./F2837xD_usDelay.obj" "./FinalProjectwithCANAprilStarter_main.obj" "./MatrixMath.obj" "./OptiTrack.obj" "./SE423Lib.obj" "./user_xy.obj" "./device/device.obj" "../2837xD_FLASH_lnk_cpu1.cmd" "../F2837xD_Headers_nonBIOS_cpu1.cmd" "C:/MARIUS_FINAL_PROJECT/se423_final_project/C2000Ware_4_01_00_00/libraries/dsp/FPU/c28/lib/c28x_fpu_dsp_library.lib" "C:/MARIUS_FINAL_PROJECT/se423_final_project/C2000Ware_4_01_00_00/driverlib/f2837xd/driverlib/ccs/Debug/driverlib.lib"  -llibc.a 
<Linking>
Finished building target: "FinalProjectwithCANAprilStarter.out"
 
C:/Program Files/C2Prog 2.x/c2p-cli mkehx --target=28379,378,377,375D-CPU01_SCI FinalProjectwithCANAprilStarter.out FlashIt.ehx
makefile:176: recipe for target 'post-build' failed
process_begin: CreateProcess(NULL, C:/Program Files/C2Prog 2.x/c2p-cli mkehx --target=28379,378,377,375D-CPU01_SCI FinalProjectwithCANAprilStarter.out FlashIt.ehx, ...) failed.
 
gmake[2]: [post-build] Error 2 (ignored)
 

**** Build Finished ****

**** Build of configuration CPU1_FLASH for project FinalProjectwithCANAprilStarter ****

"C:\\ti\\ccs1270\\ccs\\utils\\bin\\gmake" -k -j 12 all -O 
 
gmake[1]: 'FinalProjectwithCANAprilStarter.out' is up to date.

**** Build Finished ****

**** Build of configuration CPU1_FLASH for project FinalProjectwithCANAprilStarter ****

"C:\\ti\\ccs1270\\ccs\\utils\\bin\\gmake" -k -j 12 all -O 
 
gmake[1]: 'FinalProjectwithCANAprilStarter.out' is up to date.

**** Build Finished ****

**** Build of configuration CPU1_FLASH for project FinalProjectwithCANAprilStarter ****

"C:\\ti\\ccs1270\\ccs\\utils\\bin\\gmake" -k -j 12 all -O 
 
Building file: "../FinalProjectwithCANAprilStarter_main.c"
Invoking: C2000 Compiler
"C:/ti/ccs1270/ccs/tools/compiler/ti-cgt-c2000_22.6.1.LTS/bin/cl2000" -v28 -ml -mt --cla_support=cla1 --float_support=fpu32 --tmu_support=tmu0 --vcu_support=vcu2 -Ooff --include_path="C:/MARIUS_FINAL_PROJECT/se423_final_project/workspace/FinalProjectwithCANAprilStarter" --include_path="C:/MARIUS_FINAL_PROJECT/se423_final_project/C2000Ware_4_01_00_00/device_support/f2837xd/common/include" --include_path="C:/MARIUS_FINAL_PROJECT/se423_final_project/C2000Ware_4_01_00_00/device_support/f2837xd/headers/include" --include_path="C:/MARIUS_FINAL_PROJECT/se423_final_project/workspace/FinalProjectwithCANAprilStarter/device" --include_path="C:/MARIUS_FINAL_PROJECT/se423_final_project/C2000Ware_4_01_00_00/driverlib/f2837xd/driverlib" --include_path="C:/MARIUS_FINAL_PROJECT/se423_final_project/C2000Ware_4_01_00_00/libraries/dsp/FPU/c28/include" --include_path="C:/ti/ccs1270/ccs/tools/compiler/ti-cgt-c2000_22.6.1.LTS/include" --define=DEBUG --define=_FLASH --define=_LAUNCHXL_F28379D --define=_DUAL_HEADERS --define=CPU1 --c11 --diag_suppress=10063 --diag_warning=225 --diag_wrap=off --display_error_number --abi=coffabi --preproc_with_compile --preproc_dependency="FinalProjectwithCANAprilStarter_main.d_raw"  "../FinalProjectwithCANAprilStarter_main.c"
"../FinalProjectwithCANAprilStarter_main.c", line 733 (col. 32): advice #2614-D: (Performance) Use --fp_mode=relaxed to enable TMU hardware support for FP division.
"../FinalProjectwithCANAprilStarter_main.c", line 1044 (col. 23): advice #2614-D: (Performance) Use --fp_mode=relaxed to enable TMU hardware support for cosf.
"../FinalProjectwithCANAprilStarter_main.c", line 1045 (col. 23): advice #2614-D: (Performance) Use --fp_mode=relaxed to enable TMU hardware support for sinf.
Finished building: "../FinalProjectwithCANAprilStarter_main.c"
 
Building target: "FinalProjectwithCANAprilStarter.out"
Invoking: C2000 Linker
"C:/ti/ccs1270/ccs/tools/compiler/ti-cgt-c2000_22.6.1.LTS/bin/cl2000" -v28 -ml -mt --cla_support=cla1 --float_support=fpu32 --tmu_support=tmu0 --vcu_support=vcu2 -Ooff --define=DEBUG --define=_FLASH --define=_LAUNCHXL_F28379D --define=_DUAL_HEADERS --define=CPU1 --c11 --diag_suppress=10063 --diag_warning=225 --diag_wrap=off --display_error_number --abi=coffabi -z -m"FinalProjectwithCANAprilStarter.map" --stack_size=0x800 --warn_sections -i"C:/ti/ccs1270/ccs/tools/compiler/ti-cgt-c2000_22.6.1.LTS/lib" -i"C:/ti/ccs1270/ccs/tools/compiler/ti-cgt-c2000_22.6.1.LTS/include" --reread_libs --diag_wrap=off --display_error_number --xml_link_info="FinalProjectwithCANAprilStarter_linkInfo.xml" --rom_model -o "FinalProjectwithCANAprilStarter.out" "./F28379dCAN.obj" "./F28379dSerial.obj" "./F2837xD_Adc.obj" "./F2837xD_CodeStartBranch.obj" "./F2837xD_CpuTimers.obj" "./F2837xD_DefaultISR.obj" "./F2837xD_EPwm.obj" "./F2837xD_GlobalVariableDefs.obj" "./F2837xD_Gpio.obj" "./F2837xD_PieCtrl.obj" "./F2837xD_PieVect.obj" "./F2837xD_Spi.obj" "./F2837xD_SysCtrl.obj" "./F2837xD_usDelay.obj" "./FinalProjectwithCANAprilStarter_main.obj" "./MatrixMath.obj" "./OptiTrack.obj" "./SE423Lib.obj" "./user_xy.obj" "./device/device.obj" "../2837xD_FLASH_lnk_cpu1.cmd" "../F2837xD_Headers_nonBIOS_cpu1.cmd" "C:/MARIUS_FINAL_PROJECT/se423_final_project/C2000Ware_4_01_00_00/libraries/dsp/FPU/c28/lib/c28x_fpu_dsp_library.lib" "C:/MARIUS_FINAL_PROJECT/se423_final_project/C2000Ware_4_01_00_00/driverlib/f2837xd/driverlib/ccs/Debug/driverlib.lib"  -llibc.a 
<Linking>
Finished building target: "FinalProjectwithCANAprilStarter.out"
 
C:/Program Files/C2Prog 2.x/c2p-cli mkehx --target=28379,378,377,375D-CPU01_SCI FinalProjectwithCANAprilStarter.out FlashIt.ehx
makefile:176: recipe for target 'post-build' failed
process_begin: CreateProcess(NULL, C:/Program Files/C2Prog 2.x/c2p-cli mkehx --target=28379,378,377,375D-CPU01_SCI FinalProjectwithCANAprilStarter.out FlashIt.ehx, ...) failed.
 
gmake[2]: [post-build] Error 2 (ignored)
 

**** Build Finished ****

**** Build of configuration CPU1_FLASH for project FinalProjectwithCANAprilStarter ****

"C:\\ti\\ccs1270\\ccs\\utils\\bin\\gmake" -k -j 12 all -O 
 
gmake[1]: 'FinalProjectwithCANAprilStarter.out' is up to date.

**** Build Finished ****

**** Build of configuration CPU1_FLASH for project FinalProjectwithCANAprilStarter ****

"C:\\ti\\ccs1270\\ccs\\utils\\bin\\gmake" -k -j 12 all -O 
 
Building file: "../SE423Lib.c"
Invoking: C2000 Compiler
"C:/ti/ccs1270/ccs/tools/compiler/ti-cgt-c2000_22.6.1.LTS/bin/cl2000" -v28 -ml -mt --cla_support=cla1 --float_support=fpu32 --tmu_support=tmu0 --vcu_support=vcu2 -Ooff --include_path="C:/MARIUS_FINAL_PROJECT/se423_final_project/workspace/FinalProjectwithCANAprilStarter" --include_path="C:/MARIUS_FINAL_PROJECT/se423_final_project/C2000Ware_4_01_00_00/device_support/f2837xd/common/include" --include_path="C:/MARIUS_FINAL_PROJECT/se423_final_project/C2000Ware_4_01_00_00/device_support/f2837xd/headers/include" --include_path="C:/MARIUS_FINAL_PROJECT/se423_final_project/workspace/FinalProjectwithCANAprilStarter/device" --include_path="C:/MARIUS_FINAL_PROJECT/se423_final_project/C2000Ware_4_01_00_00/driverlib/f2837xd/driverlib" --include_path="C:/MARIUS_FINAL_PROJECT/se423_final_project/C2000Ware_4_01_00_00/libraries/dsp/FPU/c28/include" --include_path="C:/ti/ccs1270/ccs/tools/compiler/ti-cgt-c2000_22.6.1.LTS/include" --define=DEBUG --define=_FLASH --define=_LAUNCHXL_F28379D --define=_DUAL_HEADERS --define=CPU1 --c11 --diag_suppress=10063 --diag_warning=225 --diag_wrap=off --display_error_number --abi=coffabi --preproc_with_compile --preproc_dependency="SE423Lib.d_raw"  "../SE423Lib.c"
"../SE423Lib.c", line 26 (col. 51): advice #2614-D: (Performance) Use --fp_mode=relaxed to enable TMU hardware support for FP division.
Finished building: "../SE423Lib.c"
 
Building file: "../FinalProjectwithCANAprilStarter_main.c"
Invoking: C2000 Compiler
"C:/ti/ccs1270/ccs/tools/compiler/ti-cgt-c2000_22.6.1.LTS/bin/cl2000" -v28 -ml -mt --cla_support=cla1 --float_support=fpu32 --tmu_support=tmu0 --vcu_support=vcu2 -Ooff --include_path="C:/MARIUS_FINAL_PROJECT/se423_final_project/workspace/FinalProjectwithCANAprilStarter" --include_path="C:/MARIUS_FINAL_PROJECT/se423_final_project/C2000Ware_4_01_00_00/device_support/f2837xd/common/include" --include_path="C:/MARIUS_FINAL_PROJECT/se423_final_project/C2000Ware_4_01_00_00/device_support/f2837xd/headers/include" --include_path="C:/MARIUS_FINAL_PROJECT/se423_final_project/workspace/FinalProjectwithCANAprilStarter/device" --include_path="C:/MARIUS_FINAL_PROJECT/se423_final_project/C2000Ware_4_01_00_00/driverlib/f2837xd/driverlib" --include_path="C:/MARIUS_FINAL_PROJECT/se423_final_project/C2000Ware_4_01_00_00/libraries/dsp/FPU/c28/include" --include_path="C:/ti/ccs1270/ccs/tools/compiler/ti-cgt-c2000_22.6.1.LTS/include" --define=DEBUG --define=_FLASH --define=_LAUNCHXL_F28379D --define=_DUAL_HEADERS --define=CPU1 --c11 --diag_suppress=10063 --diag_warning=225 --diag_wrap=off --display_error_number --abi=coffabi --preproc_with_compile --preproc_dependency="FinalProjectwithCANAprilStarter_main.d_raw"  "../FinalProjectwithCANAprilStarter_main.c"
"../FinalProjectwithCANAprilStarter_main.c", line 724 (col. 32): advice #2614-D: (Performance) Use --fp_mode=relaxed to enable TMU hardware support for FP division.
"../FinalProjectwithCANAprilStarter_main.c", line 1035 (col. 23): advice #2614-D: (Performance) Use --fp_mode=relaxed to enable TMU hardware support for cosf.
"../FinalProjectwithCANAprilStarter_main.c", line 1036 (col. 23): advice #2614-D: (Performance) Use --fp_mode=relaxed to enable TMU hardware support for sinf.
Finished building: "../FinalProjectwithCANAprilStarter_main.c"
 
Building target: "FinalProjectwithCANAprilStarter.out"
Invoking: C2000 Linker
"C:/ti/ccs1270/ccs/tools/compiler/ti-cgt-c2000_22.6.1.LTS/bin/cl2000" -v28 -ml -mt --cla_support=cla1 --float_support=fpu32 --tmu_support=tmu0 --vcu_support=vcu2 -Ooff --define=DEBUG --define=_FLASH --define=_LAUNCHXL_F28379D --define=_DUAL_HEADERS --define=CPU1 --c11 --diag_suppress=10063 --diag_warning=225 --diag_wrap=off --display_error_number --abi=coffabi -z -m"FinalProjectwithCANAprilStarter.map" --stack_size=0x800 --warn_sections -i"C:/ti/ccs1270/ccs/tools/compiler/ti-cgt-c2000_22.6.1.LTS/lib" -i"C:/ti/ccs1270/ccs/tools/compiler/ti-cgt-c2000_22.6.1.LTS/include" --reread_libs --diag_wrap=off --display_error_number --xml_link_info="FinalProjectwithCANAprilStarter_linkInfo.xml" --rom_model -o "FinalProjectwithCANAprilStarter.out" "./F28379dCAN.obj" "./F28379dSerial.obj" "./F2837xD_Adc.obj" "./F2837xD_CodeStartBranch.obj" "./F2837xD_CpuTimers.obj" "./F2837xD_DefaultISR.obj" "./F2837xD_EPwm.obj" "./F2837xD_GlobalVariableDefs.obj" "./F2837xD_Gpio.obj" "./F2837xD_PieCtrl.obj" "./F2837xD_PieVect.obj" "./F2837xD_Spi.obj" "./F2837xD_SysCtrl.obj" "./F2837xD_usDelay.obj" "./FinalProjectwithCANAprilStarter_main.obj" "./MatrixMath.obj" "./OptiTrack.obj" "./SE423Lib.obj" "./user_xy.obj" "./device/device.obj" "../2837xD_FLASH_lnk_cpu1.cmd" "../F2837xD_Headers_nonBIOS_cpu1.cmd" "C:/MARIUS_FINAL_PROJECT/se423_final_project/C2000Ware_4_01_00_00/libraries/dsp/FPU/c28/lib/c28x_fpu_dsp_library.lib" "C:/MARIUS_FINAL_PROJECT/se423_final_project/C2000Ware_4_01_00_00/driverlib/f2837xd/driverlib/ccs/Debug/driverlib.lib"  -llibc.a 
<Linking>
Finished building target: "FinalProjectwithCANAprilStarter.out"
 
C:/Program Files/C2Prog 2.x/c2p-cli mkehx --target=28379,378,377,375D-CPU01_SCI FinalProjectwithCANAprilStarter.out FlashIt.ehx
makefile:176: recipe for target 'post-build' failed
process_begin: CreateProcess(NULL, C:/Program Files/C2Prog 2.x/c2p-cli mkehx --target=28379,378,377,375D-CPU01_SCI FinalProjectwithCANAprilStarter.out FlashIt.ehx, ...) failed.
 
gmake[2]: [post-build] Error 2 (ignored)
 

**** Build Finished ****

**** Build of configuration CPU1_FLASH for project FinalProjectwithCANAprilStarter ****

"C:\\ti\\ccs1270\\ccs\\utils\\bin\\gmake" -k -j 12 all -O 
 
gmake[1]: 'FinalProjectwithCANAprilStarter.out' is up to date.

**** Build Finished ****

**** Build of configuration CPU1_FLASH for project FinalProjectwithCANAprilStarter ****

"C:\\ti\\ccs1270\\ccs\\utils\\bin\\gmake" -k -j 12 all -O 
 
gmake[1]: 'FinalProjectwithCANAprilStarter.out' is up to date.

**** Build Finished ****

**** Build of configuration CPU1_FLASH for project FinalProjectwithCANAprilStarter ****

"C:\\ti\\ccs1270\\ccs\\utils\\bin\\gmake" -k -j 12 all -O 
 
gmake[1]: 'FinalProjectwithCANAprilStarter.out' is up to date.

**** Build Finished ****

**** Build of configuration CPU1_FLASH for project FinalProjectwithCANAprilStarter ****

"C:\\ti\\ccs1270\\ccs\\utils\\bin\\gmake" -k -j 12 all -O 
 
Building file: "../FinalProjectwithCANAprilStarter_main.c"
Invoking: C2000 Compiler
"C:/ti/ccs1270/ccs/tools/compiler/ti-cgt-c2000_22.6.1.LTS/bin/cl2000" -v28 -ml -mt --cla_support=cla1 --float_support=fpu32 --tmu_support=tmu0 --vcu_support=vcu2 -Ooff --include_path="C:/MARIUS_FINAL_PROJECT/se423_final_project/workspace/FinalProjectwithCANAprilStarter" --include_path="C:/MARIUS_FINAL_PROJECT/se423_final_project/C2000Ware_4_01_00_00/device_support/f2837xd/common/include" --include_path="C:/MARIUS_FINAL_PROJECT/se423_final_project/C2000Ware_4_01_00_00/device_support/f2837xd/headers/include" --include_path="C:/MARIUS_FINAL_PROJECT/se423_final_project/workspace/FinalProjectwithCANAprilStarter/device" --include_path="C:/MARIUS_FINAL_PROJECT/se423_final_project/C2000Ware_4_01_00_00/driverlib/f2837xd/driverlib" --include_path="C:/MARIUS_FINAL_PROJECT/se423_final_project/C2000Ware_4_01_00_00/libraries/dsp/FPU/c28/include" --include_path="C:/ti/ccs1270/ccs/tools/compiler/ti-cgt-c2000_22.6.1.LTS/include" --define=DEBUG --define=_FLASH --define=_LAUNCHXL_F28379D --define=_DUAL_HEADERS --define=CPU1 --c11 --diag_suppress=10063 --diag_warning=225 --diag_wrap=off --display_error_number --abi=coffabi --preproc_with_compile --preproc_dependency="FinalProjectwithCANAprilStarter_main.d_raw"  "../FinalProjectwithCANAprilStarter_main.c"
 
>> Compilation failure
subdir_rules.mk:9: recipe for target 'FinalProjectwithCANAprilStarter_main.obj' failed
"../FinalProjectwithCANAprilStarter_main.c", line 646: error #66: expected a ";"
1 error detected in the compilation of "../FinalProjectwithCANAprilStarter_main.c".
gmake: *** [FinalProjectwithCANAprilStarter_main.obj] Error 1
gmake: Target 'all' not remade because of errors.

**** Build Finished ****

**** Build of configuration CPU1_FLASH for project FinalProjectwithCANAprilStarter ****

"C:\\ti\\ccs1270\\ccs\\utils\\bin\\gmake" -k -j 12 all -O 
 
Building file: "../FinalProjectwithCANAprilStarter_main.c"
Invoking: C2000 Compiler
"C:/ti/ccs1270/ccs/tools/compiler/ti-cgt-c2000_22.6.1.LTS/bin/cl2000" -v28 -ml -mt --cla_support=cla1 --float_support=fpu32 --tmu_support=tmu0 --vcu_support=vcu2 -Ooff --include_path="C:/MARIUS_FINAL_PROJECT/se423_final_project/workspace/FinalProjectwithCANAprilStarter" --include_path="C:/MARIUS_FINAL_PROJECT/se423_final_project/C2000Ware_4_01_00_00/device_support/f2837xd/common/include" --include_path="C:/MARIUS_FINAL_PROJECT/se423_final_project/C2000Ware_4_01_00_00/device_support/f2837xd/headers/include" --include_path="C:/MARIUS_FINAL_PROJECT/se423_final_project/workspace/FinalProjectwithCANAprilStarter/device" --include_path="C:/MARIUS_FINAL_PROJECT/se423_final_project/C2000Ware_4_01_00_00/driverlib/f2837xd/driverlib" --include_path="C:/MARIUS_FINAL_PROJECT/se423_final_project/C2000Ware_4_01_00_00/libraries/dsp/FPU/c28/include" --include_path="C:/ti/ccs1270/ccs/tools/compiler/ti-cgt-c2000_22.6.1.LTS/include" --define=DEBUG --define=_FLASH --define=_LAUNCHXL_F28379D --define=_DUAL_HEADERS --define=CPU1 --c11 --diag_suppress=10063 --diag_warning=225 --diag_wrap=off --display_error_number --abi=coffabi --preproc_with_compile --preproc_dependency="FinalProjectwithCANAprilStarter_main.d_raw"  "../FinalProjectwithCANAprilStarter_main.c"
"../FinalProjectwithCANAprilStarter_main.c", line 725 (col. 32): advice #2614-D: (Performance) Use --fp_mode=relaxed to enable TMU hardware support for FP division.
"../FinalProjectwithCANAprilStarter_main.c", line 1036 (col. 23): advice #2614-D: (Performance) Use --fp_mode=relaxed to enable TMU hardware support for cosf.
"../FinalProjectwithCANAprilStarter_main.c", line 1037 (col. 23): advice #2614-D: (Performance) Use --fp_mode=relaxed to enable TMU hardware support for sinf.
Finished building: "../FinalProjectwithCANAprilStarter_main.c"
 
Building target: "FinalProjectwithCANAprilStarter.out"
Invoking: C2000 Linker
"C:/ti/ccs1270/ccs/tools/compiler/ti-cgt-c2000_22.6.1.LTS/bin/cl2000" -v28 -ml -mt --cla_support=cla1 --float_support=fpu32 --tmu_support=tmu0 --vcu_support=vcu2 -Ooff --define=DEBUG --define=_FLASH --define=_LAUNCHXL_F28379D --define=_DUAL_HEADERS --define=CPU1 --c11 --diag_suppress=10063 --diag_warning=225 --diag_wrap=off --display_error_number --abi=coffabi -z -m"FinalProjectwithCANAprilStarter.map" --stack_size=0x800 --warn_sections -i"C:/ti/ccs1270/ccs/tools/compiler/ti-cgt-c2000_22.6.1.LTS/lib" -i"C:/ti/ccs1270/ccs/tools/compiler/ti-cgt-c2000_22.6.1.LTS/include" --reread_libs --diag_wrap=off --display_error_number --xml_link_info="FinalProjectwithCANAprilStarter_linkInfo.xml" --rom_model -o "FinalProjectwithCANAprilStarter.out" "./F28379dCAN.obj" "./F28379dSerial.obj" "./F2837xD_Adc.obj" "./F2837xD_CodeStartBranch.obj" "./F2837xD_CpuTimers.obj" "./F2837xD_DefaultISR.obj" "./F2837xD_EPwm.obj" "./F2837xD_GlobalVariableDefs.obj" "./F2837xD_Gpio.obj" "./F2837xD_PieCtrl.obj" "./F2837xD_PieVect.obj" "./F2837xD_Spi.obj" "./F2837xD_SysCtrl.obj" "./F2837xD_usDelay.obj" "./FinalProjectwithCANAprilStarter_main.obj" "./MatrixMath.obj" "./OptiTrack.obj" "./SE423Lib.obj" "./user_xy.obj" "./device/device.obj" "../2837xD_FLASH_lnk_cpu1.cmd" "../F2837xD_Headers_nonBIOS_cpu1.cmd" "C:/MARIUS_FINAL_PROJECT/se423_final_project/C2000Ware_4_01_00_00/libraries/dsp/FPU/c28/lib/c28x_fpu_dsp_library.lib" "C:/MARIUS_FINAL_PROJECT/se423_final_project/C2000Ware_4_01_00_00/driverlib/f2837xd/driverlib/ccs/Debug/driverlib.lib"  -llibc.a 
<Linking>
Finished building target: "FinalProjectwithCANAprilStarter.out"
 
C:/Program Files/C2Prog 2.x/c2p-cli mkehx --target=28379,378,377,375D-CPU01_SCI FinalProjectwithCANAprilStarter.out FlashIt.ehx
makefile:176: recipe for target 'post-build' failed
process_begin: CreateProcess(NULL, C:/Program Files/C2Prog 2.x/c2p-cli mkehx --target=28379,378,377,375D-CPU01_SCI FinalProjectwithCANAprilStarter.out FlashIt.ehx, ...) failed.
 
gmake[2]: [post-build] Error 2 (ignored)
 

**** Build Finished ****

**** Build of configuration CPU1_FLASH for project FinalProjectwithCANAprilStarter ****

"C:\\ti\\ccs1270\\ccs\\utils\\bin\\gmake" -k -j 12 all -O 
 
gmake[1]: 'FinalProjectwithCANAprilStarter.out' is up to date.

**** Build Finished ****

**** Build of configuration CPU1_FLASH for project FinalProjectwithCANAprilStarter ****

"C:\\ti\\ccs1270\\ccs\\utils\\bin\\gmake" -k -j 12 all -O 
 
Building file: "../FinalProjectwithCANAprilStarter_main.c"
Invoking: C2000 Compiler
"C:/ti/ccs1270/ccs/tools/compiler/ti-cgt-c2000_22.6.1.LTS/bin/cl2000" -v28 -ml -mt --cla_support=cla1 --float_support=fpu32 --tmu_support=tmu0 --vcu_support=vcu2 -Ooff --include_path="C:/MARIUS_FINAL_PROJECT/se423_final_project/workspace/FinalProjectwithCANAprilStarter" --include_path="C:/MARIUS_FINAL_PROJECT/se423_final_project/C2000Ware_4_01_00_00/device_support/f2837xd/common/include" --include_path="C:/MARIUS_FINAL_PROJECT/se423_final_project/C2000Ware_4_01_00_00/device_support/f2837xd/headers/include" --include_path="C:/MARIUS_FINAL_PROJECT/se423_final_project/workspace/FinalProjectwithCANAprilStarter/device" --include_path="C:/MARIUS_FINAL_PROJECT/se423_final_project/C2000Ware_4_01_00_00/driverlib/f2837xd/driverlib" --include_path="C:/MARIUS_FINAL_PROJECT/se423_final_project/C2000Ware_4_01_00_00/libraries/dsp/FPU/c28/include" --include_path="C:/ti/ccs1270/ccs/tools/compiler/ti-cgt-c2000_22.6.1.LTS/include" --define=DEBUG --define=_FLASH --define=_LAUNCHXL_F28379D --define=_DUAL_HEADERS --define=CPU1 --c11 --diag_suppress=10063 --diag_warning=225 --diag_wrap=off --display_error_number --abi=coffabi --preproc_with_compile --preproc_dependency="FinalProjectwithCANAprilStarter_main.d_raw"  "../FinalProjectwithCANAprilStarter_main.c"
"../FinalProjectwithCANAprilStarter_main.c", line 731 (col. 32): advice #2614-D: (Performance) Use --fp_mode=relaxed to enable TMU hardware support for FP division.
"../FinalProjectwithCANAprilStarter_main.c", line 1042 (col. 23): advice #2614-D: (Performance) Use --fp_mode=relaxed to enable TMU hardware support for cosf.
"../FinalProjectwithCANAprilStarter_main.c", line 1043 (col. 23): advice #2614-D: (Performance) Use --fp_mode=relaxed to enable TMU hardware support for sinf.
Finished building: "../FinalProjectwithCANAprilStarter_main.c"
 
Building target: "FinalProjectwithCANAprilStarter.out"
Invoking: C2000 Linker
"C:/ti/ccs1270/ccs/tools/compiler/ti-cgt-c2000_22.6.1.LTS/bin/cl2000" -v28 -ml -mt --cla_support=cla1 --float_support=fpu32 --tmu_support=tmu0 --vcu_support=vcu2 -Ooff --define=DEBUG --define=_FLASH --define=_LAUNCHXL_F28379D --define=_DUAL_HEADERS --define=CPU1 --c11 --diag_suppress=10063 --diag_warning=225 --diag_wrap=off --display_error_number --abi=coffabi -z -m"FinalProjectwithCANAprilStarter.map" --stack_size=0x800 --warn_sections -i"C:/ti/ccs1270/ccs/tools/compiler/ti-cgt-c2000_22.6.1.LTS/lib" -i"C:/ti/ccs1270/ccs/tools/compiler/ti-cgt-c2000_22.6.1.LTS/include" --reread_libs --diag_wrap=off --display_error_number --xml_link_info="FinalProjectwithCANAprilStarter_linkInfo.xml" --rom_model -o "FinalProjectwithCANAprilStarter.out" "./F28379dCAN.obj" "./F28379dSerial.obj" "./F2837xD_Adc.obj" "./F2837xD_CodeStartBranch.obj" "./F2837xD_CpuTimers.obj" "./F2837xD_DefaultISR.obj" "./F2837xD_EPwm.obj" "./F2837xD_GlobalVariableDefs.obj" "./F2837xD_Gpio.obj" "./F2837xD_PieCtrl.obj" "./F2837xD_PieVect.obj" "./F2837xD_Spi.obj" "./F2837xD_SysCtrl.obj" "./F2837xD_usDelay.obj" "./FinalProjectwithCANAprilStarter_main.obj" "./MatrixMath.obj" "./OptiTrack.obj" "./SE423Lib.obj" "./user_xy.obj" "./device/device.obj" "../2837xD_FLASH_lnk_cpu1.cmd" "../F2837xD_Headers_nonBIOS_cpu1.cmd" "C:/MARIUS_FINAL_PROJECT/se423_final_project/C2000Ware_4_01_00_00/libraries/dsp/FPU/c28/lib/c28x_fpu_dsp_library.lib" "C:/MARIUS_FINAL_PROJECT/se423_final_project/C2000Ware_4_01_00_00/driverlib/f2837xd/driverlib/ccs/Debug/driverlib.lib"  -llibc.a 
<Linking>
Finished building target: "FinalProjectwithCANAprilStarter.out"
 
C:/Program Files/C2Prog 2.x/c2p-cli mkehx --target=28379,378,377,375D-CPU01_SCI FinalProjectwithCANAprilStarter.out FlashIt.ehx
makefile:176: recipe for target 'post-build' failed
process_begin: CreateProcess(NULL, C:/Program Files/C2Prog 2.x/c2p-cli mkehx --target=28379,378,377,375D-CPU01_SCI FinalProjectwithCANAprilStarter.out FlashIt.ehx, ...) failed.
 
gmake[2]: [post-build] Error 2 (ignored)
 

**** Build Finished ****

**** Build of configuration CPU1_FLASH for project FinalProjectwithCANAprilStarter ****

"C:\\ti\\ccs1270\\ccs\\utils\\bin\\gmake" -k -j 12 all -O 
 
gmake[1]: 'FinalProjectwithCANAprilStarter.out' is up to date.

**** Build Finished ****

**** Build of configuration CPU1_FLASH for project FinalProjectwithCANAprilStarter ****

"C:\\ti\\ccs1270\\ccs\\utils\\bin\\gmake" -k -j 12 all -O 
 
Building file: "../FinalProjectwithCANAprilStarter_main.c"
Invoking: C2000 Compiler
"C:/ti/ccs1270/ccs/tools/compiler/ti-cgt-c2000_22.6.1.LTS/bin/cl2000" -v28 -ml -mt --cla_support=cla1 --float_support=fpu32 --tmu_support=tmu0 --vcu_support=vcu2 -Ooff --include_path="C:/MARIUS_FINAL_PROJECT/se423_final_project/workspace/FinalProjectwithCANAprilStarter" --include_path="C:/MARIUS_FINAL_PROJECT/se423_final_project/C2000Ware_4_01_00_00/device_support/f2837xd/common/include" --include_path="C:/MARIUS_FINAL_PROJECT/se423_final_project/C2000Ware_4_01_00_00/device_support/f2837xd/headers/include" --include_path="C:/MARIUS_FINAL_PROJECT/se423_final_project/workspace/FinalProjectwithCANAprilStarter/device" --include_path="C:/MARIUS_FINAL_PROJECT/se423_final_project/C2000Ware_4_01_00_00/driverlib/f2837xd/driverlib" --include_path="C:/MARIUS_FINAL_PROJECT/se423_final_project/C2000Ware_4_01_00_00/libraries/dsp/FPU/c28/include" --include_path="C:/ti/ccs1270/ccs/tools/compiler/ti-cgt-c2000_22.6.1.LTS/include" --define=DEBUG --define=_FLASH --define=_LAUNCHXL_F28379D --define=_DUAL_HEADERS --define=CPU1 --c11 --diag_suppress=10063 --diag_warning=225 --diag_wrap=off --display_error_number --abi=coffabi --preproc_with_compile --preproc_dependency="FinalProjectwithCANAprilStarter_main.d_raw"  "../FinalProjectwithCANAprilStarter_main.c"
 
>> Compilation failure
subdir_rules.mk:9: recipe for target 'FinalProjectwithCANAprilStarter_main.obj' failed
"../FinalProjectwithCANAprilStarter_main.c", line 1183: error #20: identifier "right_turn_Start_threshold" is undefined
1 error detected in the compilation of "../FinalProjectwithCANAprilStarter_main.c".
gmake: *** [FinalProjectwithCANAprilStarter_main.obj] Error 1
gmake: Target 'all' not remade because of errors.

**** Build Finished ****

**** Build of configuration CPU1_FLASH for project FinalProjectwithCANAprilStarter ****

"C:\\ti\\ccs1270\\ccs\\utils\\bin\\gmake" -k -j 12 all -O 
 
Building file: "../FinalProjectwithCANAprilStarter_main.c"
Invoking: C2000 Compiler
"C:/ti/ccs1270/ccs/tools/compiler/ti-cgt-c2000_22.6.1.LTS/bin/cl2000" -v28 -ml -mt --cla_support=cla1 --float_support=fpu32 --tmu_support=tmu0 --vcu_support=vcu2 -Ooff --include_path="C:/MARIUS_FINAL_PROJECT/se423_final_project/workspace/FinalProjectwithCANAprilStarter" --include_path="C:/MARIUS_FINAL_PROJECT/se423_final_project/C2000Ware_4_01_00_00/device_support/f2837xd/common/include" --include_path="C:/MARIUS_FINAL_PROJECT/se423_final_project/C2000Ware_4_01_00_00/device_support/f2837xd/headers/include" --include_path="C:/MARIUS_FINAL_PROJECT/se423_final_project/workspace/FinalProjectwithCANAprilStarter/device" --include_path="C:/MARIUS_FINAL_PROJECT/se423_final_project/C2000Ware_4_01_00_00/driverlib/f2837xd/driverlib" --include_path="C:/MARIUS_FINAL_PROJECT/se423_final_project/C2000Ware_4_01_00_00/libraries/dsp/FPU/c28/include" --include_path="C:/ti/ccs1270/ccs/tools/compiler/ti-cgt-c2000_22.6.1.LTS/include" --define=DEBUG --define=_FLASH --define=_LAUNCHXL_F28379D --define=_DUAL_HEADERS --define=CPU1 --c11 --diag_suppress=10063 --diag_warning=225 --diag_wrap=off --display_error_number --abi=coffabi --preproc_with_compile --preproc_dependency="FinalProjectwithCANAprilStarter_main.d_raw"  "../FinalProjectwithCANAprilStarter_main.c"
"../FinalProjectwithCANAprilStarter_main.c", line 732 (col. 32): advice #2614-D: (Performance) Use --fp_mode=relaxed to enable TMU hardware support for FP division.
"../FinalProjectwithCANAprilStarter_main.c", line 1043 (col. 23): advice #2614-D: (Performance) Use --fp_mode=relaxed to enable TMU hardware support for cosf.
"../FinalProjectwithCANAprilStarter_main.c", line 1044 (col. 23): advice #2614-D: (Performance) Use --fp_mode=relaxed to enable TMU hardware support for sinf.
Finished building: "../FinalProjectwithCANAprilStarter_main.c"
 
Building target: "FinalProjectwithCANAprilStarter.out"
Invoking: C2000 Linker
"C:/ti/ccs1270/ccs/tools/compiler/ti-cgt-c2000_22.6.1.LTS/bin/cl2000" -v28 -ml -mt --cla_support=cla1 --float_support=fpu32 --tmu_support=tmu0 --vcu_support=vcu2 -Ooff --define=DEBUG --define=_FLASH --define=_LAUNCHXL_F28379D --define=_DUAL_HEADERS --define=CPU1 --c11 --diag_suppress=10063 --diag_warning=225 --diag_wrap=off --display_error_number --abi=coffabi -z -m"FinalProjectwithCANAprilStarter.map" --stack_size=0x800 --warn_sections -i"C:/ti/ccs1270/ccs/tools/compiler/ti-cgt-c2000_22.6.1.LTS/lib" -i"C:/ti/ccs1270/ccs/tools/compiler/ti-cgt-c2000_22.6.1.LTS/include" --reread_libs --diag_wrap=off --display_error_number --xml_link_info="FinalProjectwithCANAprilStarter_linkInfo.xml" --rom_model -o "FinalProjectwithCANAprilStarter.out" "./F28379dCAN.obj" "./F28379dSerial.obj" "./F2837xD_Adc.obj" "./F2837xD_CodeStartBranch.obj" "./F2837xD_CpuTimers.obj" "./F2837xD_DefaultISR.obj" "./F2837xD_EPwm.obj" "./F2837xD_GlobalVariableDefs.obj" "./F2837xD_Gpio.obj" "./F2837xD_PieCtrl.obj" "./F2837xD_PieVect.obj" "./F2837xD_Spi.obj" "./F2837xD_SysCtrl.obj" "./F2837xD_usDelay.obj" "./FinalProjectwithCANAprilStarter_main.obj" "./MatrixMath.obj" "./OptiTrack.obj" "./SE423Lib.obj" "./user_xy.obj" "./device/device.obj" "../2837xD_FLASH_lnk_cpu1.cmd" "../F2837xD_Headers_nonBIOS_cpu1.cmd" "C:/MARIUS_FINAL_PROJECT/se423_final_project/C2000Ware_4_01_00_00/libraries/dsp/FPU/c28/lib/c28x_fpu_dsp_library.lib" "C:/MARIUS_FINAL_PROJECT/se423_final_project/C2000Ware_4_01_00_00/driverlib/f2837xd/driverlib/ccs/Debug/driverlib.lib"  -llibc.a 
<Linking>
Finished building target: "FinalProjectwithCANAprilStarter.out"
 
C:/Program Files/C2Prog 2.x/c2p-cli mkehx --target=28379,378,377,375D-CPU01_SCI FinalProjectwithCANAprilStarter.out FlashIt.ehx
makefile:176: recipe for target 'post-build' failed
process_begin: CreateProcess(NULL, C:/Program Files/C2Prog 2.x/c2p-cli mkehx --target=28379,378,377,375D-CPU01_SCI FinalProjectwithCANAprilStarter.out FlashIt.ehx, ...) failed.
 
gmake[2]: [post-build] Error 2 (ignored)
 

**** Build Finished ****

**** Build of configuration CPU1_FLASH for project FinalProjectwithCANAprilStarter ****

"C:\\ti\\ccs1270\\ccs\\utils\\bin\\gmake" -k -j 12 all -O 
 
gmake[1]: 'FinalProjectwithCANAprilStarter.out' is up to date.

**** Build Finished ****

**** Build of configuration CPU1_FLASH for project FinalProjectwithCANAprilStarter ****

"C:\\ti\\ccs1270\\ccs\\utils\\bin\\gmake" -k -j 12 all -O 
 
gmake[1]: 'FinalProjectwithCANAprilStarter.out' is up to date.

**** Build Finished ****

**** Build of configuration CPU1_FLASH for project FinalProjectwithCANAprilStarter ****

"C:\\ti\\ccs1270\\ccs\\utils\\bin\\gmake" -k -j 12 all -O 
 
Building file: "../FinalProjectwithCANAprilStarter_main.c"
Invoking: C2000 Compiler
"C:/ti/ccs1270/ccs/tools/compiler/ti-cgt-c2000_22.6.1.LTS/bin/cl2000" -v28 -ml -mt --cla_support=cla1 --float_support=fpu32 --tmu_support=tmu0 --vcu_support=vcu2 -Ooff --include_path="C:/MARIUS_FINAL_PROJECT/se423_final_project/workspace/FinalProjectwithCANAprilStarter" --include_path="C:/MARIUS_FINAL_PROJECT/se423_final_project/C2000Ware_4_01_00_00/device_support/f2837xd/common/include" --include_path="C:/MARIUS_FINAL_PROJECT/se423_final_project/C2000Ware_4_01_00_00/device_support/f2837xd/headers/include" --include_path="C:/MARIUS_FINAL_PROJECT/se423_final_project/workspace/FinalProjectwithCANAprilStarter/device" --include_path="C:/MARIUS_FINAL_PROJECT/se423_final_project/C2000Ware_4_01_00_00/driverlib/f2837xd/driverlib" --include_path="C:/MARIUS_FINAL_PROJECT/se423_final_project/C2000Ware_4_01_00_00/libraries/dsp/FPU/c28/include" --include_path="C:/ti/ccs1270/ccs/tools/compiler/ti-cgt-c2000_22.6.1.LTS/include" --define=DEBUG --define=_FLASH --define=_LAUNCHXL_F28379D --define=_DUAL_HEADERS --define=CPU1 --c11 --diag_suppress=10063 --diag_warning=225 --diag_wrap=off --display_error_number --abi=coffabi --preproc_with_compile --preproc_dependency="FinalProjectwithCANAprilStarter_main.d_raw"  "../FinalProjectwithCANAprilStarter_main.c"
"../FinalProjectwithCANAprilStarter_main.c", line 732 (col. 32): advice #2614-D: (Performance) Use --fp_mode=relaxed to enable TMU hardware support for FP division.
"../FinalProjectwithCANAprilStarter_main.c", line 1043 (col. 23): advice #2614-D: (Performance) Use --fp_mode=relaxed to enable TMU hardware support for cosf.
"../FinalProjectwithCANAprilStarter_main.c", line 1044 (col. 23): advice #2614-D: (Performance) Use --fp_mode=relaxed to enable TMU hardware support for sinf.
Finished building: "../FinalProjectwithCANAprilStarter_main.c"
 
Building target: "FinalProjectwithCANAprilStarter.out"
Invoking: C2000 Linker
"C:/ti/ccs1270/ccs/tools/compiler/ti-cgt-c2000_22.6.1.LTS/bin/cl2000" -v28 -ml -mt --cla_support=cla1 --float_support=fpu32 --tmu_support=tmu0 --vcu_support=vcu2 -Ooff --define=DEBUG --define=_FLASH --define=_LAUNCHXL_F28379D --define=_DUAL_HEADERS --define=CPU1 --c11 --diag_suppress=10063 --diag_warning=225 --diag_wrap=off --display_error_number --abi=coffabi -z -m"FinalProjectwithCANAprilStarter.map" --stack_size=0x800 --warn_sections -i"C:/ti/ccs1270/ccs/tools/compiler/ti-cgt-c2000_22.6.1.LTS/lib" -i"C:/ti/ccs1270/ccs/tools/compiler/ti-cgt-c2000_22.6.1.LTS/include" --reread_libs --diag_wrap=off --display_error_number --xml_link_info="FinalProjectwithCANAprilStarter_linkInfo.xml" --rom_model -o "FinalProjectwithCANAprilStarter.out" "./F28379dCAN.obj" "./F28379dSerial.obj" "./F2837xD_Adc.obj" "./F2837xD_CodeStartBranch.obj" "./F2837xD_CpuTimers.obj" "./F2837xD_DefaultISR.obj" "./F2837xD_EPwm.obj" "./F2837xD_GlobalVariableDefs.obj" "./F2837xD_Gpio.obj" "./F2837xD_PieCtrl.obj" "./F2837xD_PieVect.obj" "./F2837xD_Spi.obj" "./F2837xD_SysCtrl.obj" "./F2837xD_usDelay.obj" "./FinalProjectwithCANAprilStarter_main.obj" "./MatrixMath.obj" "./OptiTrack.obj" "./SE423Lib.obj" "./user_xy.obj" "./device/device.obj" "../2837xD_FLASH_lnk_cpu1.cmd" "../F2837xD_Headers_nonBIOS_cpu1.cmd" "C:/MARIUS_FINAL_PROJECT/se423_final_project/C2000Ware_4_01_00_00/libraries/dsp/FPU/c28/lib/c28x_fpu_dsp_library.lib" "C:/MARIUS_FINAL_PROJECT/se423_final_project/C2000Ware_4_01_00_00/driverlib/f2837xd/driverlib/ccs/Debug/driverlib.lib"  -llibc.a 
<Linking>
Finished building target: "FinalProjectwithCANAprilStarter.out"
 
C:/Program Files/C2Prog 2.x/c2p-cli mkehx --target=28379,378,377,375D-CPU01_SCI FinalProjectwithCANAprilStarter.out FlashIt.ehx
makefile:176: recipe for target 'post-build' failed
process_begin: CreateProcess(NULL, C:/Program Files/C2Prog 2.x/c2p-cli mkehx --target=28379,378,377,375D-CPU01_SCI FinalProjectwithCANAprilStarter.out FlashIt.ehx, ...) failed.
 
gmake[2]: [post-build] Error 2 (ignored)
 

**** Build Finished ****

**** Build of configuration CPU1_FLASH for project FinalProjectwithCANAprilStarter ****

"C:\\ti\\ccs1270\\ccs\\utils\\bin\\gmake" -k -j 12 all -O 
 
gmake[1]: 'FinalProjectwithCANAprilStarter.out' is up to date.

**** Build Finished ****

**** Build of configuration CPU1_FLASH for project FinalProjectwithCANAprilStarter ****

"C:\\ti\\ccs1270\\ccs\\utils\\bin\\gmake" -k -j 12 all -O 
 
Building file: "../FinalProjectwithCANAprilStarter_main.c"
Invoking: C2000 Compiler
"C:/ti/ccs1270/ccs/tools/compiler/ti-cgt-c2000_22.6.1.LTS/bin/cl2000" -v28 -ml -mt --cla_support=cla1 --float_support=fpu32 --tmu_support=tmu0 --vcu_support=vcu2 -Ooff --include_path="C:/MARIUS_FINAL_PROJECT/se423_final_project/workspace/FinalProjectwithCANAprilStarter" --include_path="C:/MARIUS_FINAL_PROJECT/se423_final_project/C2000Ware_4_01_00_00/device_support/f2837xd/common/include" --include_path="C:/MARIUS_FINAL_PROJECT/se423_final_project/C2000Ware_4_01_00_00/device_support/f2837xd/headers/include" --include_path="C:/MARIUS_FINAL_PROJECT/se423_final_project/workspace/FinalProjectwithCANAprilStarter/device" --include_path="C:/MARIUS_FINAL_PROJECT/se423_final_project/C2000Ware_4_01_00_00/driverlib/f2837xd/driverlib" --include_path="C:/MARIUS_FINAL_PROJECT/se423_final_project/C2000Ware_4_01_00_00/libraries/dsp/FPU/c28/include" --include_path="C:/ti/ccs1270/ccs/tools/compiler/ti-cgt-c2000_22.6.1.LTS/include" --define=DEBUG --define=_FLASH --define=_LAUNCHXL_F28379D --define=_DUAL_HEADERS --define=CPU1 --c11 --diag_suppress=10063 --diag_warning=225 --diag_wrap=off --display_error_number --abi=coffabi --preproc_with_compile --preproc_dependency="FinalProjectwithCANAprilStarter_main.d_raw"  "../FinalProjectwithCANAprilStarter_main.c"
"../FinalProjectwithCANAprilStarter_main.c", line 732 (col. 32): advice #2614-D: (Performance) Use --fp_mode=relaxed to enable TMU hardware support for FP division.
"../FinalProjectwithCANAprilStarter_main.c", line 1043 (col. 23): advice #2614-D: (Performance) Use --fp_mode=relaxed to enable TMU hardware support for cosf.
"../FinalProjectwithCANAprilStarter_main.c", line 1044 (col. 23): advice #2614-D: (Performance) Use --fp_mode=relaxed to enable TMU hardware support for sinf.
Finished building: "../FinalProjectwithCANAprilStarter_main.c"
 
Building target: "FinalProjectwithCANAprilStarter.out"
Invoking: C2000 Linker
"C:/ti/ccs1270/ccs/tools/compiler/ti-cgt-c2000_22.6.1.LTS/bin/cl2000" -v28 -ml -mt --cla_support=cla1 --float_support=fpu32 --tmu_support=tmu0 --vcu_support=vcu2 -Ooff --define=DEBUG --define=_FLASH --define=_LAUNCHXL_F28379D --define=_DUAL_HEADERS --define=CPU1 --c11 --diag_suppress=10063 --diag_warning=225 --diag_wrap=off --display_error_number --abi=coffabi -z -m"FinalProjectwithCANAprilStarter.map" --stack_size=0x800 --warn_sections -i"C:/ti/ccs1270/ccs/tools/compiler/ti-cgt-c2000_22.6.1.LTS/lib" -i"C:/ti/ccs1270/ccs/tools/compiler/ti-cgt-c2000_22.6.1.LTS/include" --reread_libs --diag_wrap=off --display_error_number --xml_link_info="FinalProjectwithCANAprilStarter_linkInfo.xml" --rom_model -o "FinalProjectwithCANAprilStarter.out" "./F28379dCAN.obj" "./F28379dSerial.obj" "./F2837xD_Adc.obj" "./F2837xD_CodeStartBranch.obj" "./F2837xD_CpuTimers.obj" "./F2837xD_DefaultISR.obj" "./F2837xD_EPwm.obj" "./F2837xD_GlobalVariableDefs.obj" "./F2837xD_Gpio.obj" "./F2837xD_PieCtrl.obj" "./F2837xD_PieVect.obj" "./F2837xD_Spi.obj" "./F2837xD_SysCtrl.obj" "./F2837xD_usDelay.obj" "./FinalProjectwithCANAprilStarter_main.obj" "./MatrixMath.obj" "./OptiTrack.obj" "./SE423Lib.obj" "./user_xy.obj" "./device/device.obj" "../2837xD_FLASH_lnk_cpu1.cmd" "../F2837xD_Headers_nonBIOS_cpu1.cmd" "C:/MARIUS_FINAL_PROJECT/se423_final_project/C2000Ware_4_01_00_00/libraries/dsp/FPU/c28/lib/c28x_fpu_dsp_library.lib" "C:/MARIUS_FINAL_PROJECT/se423_final_project/C2000Ware_4_01_00_00/driverlib/f2837xd/driverlib/ccs/Debug/driverlib.lib"  -llibc.a 
<Linking>
Finished building target: "FinalProjectwithCANAprilStarter.out"
 
C:/Program Files/C2Prog 2.x/c2p-cli mkehx --target=28379,378,377,375D-CPU01_SCI FinalProjectwithCANAprilStarter.out FlashIt.ehx
makefile:176: recipe for target 'post-build' failed
process_begin: CreateProcess(NULL, C:/Program Files/C2Prog 2.x/c2p-cli mkehx --target=28379,378,377,375D-CPU01_SCI FinalProjectwithCANAprilStarter.out FlashIt.ehx, ...) failed.
 
gmake[2]: [post-build] Error 2 (ignored)
 

**** Build Finished ****

**** Build of configuration CPU1_FLASH for project FinalProjectwithCANAprilStarter ****

"C:\\ti\\ccs1270\\ccs\\utils\\bin\\gmake" -k -j 12 all -O 
 
gmake[1]: 'FinalProjectwithCANAprilStarter.out' is up to date.

**** Build Finished ****

**** Build of configuration CPU1_FLASH for project FinalProjectwithCANAprilStarter ****

"C:\\ti\\ccs1270\\ccs\\utils\\bin\\gmake" -k -j 12 all -O 
 
Building file: "../FinalProjectwithCANAprilStarter_main.c"
Invoking: C2000 Compiler
"C:/ti/ccs1270/ccs/tools/compiler/ti-cgt-c2000_22.6.1.LTS/bin/cl2000" -v28 -ml -mt --cla_support=cla1 --float_support=fpu32 --tmu_support=tmu0 --vcu_support=vcu2 -Ooff --include_path="C:/MARIUS_FINAL_PROJECT/se423_final_project/workspace/FinalProjectwithCANAprilStarter" --include_path="C:/MARIUS_FINAL_PROJECT/se423_final_project/C2000Ware_4_01_00_00/device_support/f2837xd/common/include" --include_path="C:/MARIUS_FINAL_PROJECT/se423_final_project/C2000Ware_4_01_00_00/device_support/f2837xd/headers/include" --include_path="C:/MARIUS_FINAL_PROJECT/se423_final_project/workspace/FinalProjectwithCANAprilStarter/device" --include_path="C:/MARIUS_FINAL_PROJECT/se423_final_project/C2000Ware_4_01_00_00/driverlib/f2837xd/driverlib" --include_path="C:/MARIUS_FINAL_PROJECT/se423_final_project/C2000Ware_4_01_00_00/libraries/dsp/FPU/c28/include" --include_path="C:/ti/ccs1270/ccs/tools/compiler/ti-cgt-c2000_22.6.1.LTS/include" --define=DEBUG --define=_FLASH --define=_LAUNCHXL_F28379D --define=_DUAL_HEADERS --define=CPU1 --c11 --diag_suppress=10063 --diag_warning=225 --diag_wrap=off --display_error_number --abi=coffabi --preproc_with_compile --preproc_dependency="FinalProjectwithCANAprilStarter_main.d_raw"  "../FinalProjectwithCANAprilStarter_main.c"
"../FinalProjectwithCANAprilStarter_main.c", line 732 (col. 32): advice #2614-D: (Performance) Use --fp_mode=relaxed to enable TMU hardware support for FP division.
"../FinalProjectwithCANAprilStarter_main.c", line 1043 (col. 23): advice #2614-D: (Performance) Use --fp_mode=relaxed to enable TMU hardware support for cosf.
"../FinalProjectwithCANAprilStarter_main.c", line 1044 (col. 23): advice #2614-D: (Performance) Use --fp_mode=relaxed to enable TMU hardware support for sinf.
Finished building: "../FinalProjectwithCANAprilStarter_main.c"
 
Building target: "FinalProjectwithCANAprilStarter.out"
Invoking: C2000 Linker
"C:/ti/ccs1270/ccs/tools/compiler/ti-cgt-c2000_22.6.1.LTS/bin/cl2000" -v28 -ml -mt --cla_support=cla1 --float_support=fpu32 --tmu_support=tmu0 --vcu_support=vcu2 -Ooff --define=DEBUG --define=_FLASH --define=_LAUNCHXL_F28379D --define=_DUAL_HEADERS --define=CPU1 --c11 --diag_suppress=10063 --diag_warning=225 --diag_wrap=off --display_error_number --abi=coffabi -z -m"FinalProjectwithCANAprilStarter.map" --stack_size=0x800 --warn_sections -i"C:/ti/ccs1270/ccs/tools/compiler/ti-cgt-c2000_22.6.1.LTS/lib" -i"C:/ti/ccs1270/ccs/tools/compiler/ti-cgt-c2000_22.6.1.LTS/include" --reread_libs --diag_wrap=off --display_error_number --xml_link_info="FinalProjectwithCANAprilStarter_linkInfo.xml" --rom_model -o "FinalProjectwithCANAprilStarter.out" "./F28379dCAN.obj" "./F28379dSerial.obj" "./F2837xD_Adc.obj" "./F2837xD_CodeStartBranch.obj" "./F2837xD_CpuTimers.obj" "./F2837xD_DefaultISR.obj" "./F2837xD_EPwm.obj" "./F2837xD_GlobalVariableDefs.obj" "./F2837xD_Gpio.obj" "./F2837xD_PieCtrl.obj" "./F2837xD_PieVect.obj" "./F2837xD_Spi.obj" "./F2837xD_SysCtrl.obj" "./F2837xD_usDelay.obj" "./FinalProjectwithCANAprilStarter_main.obj" "./MatrixMath.obj" "./OptiTrack.obj" "./SE423Lib.obj" "./user_xy.obj" "./device/device.obj" "../2837xD_FLASH_lnk_cpu1.cmd" "../F2837xD_Headers_nonBIOS_cpu1.cmd" "C:/MARIUS_FINAL_PROJECT/se423_final_project/C2000Ware_4_01_00_00/libraries/dsp/FPU/c28/lib/c28x_fpu_dsp_library.lib" "C:/MARIUS_FINAL_PROJECT/se423_final_project/C2000Ware_4_01_00_00/driverlib/f2837xd/driverlib/ccs/Debug/driverlib.lib"  -llibc.a 
<Linking>
Finished building target: "FinalProjectwithCANAprilStarter.out"
 
C:/Program Files/C2Prog 2.x/c2p-cli mkehx --target=28379,378,377,375D-CPU01_SCI FinalProjectwithCANAprilStarter.out FlashIt.ehx
makefile:176: recipe for target 'post-build' failed
process_begin: CreateProcess(NULL, C:/Program Files/C2Prog 2.x/c2p-cli mkehx --target=28379,378,377,375D-CPU01_SCI FinalProjectwithCANAprilStarter.out FlashIt.ehx, ...) failed.
 
gmake[2]: [post-build] Error 2 (ignored)
 

**** Build Finished ****

**** Build of configuration CPU1_FLASH for project FinalProjectwithCANAprilStarter ****

"C:\\ti\\ccs1270\\ccs\\utils\\bin\\gmake" -k -j 12 all -O 
 
gmake[1]: 'FinalProjectwithCANAprilStarter.out' is up to date.

**** Build Finished ****

**** Build of configuration CPU1_FLASH for project FinalProjectwithCANAprilStarter ****

"C:\\ti\\ccs1270\\ccs\\utils\\bin\\gmake" -k -j 12 all -O 
 
Building file: "../FinalProjectwithCANAprilStarter_main.c"
Invoking: C2000 Compiler
"C:/ti/ccs1270/ccs/tools/compiler/ti-cgt-c2000_22.6.1.LTS/bin/cl2000" -v28 -ml -mt --cla_support=cla1 --float_support=fpu32 --tmu_support=tmu0 --vcu_support=vcu2 -Ooff --include_path="C:/MARIUS_FINAL_PROJECT/se423_final_project/workspace/FinalProjectwithCANAprilStarter" --include_path="C:/MARIUS_FINAL_PROJECT/se423_final_project/C2000Ware_4_01_00_00/device_support/f2837xd/common/include" --include_path="C:/MARIUS_FINAL_PROJECT/se423_final_project/C2000Ware_4_01_00_00/device_support/f2837xd/headers/include" --include_path="C:/MARIUS_FINAL_PROJECT/se423_final_project/workspace/FinalProjectwithCANAprilStarter/device" --include_path="C:/MARIUS_FINAL_PROJECT/se423_final_project/C2000Ware_4_01_00_00/driverlib/f2837xd/driverlib" --include_path="C:/MARIUS_FINAL_PROJECT/se423_final_project/C2000Ware_4_01_00_00/libraries/dsp/FPU/c28/include" --include_path="C:/ti/ccs1270/ccs/tools/compiler/ti-cgt-c2000_22.6.1.LTS/include" --define=DEBUG --define=_FLASH --define=_LAUNCHXL_F28379D --define=_DUAL_HEADERS --define=CPU1 --c11 --diag_suppress=10063 --diag_warning=225 --diag_wrap=off --display_error_number --abi=coffabi --preproc_with_compile --preproc_dependency="FinalProjectwithCANAprilStarter_main.d_raw"  "../FinalProjectwithCANAprilStarter_main.c"
"../FinalProjectwithCANAprilStarter_main.c", line 732 (col. 32): advice #2614-D: (Performance) Use --fp_mode=relaxed to enable TMU hardware support for FP division.
"../FinalProjectwithCANAprilStarter_main.c", line 1043 (col. 23): advice #2614-D: (Performance) Use --fp_mode=relaxed to enable TMU hardware support for cosf.
"../FinalProjectwithCANAprilStarter_main.c", line 1044 (col. 23): advice #2614-D: (Performance) Use --fp_mode=relaxed to enable TMU hardware support for sinf.
Finished building: "../FinalProjectwithCANAprilStarter_main.c"
 
Building target: "FinalProjectwithCANAprilStarter.out"
Invoking: C2000 Linker
"C:/ti/ccs1270/ccs/tools/compiler/ti-cgt-c2000_22.6.1.LTS/bin/cl2000" -v28 -ml -mt --cla_support=cla1 --float_support=fpu32 --tmu_support=tmu0 --vcu_support=vcu2 -Ooff --define=DEBUG --define=_FLASH --define=_LAUNCHXL_F28379D --define=_DUAL_HEADERS --define=CPU1 --c11 --diag_suppress=10063 --diag_warning=225 --diag_wrap=off --display_error_number --abi=coffabi -z -m"FinalProjectwithCANAprilStarter.map" --stack_size=0x800 --warn_sections -i"C:/ti/ccs1270/ccs/tools/compiler/ti-cgt-c2000_22.6.1.LTS/lib" -i"C:/ti/ccs1270/ccs/tools/compiler/ti-cgt-c2000_22.6.1.LTS/include" --reread_libs --diag_wrap=off --display_error_number --xml_link_info="FinalProjectwithCANAprilStarter_linkInfo.xml" --rom_model -o "FinalProjectwithCANAprilStarter.out" "./F28379dCAN.obj" "./F28379dSerial.obj" "./F2837xD_Adc.obj" "./F2837xD_CodeStartBranch.obj" "./F2837xD_CpuTimers.obj" "./F2837xD_DefaultISR.obj" "./F2837xD_EPwm.obj" "./F2837xD_GlobalVariableDefs.obj" "./F2837xD_Gpio.obj" "./F2837xD_PieCtrl.obj" "./F2837xD_PieVect.obj" "./F2837xD_Spi.obj" "./F2837xD_SysCtrl.obj" "./F2837xD_usDelay.obj" "./FinalProjectwithCANAprilStarter_main.obj" "./MatrixMath.obj" "./OptiTrack.obj" "./SE423Lib.obj" "./user_xy.obj" "./device/device.obj" "../2837xD_FLASH_lnk_cpu1.cmd" "../F2837xD_Headers_nonBIOS_cpu1.cmd" "C:/MARIUS_FINAL_PROJECT/se423_final_project/C2000Ware_4_01_00_00/libraries/dsp/FPU/c28/lib/c28x_fpu_dsp_library.lib" "C:/MARIUS_FINAL_PROJECT/se423_final_project/C2000Ware_4_01_00_00/driverlib/f2837xd/driverlib/ccs/Debug/driverlib.lib"  -llibc.a 
<Linking>
Finished building target: "FinalProjectwithCANAprilStarter.out"
 
C:/Program Files/C2Prog 2.x/c2p-cli mkehx --target=28379,378,377,375D-CPU01_SCI FinalProjectwithCANAprilStarter.out FlashIt.ehx
makefile:176: recipe for target 'post-build' failed
process_begin: CreateProcess(NULL, C:/Program Files/C2Prog 2.x/c2p-cli mkehx --target=28379,378,377,375D-CPU01_SCI FinalProjectwithCANAprilStarter.out FlashIt.ehx, ...) failed.
 
gmake[2]: [post-build] Error 2 (ignored)
 

**** Build Finished ****

**** Build of configuration CPU1_FLASH for project FinalProjectwithCANAprilStarter ****

"C:\\ti\\ccs1270\\ccs\\utils\\bin\\gmake" -k -j 12 all -O 
 
gmake[1]: 'FinalProjectwithCANAprilStarter.out' is up to date.

**** Build Finished ****

**** Build of configuration CPU1_FLASH for project FinalProjectwithCANAprilStarter ****

"C:\\ti\\ccs1270\\ccs\\utils\\bin\\gmake" -k -j 12 all -O 
 
Building file: "../FinalProjectwithCANAprilStarter_main.c"
Invoking: C2000 Compiler
"C:/ti/ccs1270/ccs/tools/compiler/ti-cgt-c2000_22.6.1.LTS/bin/cl2000" -v28 -ml -mt --cla_support=cla1 --float_support=fpu32 --tmu_support=tmu0 --vcu_support=vcu2 -Ooff --include_path="C:/MARIUS_FINAL_PROJECT/se423_final_project/workspace/FinalProjectwithCANAprilStarter" --include_path="C:/MARIUS_FINAL_PROJECT/se423_final_project/C2000Ware_4_01_00_00/device_support/f2837xd/common/include" --include_path="C:/MARIUS_FINAL_PROJECT/se423_final_project/C2000Ware_4_01_00_00/device_support/f2837xd/headers/include" --include_path="C:/MARIUS_FINAL_PROJECT/se423_final_project/workspace/FinalProjectwithCANAprilStarter/device" --include_path="C:/MARIUS_FINAL_PROJECT/se423_final_project/C2000Ware_4_01_00_00/driverlib/f2837xd/driverlib" --include_path="C:/MARIUS_FINAL_PROJECT/se423_final_project/C2000Ware_4_01_00_00/libraries/dsp/FPU/c28/include" --include_path="C:/ti/ccs1270/ccs/tools/compiler/ti-cgt-c2000_22.6.1.LTS/include" --define=DEBUG --define=_FLASH --define=_LAUNCHXL_F28379D --define=_DUAL_HEADERS --define=CPU1 --c11 --diag_suppress=10063 --diag_warning=225 --diag_wrap=off --display_error_number --abi=coffabi --preproc_with_compile --preproc_dependency="FinalProjectwithCANAprilStarter_main.d_raw"  "../FinalProjectwithCANAprilStarter_main.c"
"../FinalProjectwithCANAprilStarter_main.c", line 732 (col. 32): advice #2614-D: (Performance) Use --fp_mode=relaxed to enable TMU hardware support for FP division.
"../FinalProjectwithCANAprilStarter_main.c", line 1043 (col. 23): advice #2614-D: (Performance) Use --fp_mode=relaxed to enable TMU hardware support for cosf.
"../FinalProjectwithCANAprilStarter_main.c", line 1044 (col. 23): advice #2614-D: (Performance) Use --fp_mode=relaxed to enable TMU hardware support for sinf.
Finished building: "../FinalProjectwithCANAprilStarter_main.c"
 
Building target: "FinalProjectwithCANAprilStarter.out"
Invoking: C2000 Linker
"C:/ti/ccs1270/ccs/tools/compiler/ti-cgt-c2000_22.6.1.LTS/bin/cl2000" -v28 -ml -mt --cla_support=cla1 --float_support=fpu32 --tmu_support=tmu0 --vcu_support=vcu2 -Ooff --define=DEBUG --define=_FLASH --define=_LAUNCHXL_F28379D --define=_DUAL_HEADERS --define=CPU1 --c11 --diag_suppress=10063 --diag_warning=225 --diag_wrap=off --display_error_number --abi=coffabi -z -m"FinalProjectwithCANAprilStarter.map" --stack_size=0x800 --warn_sections -i"C:/ti/ccs1270/ccs/tools/compiler/ti-cgt-c2000_22.6.1.LTS/lib" -i"C:/ti/ccs1270/ccs/tools/compiler/ti-cgt-c2000_22.6.1.LTS/include" --reread_libs --diag_wrap=off --display_error_number --xml_link_info="FinalProjectwithCANAprilStarter_linkInfo.xml" --rom_model -o "FinalProjectwithCANAprilStarter.out" "./F28379dCAN.obj" "./F28379dSerial.obj" "./F2837xD_Adc.obj" "./F2837xD_CodeStartBranch.obj" "./F2837xD_CpuTimers.obj" "./F2837xD_DefaultISR.obj" "./F2837xD_EPwm.obj" "./F2837xD_GlobalVariableDefs.obj" "./F2837xD_Gpio.obj" "./F2837xD_PieCtrl.obj" "./F2837xD_PieVect.obj" "./F2837xD_Spi.obj" "./F2837xD_SysCtrl.obj" "./F2837xD_usDelay.obj" "./FinalProjectwithCANAprilStarter_main.obj" "./MatrixMath.obj" "./OptiTrack.obj" "./SE423Lib.obj" "./user_xy.obj" "./device/device.obj" "../2837xD_FLASH_lnk_cpu1.cmd" "../F2837xD_Headers_nonBIOS_cpu1.cmd" "C:/MARIUS_FINAL_PROJECT/se423_final_project/C2000Ware_4_01_00_00/libraries/dsp/FPU/c28/lib/c28x_fpu_dsp_library.lib" "C:/MARIUS_FINAL_PROJECT/se423_final_project/C2000Ware_4_01_00_00/driverlib/f2837xd/driverlib/ccs/Debug/driverlib.lib"  -llibc.a 
<Linking>
Finished building target: "FinalProjectwithCANAprilStarter.out"
 
C:/Program Files/C2Prog 2.x/c2p-cli mkehx --target=28379,378,377,375D-CPU01_SCI FinalProjectwithCANAprilStarter.out FlashIt.ehx
makefile:176: recipe for target 'post-build' failed
 
process_begin: CreateProcess(NULL, C:/Program Files/C2Prog 2.x/c2p-cli mkehx --target=28379,378,377,375D-CPU01_SCI FinalProjectwithCANAprilStarter.out FlashIt.ehx, ...) failed.
 
gmake[2]: [post-build] Error 2 (ignored)

**** Build Finished ****

**** Build of configuration CPU1_FLASH for project FinalProjectwithCANAprilStarter ****

"C:\\ti\\ccs1270\\ccs\\utils\\bin\\gmake" -k -j 12 all -O 
 
Building file: "../FinalProjectwithCANAprilStarter_main.c"
Invoking: C2000 Compiler
"C:/ti/ccs1270/ccs/tools/compiler/ti-cgt-c2000_22.6.1.LTS/bin/cl2000" -v28 -ml -mt --cla_support=cla1 --float_support=fpu32 --tmu_support=tmu0 --vcu_support=vcu2 -Ooff --include_path="C:/MARIUS_FINAL_PROJECT/se423_final_project/workspace/FinalProjectwithCANAprilStarter" --include_path="C:/MARIUS_FINAL_PROJECT/se423_final_project/C2000Ware_4_01_00_00/device_support/f2837xd/common/include" --include_path="C:/MARIUS_FINAL_PROJECT/se423_final_project/C2000Ware_4_01_00_00/device_support/f2837xd/headers/include" --include_path="C:/MARIUS_FINAL_PROJECT/se423_final_project/workspace/FinalProjectwithCANAprilStarter/device" --include_path="C:/MARIUS_FINAL_PROJECT/se423_final_project/C2000Ware_4_01_00_00/driverlib/f2837xd/driverlib" --include_path="C:/MARIUS_FINAL_PROJECT/se423_final_project/C2000Ware_4_01_00_00/libraries/dsp/FPU/c28/include" --include_path="C:/ti/ccs1270/ccs/tools/compiler/ti-cgt-c2000_22.6.1.LTS/include" --define=DEBUG --define=_FLASH --define=_LAUNCHXL_F28379D --define=_DUAL_HEADERS --define=CPU1 --c11 --diag_suppress=10063 --diag_warning=225 --diag_wrap=off --display_error_number --abi=coffabi --preproc_with_compile --preproc_dependency="FinalProjectwithCANAprilStarter_main.d_raw"  "../FinalProjectwithCANAprilStarter_main.c"
"../FinalProjectwithCANAprilStarter_main.c", line 732 (col. 32): advice #2614-D: (Performance) Use --fp_mode=relaxed to enable TMU hardware support for FP division.
"../FinalProjectwithCANAprilStarter_main.c", line 1043 (col. 23): advice #2614-D: (Performance) Use --fp_mode=relaxed to enable TMU hardware support for cosf.
"../FinalProjectwithCANAprilStarter_main.c", line 1044 (col. 23): advice #2614-D: (Performance) Use --fp_mode=relaxed to enable TMU hardware support for sinf.
Finished building: "../FinalProjectwithCANAprilStarter_main.c"
 
Building target: "FinalProjectwithCANAprilStarter.out"
Invoking: C2000 Linker
"C:/ti/ccs1270/ccs/tools/compiler/ti-cgt-c2000_22.6.1.LTS/bin/cl2000" -v28 -ml -mt --cla_support=cla1 --float_support=fpu32 --tmu_support=tmu0 --vcu_support=vcu2 -Ooff --define=DEBUG --define=_FLASH --define=_LAUNCHXL_F28379D --define=_DUAL_HEADERS --define=CPU1 --c11 --diag_suppress=10063 --diag_warning=225 --diag_wrap=off --display_error_number --abi=coffabi -z -m"FinalProjectwithCANAprilStarter.map" --stack_size=0x800 --warn_sections -i"C:/ti/ccs1270/ccs/tools/compiler/ti-cgt-c2000_22.6.1.LTS/lib" -i"C:/ti/ccs1270/ccs/tools/compiler/ti-cgt-c2000_22.6.1.LTS/include" --reread_libs --diag_wrap=off --display_error_number --xml_link_info="FinalProjectwithCANAprilStarter_linkInfo.xml" --rom_model -o "FinalProjectwithCANAprilStarter.out" "./F28379dCAN.obj" "./F28379dSerial.obj" "./F2837xD_Adc.obj" "./F2837xD_CodeStartBranch.obj" "./F2837xD_CpuTimers.obj" "./F2837xD_DefaultISR.obj" "./F2837xD_EPwm.obj" "./F2837xD_GlobalVariableDefs.obj" "./F2837xD_Gpio.obj" "./F2837xD_PieCtrl.obj" "./F2837xD_PieVect.obj" "./F2837xD_Spi.obj" "./F2837xD_SysCtrl.obj" "./F2837xD_usDelay.obj" "./FinalProjectwithCANAprilStarter_main.obj" "./MatrixMath.obj" "./OptiTrack.obj" "./SE423Lib.obj" "./user_xy.obj" "./device/device.obj" "../2837xD_FLASH_lnk_cpu1.cmd" "../F2837xD_Headers_nonBIOS_cpu1.cmd" "C:/MARIUS_FINAL_PROJECT/se423_final_project/C2000Ware_4_01_00_00/libraries/dsp/FPU/c28/lib/c28x_fpu_dsp_library.lib" "C:/MARIUS_FINAL_PROJECT/se423_final_project/C2000Ware_4_01_00_00/driverlib/f2837xd/driverlib/ccs/Debug/driverlib.lib"  -llibc.a 
<Linking>
Finished building target: "FinalProjectwithCANAprilStarter.out"
 
C:/Program Files/C2Prog 2.x/c2p-cli mkehx --target=28379,378,377,375D-CPU01_SCI FinalProjectwithCANAprilStarter.out FlashIt.ehx
makefile:176: recipe for target 'post-build' failed
process_begin: CreateProcess(NULL, C:/Program Files/C2Prog 2.x/c2p-cli mkehx --target=28379,378,377,375D-CPU01_SCI FinalProjectwithCANAprilStarter.out FlashIt.ehx, ...) failed.
 
gmake[2]: [post-build] Error 2 (ignored)
 

**** Build Finished ****

**** Build of configuration CPU1_FLASH for project FinalProjectwithCANAprilStarter ****

"C:\\ti\\ccs1270\\ccs\\utils\\bin\\gmake" -k -j 12 all -O 
 
gmake[1]: 'FinalProjectwithCANAprilStarter.out' is up to date.

**** Build Finished ****

**** Build of configuration CPU1_FLASH for project FinalProjectwithCANAprilStarter ****

"C:\\ti\\ccs1270\\ccs\\utils\\bin\\gmake" -k -j 12 all -O 
 
gmake[1]: 'FinalProjectwithCANAprilStarter.out' is up to date.

**** Build Finished ****

**** Build of configuration CPU1_FLASH for project FinalProjectwithCANAprilStarter ****

"C:\\ti\\ccs1270\\ccs\\utils\\bin\\gmake" -k -j 12 all -O 
 
gmake[1]: 'FinalProjectwithCANAprilStarter.out' is up to date.

**** Build Finished ****

**** Build of configuration CPU1_FLASH for project FinalProjectwithCANAprilStarter ****

"C:\\ti\\ccs1270\\ccs\\utils\\bin\\gmake" -k -j 12 all -O 
 
gmake[1]: 'FinalProjectwithCANAprilStarter.out' is up to date.

**** Build Finished ****

**** Build of configuration CPU1_FLASH for project FinalProjectwithCANAprilStarter ****

"C:\\ti\\ccs1270\\ccs\\utils\\bin\\gmake" -k -j 12 all -O 
 
gmake[1]: 'FinalProjectwithCANAprilStarter.out' is up to date.

**** Build Finished ****

**** Build of configuration CPU1_FLASH for project FinalProjectwithCANAprilStarter ****

"C:\\ti\\ccs1270\\ccs\\utils\\bin\\gmake" -k -j 12 all -O 
 
Building file: "../FinalProjectwithCANAprilStarter_main.c"
Invoking: C2000 Compiler
"C:/ti/ccs1270/ccs/tools/compiler/ti-cgt-c2000_22.6.1.LTS/bin/cl2000" -v28 -ml -mt --cla_support=cla1 --float_support=fpu32 --tmu_support=tmu0 --vcu_support=vcu2 -Ooff --include_path="C:/MARIUS_FINAL_PROJECT/se423_final_project/workspace/FinalProjectwithCANAprilStarter" --include_path="C:/MARIUS_FINAL_PROJECT/se423_final_project/C2000Ware_4_01_00_00/device_support/f2837xd/common/include" --include_path="C:/MARIUS_FINAL_PROJECT/se423_final_project/C2000Ware_4_01_00_00/device_support/f2837xd/headers/include" --include_path="C:/MARIUS_FINAL_PROJECT/se423_final_project/workspace/FinalProjectwithCANAprilStarter/device" --include_path="C:/MARIUS_FINAL_PROJECT/se423_final_project/C2000Ware_4_01_00_00/driverlib/f2837xd/driverlib" --include_path="C:/MARIUS_FINAL_PROJECT/se423_final_project/C2000Ware_4_01_00_00/libraries/dsp/FPU/c28/include" --include_path="C:/ti/ccs1270/ccs/tools/compiler/ti-cgt-c2000_22.6.1.LTS/include" --define=DEBUG --define=_FLASH --define=_LAUNCHXL_F28379D --define=_DUAL_HEADERS --define=CPU1 --c11 --diag_suppress=10063 --diag_warning=225 --diag_wrap=off --display_error_number --abi=coffabi --preproc_with_compile --preproc_dependency="FinalProjectwithCANAprilStarter_main.d_raw"  "../FinalProjectwithCANAprilStarter_main.c"
"../FinalProjectwithCANAprilStarter_main.c", line 732 (col. 32): advice #2614-D: (Performance) Use --fp_mode=relaxed to enable TMU hardware support for FP division.
"../FinalProjectwithCANAprilStarter_main.c", line 1043 (col. 23): advice #2614-D: (Performance) Use --fp_mode=relaxed to enable TMU hardware support for cosf.
"../FinalProjectwithCANAprilStarter_main.c", line 1044 (col. 23): advice #2614-D: (Performance) Use --fp_mode=relaxed to enable TMU hardware support for sinf.
Finished building: "../FinalProjectwithCANAprilStarter_main.c"
 
Building target: "FinalProjectwithCANAprilStarter.out"
Invoking: C2000 Linker
"C:/ti/ccs1270/ccs/tools/compiler/ti-cgt-c2000_22.6.1.LTS/bin/cl2000" -v28 -ml -mt --cla_support=cla1 --float_support=fpu32 --tmu_support=tmu0 --vcu_support=vcu2 -Ooff --define=DEBUG --define=_FLASH --define=_LAUNCHXL_F28379D --define=_DUAL_HEADERS --define=CPU1 --c11 --diag_suppress=10063 --diag_warning=225 --diag_wrap=off --display_error_number --abi=coffabi -z -m"FinalProjectwithCANAprilStarter.map" --stack_size=0x800 --warn_sections -i"C:/ti/ccs1270/ccs/tools/compiler/ti-cgt-c2000_22.6.1.LTS/lib" -i"C:/ti/ccs1270/ccs/tools/compiler/ti-cgt-c2000_22.6.1.LTS/include" --reread_libs --diag_wrap=off --display_error_number --xml_link_info="FinalProjectwithCANAprilStarter_linkInfo.xml" --rom_model -o "FinalProjectwithCANAprilStarter.out" "./F28379dCAN.obj" "./F28379dSerial.obj" "./F2837xD_Adc.obj" "./F2837xD_CodeStartBranch.obj" "./F2837xD_CpuTimers.obj" "./F2837xD_DefaultISR.obj" "./F2837xD_EPwm.obj" "./F2837xD_GlobalVariableDefs.obj" "./F2837xD_Gpio.obj" "./F2837xD_PieCtrl.obj" "./F2837xD_PieVect.obj" "./F2837xD_Spi.obj" "./F2837xD_SysCtrl.obj" "./F2837xD_usDelay.obj" "./FinalProjectwithCANAprilStarter_main.obj" "./MatrixMath.obj" "./OptiTrack.obj" "./SE423Lib.obj" "./user_xy.obj" "./device/device.obj" "../2837xD_FLASH_lnk_cpu1.cmd" "../F2837xD_Headers_nonBIOS_cpu1.cmd" "C:/MARIUS_FINAL_PROJECT/se423_final_project/C2000Ware_4_01_00_00/libraries/dsp/FPU/c28/lib/c28x_fpu_dsp_library.lib" "C:/MARIUS_FINAL_PROJECT/se423_final_project/C2000Ware_4_01_00_00/driverlib/f2837xd/driverlib/ccs/Debug/driverlib.lib"  -llibc.a 
<Linking>
Finished building target: "FinalProjectwithCANAprilStarter.out"
 
C:/Program Files/C2Prog 2.x/c2p-cli mkehx --target=28379,378,377,375D-CPU01_SCI FinalProjectwithCANAprilStarter.out FlashIt.ehx
makefile:176: recipe for target 'post-build' failed
process_begin: CreateProcess(NULL, C:/Program Files/C2Prog 2.x/c2p-cli mkehx --target=28379,378,377,375D-CPU01_SCI FinalProjectwithCANAprilStarter.out FlashIt.ehx, ...) failed.
 
gmake[2]: [post-build] Error 2 (ignored)
 

**** Build Finished ****

**** Build of configuration CPU1_FLASH for project FinalProjectwithCANAprilStarter ****

"C:\\ti\\ccs1270\\ccs\\utils\\bin\\gmake" -k -j 12 all -O 
 
gmake[1]: 'FinalProjectwithCANAprilStarter.out' is up to date.

**** Build Finished ****

**** Build of configuration CPU1_FLASH for project FinalProjectwithCANAprilStarter ****

"C:\\ti\\ccs1270\\ccs\\utils\\bin\\gmake" -k -j 12 all -O 
 
gmake[1]: 'FinalProjectwithCANAprilStarter.out' is up to date.

**** Build Finished ****

**** Build of configuration CPU1_FLASH for project FinalProjectwithCANAprilStarter ****

"C:\\ti\\ccs1270\\ccs\\utils\\bin\\gmake" -k -j 12 all -O 
 
Building file: "../FinalProjectwithCANAprilStarter_main.c"
Invoking: C2000 Compiler
"C:/ti/ccs1270/ccs/tools/compiler/ti-cgt-c2000_22.6.1.LTS/bin/cl2000" -v28 -ml -mt --cla_support=cla1 --float_support=fpu32 --tmu_support=tmu0 --vcu_support=vcu2 -Ooff --include_path="C:/MARIUS_FINAL_PROJECT/se423_final_project/workspace/FinalProjectwithCANAprilStarter" --include_path="C:/MARIUS_FINAL_PROJECT/se423_final_project/C2000Ware_4_01_00_00/device_support/f2837xd/common/include" --include_path="C:/MARIUS_FINAL_PROJECT/se423_final_project/C2000Ware_4_01_00_00/device_support/f2837xd/headers/include" --include_path="C:/MARIUS_FINAL_PROJECT/se423_final_project/workspace/FinalProjectwithCANAprilStarter/device" --include_path="C:/MARIUS_FINAL_PROJECT/se423_final_project/C2000Ware_4_01_00_00/driverlib/f2837xd/driverlib" --include_path="C:/MARIUS_FINAL_PROJECT/se423_final_project/C2000Ware_4_01_00_00/libraries/dsp/FPU/c28/include" --include_path="C:/ti/ccs1270/ccs/tools/compiler/ti-cgt-c2000_22.6.1.LTS/include" --define=DEBUG --define=_FLASH --define=_LAUNCHXL_F28379D --define=_DUAL_HEADERS --define=CPU1 --c11 --diag_suppress=10063 --diag_warning=225 --diag_wrap=off --display_error_number --abi=coffabi --preproc_with_compile --preproc_dependency="FinalProjectwithCANAprilStarter_main.d_raw"  "../FinalProjectwithCANAprilStarter_main.c"
"../FinalProjectwithCANAprilStarter_main.c", line 732 (col. 32): advice #2614-D: (Performance) Use --fp_mode=relaxed to enable TMU hardware support for FP division.
"../FinalProjectwithCANAprilStarter_main.c", line 1043 (col. 23): advice #2614-D: (Performance) Use --fp_mode=relaxed to enable TMU hardware support for cosf.
"../FinalProjectwithCANAprilStarter_main.c", line 1044 (col. 23): advice #2614-D: (Performance) Use --fp_mode=relaxed to enable TMU hardware support for sinf.
Finished building: "../FinalProjectwithCANAprilStarter_main.c"
 
Building target: "FinalProjectwithCANAprilStarter.out"
Invoking: C2000 Linker
"C:/ti/ccs1270/ccs/tools/compiler/ti-cgt-c2000_22.6.1.LTS/bin/cl2000" -v28 -ml -mt --cla_support=cla1 --float_support=fpu32 --tmu_support=tmu0 --vcu_support=vcu2 -Ooff --define=DEBUG --define=_FLASH --define=_LAUNCHXL_F28379D --define=_DUAL_HEADERS --define=CPU1 --c11 --diag_suppress=10063 --diag_warning=225 --diag_wrap=off --display_error_number --abi=coffabi -z -m"FinalProjectwithCANAprilStarter.map" --stack_size=0x800 --warn_sections -i"C:/ti/ccs1270/ccs/tools/compiler/ti-cgt-c2000_22.6.1.LTS/lib" -i"C:/ti/ccs1270/ccs/tools/compiler/ti-cgt-c2000_22.6.1.LTS/include" --reread_libs --diag_wrap=off --display_error_number --xml_link_info="FinalProjectwithCANAprilStarter_linkInfo.xml" --rom_model -o "FinalProjectwithCANAprilStarter.out" "./F28379dCAN.obj" "./F28379dSerial.obj" "./F2837xD_Adc.obj" "./F2837xD_CodeStartBranch.obj" "./F2837xD_CpuTimers.obj" "./F2837xD_DefaultISR.obj" "./F2837xD_EPwm.obj" "./F2837xD_GlobalVariableDefs.obj" "./F2837xD_Gpio.obj" "./F2837xD_PieCtrl.obj" "./F2837xD_PieVect.obj" "./F2837xD_Spi.obj" "./F2837xD_SysCtrl.obj" "./F2837xD_usDelay.obj" "./FinalProjectwithCANAprilStarter_main.obj" "./MatrixMath.obj" "./OptiTrack.obj" "./SE423Lib.obj" "./user_xy.obj" "./device/device.obj" "../2837xD_FLASH_lnk_cpu1.cmd" "../F2837xD_Headers_nonBIOS_cpu1.cmd" "C:/MARIUS_FINAL_PROJECT/se423_final_project/C2000Ware_4_01_00_00/libraries/dsp/FPU/c28/lib/c28x_fpu_dsp_library.lib" "C:/MARIUS_FINAL_PROJECT/se423_final_project/C2000Ware_4_01_00_00/driverlib/f2837xd/driverlib/ccs/Debug/driverlib.lib"  -llibc.a 
<Linking>
Finished building target: "FinalProjectwithCANAprilStarter.out"
 
C:/Program Files/C2Prog 2.x/c2p-cli mkehx --target=28379,378,377,375D-CPU01_SCI FinalProjectwithCANAprilStarter.out FlashIt.ehx
makefile:176: recipe for target 'post-build' failed
process_begin: CreateProcess(NULL, C:/Program Files/C2Prog 2.x/c2p-cli mkehx --target=28379,378,377,375D-CPU01_SCI FinalProjectwithCANAprilStarter.out FlashIt.ehx, ...) failed.
 
gmake[2]: [post-build] Error 2 (ignored)
 

**** Build Finished ****

**** Build of configuration CPU1_FLASH for project FinalProjectwithCANAprilStarter ****

"C:\\ti\\ccs1270\\ccs\\utils\\bin\\gmake" -k -j 12 all -O 
 
Building file: "../FinalProjectwithCANAprilStarter_main.c"
Invoking: C2000 Compiler
"C:/ti/ccs1270/ccs/tools/compiler/ti-cgt-c2000_22.6.1.LTS/bin/cl2000" -v28 -ml -mt --cla_support=cla1 --float_support=fpu32 --tmu_support=tmu0 --vcu_support=vcu2 -Ooff --include_path="C:/MARIUS_FINAL_PROJECT/se423_final_project/workspace/FinalProjectwithCANAprilStarter" --include_path="C:/MARIUS_FINAL_PROJECT/se423_final_project/C2000Ware_4_01_00_00/device_support/f2837xd/common/include" --include_path="C:/MARIUS_FINAL_PROJECT/se423_final_project/C2000Ware_4_01_00_00/device_support/f2837xd/headers/include" --include_path="C:/MARIUS_FINAL_PROJECT/se423_final_project/workspace/FinalProjectwithCANAprilStarter/device" --include_path="C:/MARIUS_FINAL_PROJECT/se423_final_project/C2000Ware_4_01_00_00/driverlib/f2837xd/driverlib" --include_path="C:/MARIUS_FINAL_PROJECT/se423_final_project/C2000Ware_4_01_00_00/libraries/dsp/FPU/c28/include" --include_path="C:/ti/ccs1270/ccs/tools/compiler/ti-cgt-c2000_22.6.1.LTS/include" --define=DEBUG --define=_FLASH --define=_LAUNCHXL_F28379D --define=_DUAL_HEADERS --define=CPU1 --c11 --diag_suppress=10063 --diag_warning=225 --diag_wrap=off --display_error_number --abi=coffabi --preproc_with_compile --preproc_dependency="FinalProjectwithCANAprilStarter_main.d_raw"  "../FinalProjectwithCANAprilStarter_main.c"
"../FinalProjectwithCANAprilStarter_main.c", line 732 (col. 32): advice #2614-D: (Performance) Use --fp_mode=relaxed to enable TMU hardware support for FP division.
"../FinalProjectwithCANAprilStarter_main.c", line 1043 (col. 23): advice #2614-D: (Performance) Use --fp_mode=relaxed to enable TMU hardware support for cosf.
"../FinalProjectwithCANAprilStarter_main.c", line 1044 (col. 23): advice #2614-D: (Performance) Use --fp_mode=relaxed to enable TMU hardware support for sinf.
Finished building: "../FinalProjectwithCANAprilStarter_main.c"
 
Building target: "FinalProjectwithCANAprilStarter.out"
Invoking: C2000 Linker
"C:/ti/ccs1270/ccs/tools/compiler/ti-cgt-c2000_22.6.1.LTS/bin/cl2000" -v28 -ml -mt --cla_support=cla1 --float_support=fpu32 --tmu_support=tmu0 --vcu_support=vcu2 -Ooff --define=DEBUG --define=_FLASH --define=_LAUNCHXL_F28379D --define=_DUAL_HEADERS --define=CPU1 --c11 --diag_suppress=10063 --diag_warning=225 --diag_wrap=off --display_error_number --abi=coffabi -z -m"FinalProjectwithCANAprilStarter.map" --stack_size=0x800 --warn_sections -i"C:/ti/ccs1270/ccs/tools/compiler/ti-cgt-c2000_22.6.1.LTS/lib" -i"C:/ti/ccs1270/ccs/tools/compiler/ti-cgt-c2000_22.6.1.LTS/include" --reread_libs --diag_wrap=off --display_error_number --xml_link_info="FinalProjectwithCANAprilStarter_linkInfo.xml" --rom_model -o "FinalProjectwithCANAprilStarter.out" "./F28379dCAN.obj" "./F28379dSerial.obj" "./F2837xD_Adc.obj" "./F2837xD_CodeStartBranch.obj" "./F2837xD_CpuTimers.obj" "./F2837xD_DefaultISR.obj" "./F2837xD_EPwm.obj" "./F2837xD_GlobalVariableDefs.obj" "./F2837xD_Gpio.obj" "./F2837xD_PieCtrl.obj" "./F2837xD_PieVect.obj" "./F2837xD_Spi.obj" "./F2837xD_SysCtrl.obj" "./F2837xD_usDelay.obj" "./FinalProjectwithCANAprilStarter_main.obj" "./MatrixMath.obj" "./OptiTrack.obj" "./SE423Lib.obj" "./user_xy.obj" "./device/device.obj" "../2837xD_FLASH_lnk_cpu1.cmd" "../F2837xD_Headers_nonBIOS_cpu1.cmd" "C:/MARIUS_FINAL_PROJECT/se423_final_project/C2000Ware_4_01_00_00/libraries/dsp/FPU/c28/lib/c28x_fpu_dsp_library.lib" "C:/MARIUS_FINAL_PROJECT/se423_final_project/C2000Ware_4_01_00_00/driverlib/f2837xd/driverlib/ccs/Debug/driverlib.lib"  -llibc.a 
<Linking>
Finished building target: "FinalProjectwithCANAprilStarter.out"
 
C:/Program Files/C2Prog 2.x/c2p-cli mkehx --target=28379,378,377,375D-CPU01_SCI FinalProjectwithCANAprilStarter.out FlashIt.ehx
makefile:176: recipe for target 'post-build' failed
process_begin: CreateProcess(NULL, C:/Program Files/C2Prog 2.x/c2p-cli mkehx --target=28379,378,377,375D-CPU01_SCI FinalProjectwithCANAprilStarter.out FlashIt.ehx, ...) failed.
 
gmake[2]: [post-build] Error 2 (ignored)
 

**** Build Finished ****

**** Build of configuration CPU1_FLASH for project FinalProjectwithCANAprilStarter ****

"C:\\ti\\ccs1270\\ccs\\utils\\bin\\gmake" -k -j 12 all -O 
 
Building file: "../FinalProjectwithCANAprilStarter_main.c"
Invoking: C2000 Compiler
"C:/ti/ccs1270/ccs/tools/compiler/ti-cgt-c2000_22.6.1.LTS/bin/cl2000" -v28 -ml -mt --cla_support=cla1 --float_support=fpu32 --tmu_support=tmu0 --vcu_support=vcu2 -Ooff --include_path="C:/MARIUS_FINAL_PROJECT/se423_final_project/workspace/FinalProjectwithCANAprilStarter" --include_path="C:/MARIUS_FINAL_PROJECT/se423_final_project/C2000Ware_4_01_00_00/device_support/f2837xd/common/include" --include_path="C:/MARIUS_FINAL_PROJECT/se423_final_project/C2000Ware_4_01_00_00/device_support/f2837xd/headers/include" --include_path="C:/MARIUS_FINAL_PROJECT/se423_final_project/workspace/FinalProjectwithCANAprilStarter/device" --include_path="C:/MARIUS_FINAL_PROJECT/se423_final_project/C2000Ware_4_01_00_00/driverlib/f2837xd/driverlib" --include_path="C:/MARIUS_FINAL_PROJECT/se423_final_project/C2000Ware_4_01_00_00/libraries/dsp/FPU/c28/include" --include_path="C:/ti/ccs1270/ccs/tools/compiler/ti-cgt-c2000_22.6.1.LTS/include" --define=DEBUG --define=_FLASH --define=_LAUNCHXL_F28379D --define=_DUAL_HEADERS --define=CPU1 --c11 --diag_suppress=10063 --diag_warning=225 --diag_wrap=off --display_error_number --abi=coffabi --preproc_with_compile --preproc_dependency="FinalProjectwithCANAprilStarter_main.d_raw"  "../FinalProjectwithCANAprilStarter_main.c"
"../FinalProjectwithCANAprilStarter_main.c", line 732 (col. 32): advice #2614-D: (Performance) Use --fp_mode=relaxed to enable TMU hardware support for FP division.
"../FinalProjectwithCANAprilStarter_main.c", line 1043 (col. 23): advice #2614-D: (Performance) Use --fp_mode=relaxed to enable TMU hardware support for cosf.
"../FinalProjectwithCANAprilStarter_main.c", line 1044 (col. 23): advice #2614-D: (Performance) Use --fp_mode=relaxed to enable TMU hardware support for sinf.
Finished building: "../FinalProjectwithCANAprilStarter_main.c"
 
Building target: "FinalProjectwithCANAprilStarter.out"
Invoking: C2000 Linker
"C:/ti/ccs1270/ccs/tools/compiler/ti-cgt-c2000_22.6.1.LTS/bin/cl2000" -v28 -ml -mt --cla_support=cla1 --float_support=fpu32 --tmu_support=tmu0 --vcu_support=vcu2 -Ooff --define=DEBUG --define=_FLASH --define=_LAUNCHXL_F28379D --define=_DUAL_HEADERS --define=CPU1 --c11 --diag_suppress=10063 --diag_warning=225 --diag_wrap=off --display_error_number --abi=coffabi -z -m"FinalProjectwithCANAprilStarter.map" --stack_size=0x800 --warn_sections -i"C:/ti/ccs1270/ccs/tools/compiler/ti-cgt-c2000_22.6.1.LTS/lib" -i"C:/ti/ccs1270/ccs/tools/compiler/ti-cgt-c2000_22.6.1.LTS/include" --reread_libs --diag_wrap=off --display_error_number --xml_link_info="FinalProjectwithCANAprilStarter_linkInfo.xml" --rom_model -o "FinalProjectwithCANAprilStarter.out" "./F28379dCAN.obj" "./F28379dSerial.obj" "./F2837xD_Adc.obj" "./F2837xD_CodeStartBranch.obj" "./F2837xD_CpuTimers.obj" "./F2837xD_DefaultISR.obj" "./F2837xD_EPwm.obj" "./F2837xD_GlobalVariableDefs.obj" "./F2837xD_Gpio.obj" "./F2837xD_PieCtrl.obj" "./F2837xD_PieVect.obj" "./F2837xD_Spi.obj" "./F2837xD_SysCtrl.obj" "./F2837xD_usDelay.obj" "./FinalProjectwithCANAprilStarter_main.obj" "./MatrixMath.obj" "./OptiTrack.obj" "./SE423Lib.obj" "./user_xy.obj" "./device/device.obj" "../2837xD_FLASH_lnk_cpu1.cmd" "../F2837xD_Headers_nonBIOS_cpu1.cmd" "C:/MARIUS_FINAL_PROJECT/se423_final_project/C2000Ware_4_01_00_00/libraries/dsp/FPU/c28/lib/c28x_fpu_dsp_library.lib" "C:/MARIUS_FINAL_PROJECT/se423_final_project/C2000Ware_4_01_00_00/driverlib/f2837xd/driverlib/ccs/Debug/driverlib.lib"  -llibc.a 
<Linking>
Finished building target: "FinalProjectwithCANAprilStarter.out"
 
C:/Program Files/C2Prog 2.x/c2p-cli mkehx --target=28379,378,377,375D-CPU01_SCI FinalProjectwithCANAprilStarter.out FlashIt.ehx
makefile:176: recipe for target 'post-build' failed
process_begin: CreateProcess(NULL, C:/Program Files/C2Prog 2.x/c2p-cli mkehx --target=28379,378,377,375D-CPU01_SCI FinalProjectwithCANAprilStarter.out FlashIt.ehx, ...) failed.
 
gmake[2]: [post-build] Error 2 (ignored)
 

**** Build Finished ****

**** Build of configuration CPU1_FLASH for project FinalProjectwithCANAprilStarter ****

"C:\\ti\\ccs1270\\ccs\\utils\\bin\\gmake" -k -j 12 all -O 
 
Building file: "../FinalProjectwithCANAprilStarter_main.c"
Invoking: C2000 Compiler
"C:/ti/ccs1270/ccs/tools/compiler/ti-cgt-c2000_22.6.1.LTS/bin/cl2000" -v28 -ml -mt --cla_support=cla1 --float_support=fpu32 --tmu_support=tmu0 --vcu_support=vcu2 -Ooff --include_path="C:/MARIUS_FINAL_PROJECT/se423_final_project/workspace/FinalProjectwithCANAprilStarter" --include_path="C:/MARIUS_FINAL_PROJECT/se423_final_project/C2000Ware_4_01_00_00/device_support/f2837xd/common/include" --include_path="C:/MARIUS_FINAL_PROJECT/se423_final_project/C2000Ware_4_01_00_00/device_support/f2837xd/headers/include" --include_path="C:/MARIUS_FINAL_PROJECT/se423_final_project/workspace/FinalProjectwithCANAprilStarter/device" --include_path="C:/MARIUS_FINAL_PROJECT/se423_final_project/C2000Ware_4_01_00_00/driverlib/f2837xd/driverlib" --include_path="C:/MARIUS_FINAL_PROJECT/se423_final_project/C2000Ware_4_01_00_00/libraries/dsp/FPU/c28/include" --include_path="C:/ti/ccs1270/ccs/tools/compiler/ti-cgt-c2000_22.6.1.LTS/include" --define=DEBUG --define=_FLASH --define=_LAUNCHXL_F28379D --define=_DUAL_HEADERS --define=CPU1 --c11 --diag_suppress=10063 --diag_warning=225 --diag_wrap=off --display_error_number --abi=coffabi --preproc_with_compile --preproc_dependency="FinalProjectwithCANAprilStarter_main.d_raw"  "../FinalProjectwithCANAprilStarter_main.c"
"../FinalProjectwithCANAprilStarter_main.c", line 732 (col. 32): advice #2614-D: (Performance) Use --fp_mode=relaxed to enable TMU hardware support for FP division.
"../FinalProjectwithCANAprilStarter_main.c", line 1043 (col. 23): advice #2614-D: (Performance) Use --fp_mode=relaxed to enable TMU hardware support for cosf.
"../FinalProjectwithCANAprilStarter_main.c", line 1044 (col. 23): advice #2614-D: (Performance) Use --fp_mode=relaxed to enable TMU hardware support for sinf.
Finished building: "../FinalProjectwithCANAprilStarter_main.c"
 
Building target: "FinalProjectwithCANAprilStarter.out"
Invoking: C2000 Linker
"C:/ti/ccs1270/ccs/tools/compiler/ti-cgt-c2000_22.6.1.LTS/bin/cl2000" -v28 -ml -mt --cla_support=cla1 --float_support=fpu32 --tmu_support=tmu0 --vcu_support=vcu2 -Ooff --define=DEBUG --define=_FLASH --define=_LAUNCHXL_F28379D --define=_DUAL_HEADERS --define=CPU1 --c11 --diag_suppress=10063 --diag_warning=225 --diag_wrap=off --display_error_number --abi=coffabi -z -m"FinalProjectwithCANAprilStarter.map" --stack_size=0x800 --warn_sections -i"C:/ti/ccs1270/ccs/tools/compiler/ti-cgt-c2000_22.6.1.LTS/lib" -i"C:/ti/ccs1270/ccs/tools/compiler/ti-cgt-c2000_22.6.1.LTS/include" --reread_libs --diag_wrap=off --display_error_number --xml_link_info="FinalProjectwithCANAprilStarter_linkInfo.xml" --rom_model -o "FinalProjectwithCANAprilStarter.out" "./F28379dCAN.obj" "./F28379dSerial.obj" "./F2837xD_Adc.obj" "./F2837xD_CodeStartBranch.obj" "./F2837xD_CpuTimers.obj" "./F2837xD_DefaultISR.obj" "./F2837xD_EPwm.obj" "./F2837xD_GlobalVariableDefs.obj" "./F2837xD_Gpio.obj" "./F2837xD_PieCtrl.obj" "./F2837xD_PieVect.obj" "./F2837xD_Spi.obj" "./F2837xD_SysCtrl.obj" "./F2837xD_usDelay.obj" "./FinalProjectwithCANAprilStarter_main.obj" "./MatrixMath.obj" "./OptiTrack.obj" "./SE423Lib.obj" "./user_xy.obj" "./device/device.obj" "../2837xD_FLASH_lnk_cpu1.cmd" "../F2837xD_Headers_nonBIOS_cpu1.cmd" "C:/MARIUS_FINAL_PROJECT/se423_final_project/C2000Ware_4_01_00_00/libraries/dsp/FPU/c28/lib/c28x_fpu_dsp_library.lib" "C:/MARIUS_FINAL_PROJECT/se423_final_project/C2000Ware_4_01_00_00/driverlib/f2837xd/driverlib/ccs/Debug/driverlib.lib"  -llibc.a 
<Linking>
Finished building target: "FinalProjectwithCANAprilStarter.out"
 
C:/Program Files/C2Prog 2.x/c2p-cli mkehx --target=28379,378,377,375D-CPU01_SCI FinalProjectwithCANAprilStarter.out FlashIt.ehx
makefile:176: recipe for target 'post-build' failed
 
process_begin: CreateProcess(NULL, C:/Program Files/C2Prog 2.x/c2p-cli mkehx --target=28379,378,377,375D-CPU01_SCI FinalProjectwithCANAprilStarter.out FlashIt.ehx, ...) failed.
 
gmake[2]: [post-build] Error 2 (ignored)

**** Build Finished ****

**** Build of configuration CPU1_FLASH for project FinalProjectwithCANAprilStarter ****

"C:\\ti\\ccs1270\\ccs\\utils\\bin\\gmake" -k -j 12 all -O 
 
gmake[1]: 'FinalProjectwithCANAprilStarter.out' is up to date.

**** Build Finished ****

**** Build of configuration CPU1_FLASH for project FinalProjectwithCANAprilStarter ****

"C:\\ti\\ccs1270\\ccs\\utils\\bin\\gmake" -k -j 12 all -O 
 
Building file: "../FinalProjectwithCANAprilStarter_main.c"
Invoking: C2000 Compiler
"C:/ti/ccs1270/ccs/tools/compiler/ti-cgt-c2000_22.6.1.LTS/bin/cl2000" -v28 -ml -mt --cla_support=cla1 --float_support=fpu32 --tmu_support=tmu0 --vcu_support=vcu2 -Ooff --include_path="C:/MARIUS_FINAL_PROJECT/se423_final_project/workspace/FinalProjectwithCANAprilStarter" --include_path="C:/MARIUS_FINAL_PROJECT/se423_final_project/C2000Ware_4_01_00_00/device_support/f2837xd/common/include" --include_path="C:/MARIUS_FINAL_PROJECT/se423_final_project/C2000Ware_4_01_00_00/device_support/f2837xd/headers/include" --include_path="C:/MARIUS_FINAL_PROJECT/se423_final_project/workspace/FinalProjectwithCANAprilStarter/device" --include_path="C:/MARIUS_FINAL_PROJECT/se423_final_project/C2000Ware_4_01_00_00/driverlib/f2837xd/driverlib" --include_path="C:/MARIUS_FINAL_PROJECT/se423_final_project/C2000Ware_4_01_00_00/libraries/dsp/FPU/c28/include" --include_path="C:/ti/ccs1270/ccs/tools/compiler/ti-cgt-c2000_22.6.1.LTS/include" --define=DEBUG --define=_FLASH --define=_LAUNCHXL_F28379D --define=_DUAL_HEADERS --define=CPU1 --c11 --diag_suppress=10063 --diag_warning=225 --diag_wrap=off --display_error_number --abi=coffabi --preproc_with_compile --preproc_dependency="FinalProjectwithCANAprilStarter_main.d_raw"  "../FinalProjectwithCANAprilStarter_main.c"
"../FinalProjectwithCANAprilStarter_main.c", line 732 (col. 32): advice #2614-D: (Performance) Use --fp_mode=relaxed to enable TMU hardware support for FP division.
"../FinalProjectwithCANAprilStarter_main.c", line 1043 (col. 23): advice #2614-D: (Performance) Use --fp_mode=relaxed to enable TMU hardware support for cosf.
"../FinalProjectwithCANAprilStarter_main.c", line 1044 (col. 23): advice #2614-D: (Performance) Use --fp_mode=relaxed to enable TMU hardware support for sinf.
Finished building: "../FinalProjectwithCANAprilStarter_main.c"
 
Building target: "FinalProjectwithCANAprilStarter.out"
Invoking: C2000 Linker
"C:/ti/ccs1270/ccs/tools/compiler/ti-cgt-c2000_22.6.1.LTS/bin/cl2000" -v28 -ml -mt --cla_support=cla1 --float_support=fpu32 --tmu_support=tmu0 --vcu_support=vcu2 -Ooff --define=DEBUG --define=_FLASH --define=_LAUNCHXL_F28379D --define=_DUAL_HEADERS --define=CPU1 --c11 --diag_suppress=10063 --diag_warning=225 --diag_wrap=off --display_error_number --abi=coffabi -z -m"FinalProjectwithCANAprilStarter.map" --stack_size=0x800 --warn_sections -i"C:/ti/ccs1270/ccs/tools/compiler/ti-cgt-c2000_22.6.1.LTS/lib" -i"C:/ti/ccs1270/ccs/tools/compiler/ti-cgt-c2000_22.6.1.LTS/include" --reread_libs --diag_wrap=off --display_error_number --xml_link_info="FinalProjectwithCANAprilStarter_linkInfo.xml" --rom_model -o "FinalProjectwithCANAprilStarter.out" "./F28379dCAN.obj" "./F28379dSerial.obj" "./F2837xD_Adc.obj" "./F2837xD_CodeStartBranch.obj" "./F2837xD_CpuTimers.obj" "./F2837xD_DefaultISR.obj" "./F2837xD_EPwm.obj" "./F2837xD_GlobalVariableDefs.obj" "./F2837xD_Gpio.obj" "./F2837xD_PieCtrl.obj" "./F2837xD_PieVect.obj" "./F2837xD_Spi.obj" "./F2837xD_SysCtrl.obj" "./F2837xD_usDelay.obj" "./FinalProjectwithCANAprilStarter_main.obj" "./MatrixMath.obj" "./OptiTrack.obj" "./SE423Lib.obj" "./user_xy.obj" "./device/device.obj" "../2837xD_FLASH_lnk_cpu1.cmd" "../F2837xD_Headers_nonBIOS_cpu1.cmd" "C:/MARIUS_FINAL_PROJECT/se423_final_project/C2000Ware_4_01_00_00/libraries/dsp/FPU/c28/lib/c28x_fpu_dsp_library.lib" "C:/MARIUS_FINAL_PROJECT/se423_final_project/C2000Ware_4_01_00_00/driverlib/f2837xd/driverlib/ccs/Debug/driverlib.lib"  -llibc.a 
<Linking>
Finished building target: "FinalProjectwithCANAprilStarter.out"
 
C:/Program Files/C2Prog 2.x/c2p-cli mkehx --target=28379,378,377,375D-CPU01_SCI FinalProjectwithCANAprilStarter.out FlashIt.ehx
makefile:176: recipe for target 'post-build' failed
process_begin: CreateProcess(NULL, C:/Program Files/C2Prog 2.x/c2p-cli mkehx --target=28379,378,377,375D-CPU01_SCI FinalProjectwithCANAprilStarter.out FlashIt.ehx, ...) failed.
 
gmake[2]: [post-build] Error 2 (ignored)
 

**** Build Finished ****

**** Build of configuration CPU1_FLASH for project FinalProjectwithCANAprilStarter ****

"C:\\ti\\ccs1270\\ccs\\utils\\bin\\gmake" -k -j 12 all -O 
 
gmake[1]: 'FinalProjectwithCANAprilStarter.out' is up to date.

**** Build Finished ****

**** Build of configuration CPU1_FLASH for project FinalProjectwithCANAprilStarter ****

"C:\\ti\\ccs1270\\ccs\\utils\\bin\\gmake" -k -j 12 all -O 
 
Building file: "../FinalProjectwithCANAprilStarter_main.c"
Invoking: C2000 Compiler
"C:/ti/ccs1270/ccs/tools/compiler/ti-cgt-c2000_22.6.1.LTS/bin/cl2000" -v28 -ml -mt --cla_support=cla1 --float_support=fpu32 --tmu_support=tmu0 --vcu_support=vcu2 -Ooff --include_path="C:/MARIUS_FINAL_PROJECT/se423_final_project/workspace/FinalProjectwithCANAprilStarter" --include_path="C:/MARIUS_FINAL_PROJECT/se423_final_project/C2000Ware_4_01_00_00/device_support/f2837xd/common/include" --include_path="C:/MARIUS_FINAL_PROJECT/se423_final_project/C2000Ware_4_01_00_00/device_support/f2837xd/headers/include" --include_path="C:/MARIUS_FINAL_PROJECT/se423_final_project/workspace/FinalProjectwithCANAprilStarter/device" --include_path="C:/MARIUS_FINAL_PROJECT/se423_final_project/C2000Ware_4_01_00_00/driverlib/f2837xd/driverlib" --include_path="C:/MARIUS_FINAL_PROJECT/se423_final_project/C2000Ware_4_01_00_00/libraries/dsp/FPU/c28/include" --include_path="C:/ti/ccs1270/ccs/tools/compiler/ti-cgt-c2000_22.6.1.LTS/include" --define=DEBUG --define=_FLASH --define=_LAUNCHXL_F28379D --define=_DUAL_HEADERS --define=CPU1 --c11 --diag_suppress=10063 --diag_warning=225 --diag_wrap=off --display_error_number --abi=coffabi --preproc_with_compile --preproc_dependency="FinalProjectwithCANAprilStarter_main.d_raw"  "../FinalProjectwithCANAprilStarter_main.c"
 
>> Compilation failure
subdir_rules.mk:9: recipe for target 'FinalProjectwithCANAprilStarter_main.obj' failed
"../FinalProjectwithCANAprilStarter_main.c", line 1110: error #20: identifier "LADARleftfront" is undefined
"../FinalProjectwithCANAprilStarter_main.c", line 1186: error #20: identifier "LADARleftfront" is undefined
"../FinalProjectwithCANAprilStarter_main.c", line 1441: error #20: identifier "LADARleftfront" is undefined
"../FinalProjectwithCANAprilStarter_main.c", line 1471: error #20: identifier "LADARleftfront" is undefined
4 errors detected in the compilation of "../FinalProjectwithCANAprilStarter_main.c".
gmake: *** [FinalProjectwithCANAprilStarter_main.obj] Error 1
gmake: Target 'all' not remade because of errors.

**** Build Finished ****

**** Build of configuration CPU1_FLASH for project FinalProjectwithCANAprilStarter ****

"C:\\ti\\ccs1270\\ccs\\utils\\bin\\gmake" -k -j 12 all -O 
 
Building file: "../FinalProjectwithCANAprilStarter_main.c"
Invoking: C2000 Compiler
"C:/ti/ccs1270/ccs/tools/compiler/ti-cgt-c2000_22.6.1.LTS/bin/cl2000" -v28 -ml -mt --cla_support=cla1 --float_support=fpu32 --tmu_support=tmu0 --vcu_support=vcu2 -Ooff --include_path="C:/MARIUS_FINAL_PROJECT/se423_final_project/workspace/FinalProjectwithCANAprilStarter" --include_path="C:/MARIUS_FINAL_PROJECT/se423_final_project/C2000Ware_4_01_00_00/device_support/f2837xd/common/include" --include_path="C:/MARIUS_FINAL_PROJECT/se423_final_project/C2000Ware_4_01_00_00/device_support/f2837xd/headers/include" --include_path="C:/MARIUS_FINAL_PROJECT/se423_final_project/workspace/FinalProjectwithCANAprilStarter/device" --include_path="C:/MARIUS_FINAL_PROJECT/se423_final_project/C2000Ware_4_01_00_00/driverlib/f2837xd/driverlib" --include_path="C:/MARIUS_FINAL_PROJECT/se423_final_project/C2000Ware_4_01_00_00/libraries/dsp/FPU/c28/include" --include_path="C:/ti/ccs1270/ccs/tools/compiler/ti-cgt-c2000_22.6.1.LTS/include" --define=DEBUG --define=_FLASH --define=_LAUNCHXL_F28379D --define=_DUAL_HEADERS --define=CPU1 --c11 --diag_suppress=10063 --diag_warning=225 --diag_wrap=off --display_error_number --abi=coffabi --preproc_with_compile --preproc_dependency="FinalProjectwithCANAprilStarter_main.d_raw"  "../FinalProjectwithCANAprilStarter_main.c"
"../FinalProjectwithCANAprilStarter_main.c", line 733 (col. 32): advice #2614-D: (Performance) Use --fp_mode=relaxed to enable TMU hardware support for FP division.
"../FinalProjectwithCANAprilStarter_main.c", line 1044 (col. 23): advice #2614-D: (Performance) Use --fp_mode=relaxed to enable TMU hardware support for cosf.
"../FinalProjectwithCANAprilStarter_main.c", line 1045 (col. 23): advice #2614-D: (Performance) Use --fp_mode=relaxed to enable TMU hardware support for sinf.
Finished building: "../FinalProjectwithCANAprilStarter_main.c"
 
Building target: "FinalProjectwithCANAprilStarter.out"
Invoking: C2000 Linker
"C:/ti/ccs1270/ccs/tools/compiler/ti-cgt-c2000_22.6.1.LTS/bin/cl2000" -v28 -ml -mt --cla_support=cla1 --float_support=fpu32 --tmu_support=tmu0 --vcu_support=vcu2 -Ooff --define=DEBUG --define=_FLASH --define=_LAUNCHXL_F28379D --define=_DUAL_HEADERS --define=CPU1 --c11 --diag_suppress=10063 --diag_warning=225 --diag_wrap=off --display_error_number --abi=coffabi -z -m"FinalProjectwithCANAprilStarter.map" --stack_size=0x800 --warn_sections -i"C:/ti/ccs1270/ccs/tools/compiler/ti-cgt-c2000_22.6.1.LTS/lib" -i"C:/ti/ccs1270/ccs/tools/compiler/ti-cgt-c2000_22.6.1.LTS/include" --reread_libs --diag_wrap=off --display_error_number --xml_link_info="FinalProjectwithCANAprilStarter_linkInfo.xml" --rom_model -o "FinalProjectwithCANAprilStarter.out" "./F28379dCAN.obj" "./F28379dSerial.obj" "./F2837xD_Adc.obj" "./F2837xD_CodeStartBranch.obj" "./F2837xD_CpuTimers.obj" "./F2837xD_DefaultISR.obj" "./F2837xD_EPwm.obj" "./F2837xD_GlobalVariableDefs.obj" "./F2837xD_Gpio.obj" "./F2837xD_PieCtrl.obj" "./F2837xD_PieVect.obj" "./F2837xD_Spi.obj" "./F2837xD_SysCtrl.obj" "./F2837xD_usDelay.obj" "./FinalProjectwithCANAprilStarter_main.obj" "./MatrixMath.obj" "./OptiTrack.obj" "./SE423Lib.obj" "./user_xy.obj" "./device/device.obj" "../2837xD_FLASH_lnk_cpu1.cmd" "../F2837xD_Headers_nonBIOS_cpu1.cmd" "C:/MARIUS_FINAL_PROJECT/se423_final_project/C2000Ware_4_01_00_00/libraries/dsp/FPU/c28/lib/c28x_fpu_dsp_library.lib" "C:/MARIUS_FINAL_PROJECT/se423_final_project/C2000Ware_4_01_00_00/driverlib/f2837xd/driverlib/ccs/Debug/driverlib.lib"  -llibc.a 
<Linking>
Finished building target: "FinalProjectwithCANAprilStarter.out"
 
C:/Program Files/C2Prog 2.x/c2p-cli mkehx --target=28379,378,377,375D-CPU01_SCI FinalProjectwithCANAprilStarter.out FlashIt.ehx
makefile:176: recipe for target 'post-build' failed
process_begin: CreateProcess(NULL, C:/Program Files/C2Prog 2.x/c2p-cli mkehx --target=28379,378,377,375D-CPU01_SCI FinalProjectwithCANAprilStarter.out FlashIt.ehx, ...) failed.
 
gmake[2]: [post-build] Error 2 (ignored)
 

**** Build Finished ****

**** Build of configuration CPU1_FLASH for project FinalProjectwithCANAprilStarter ****

"C:\\ti\\ccs1270\\ccs\\utils\\bin\\gmake" -k -j 12 all -O 
 
gmake[1]: 'FinalProjectwithCANAprilStarter.out' is up to date.

**** Build Finished ****

**** Build of configuration CPU1_FLASH for project FinalProjectwithCANAprilStarter ****

"C:\\ti\\ccs1270\\ccs\\utils\\bin\\gmake" -k -j 12 all -O 
 
Building file: "../FinalProjectwithCANAprilStarter_main.c"
Invoking: C2000 Compiler
"C:/ti/ccs1270/ccs/tools/compiler/ti-cgt-c2000_22.6.1.LTS/bin/cl2000" -v28 -ml -mt --cla_support=cla1 --float_support=fpu32 --tmu_support=tmu0 --vcu_support=vcu2 -Ooff --include_path="C:/MARIUS_FINAL_PROJECT/se423_final_project/workspace/FinalProjectwithCANAprilStarter" --include_path="C:/MARIUS_FINAL_PROJECT/se423_final_project/C2000Ware_4_01_00_00/device_support/f2837xd/common/include" --include_path="C:/MARIUS_FINAL_PROJECT/se423_final_project/C2000Ware_4_01_00_00/device_support/f2837xd/headers/include" --include_path="C:/MARIUS_FINAL_PROJECT/se423_final_project/workspace/FinalProjectwithCANAprilStarter/device" --include_path="C:/MARIUS_FINAL_PROJECT/se423_final_project/C2000Ware_4_01_00_00/driverlib/f2837xd/driverlib" --include_path="C:/MARIUS_FINAL_PROJECT/se423_final_project/C2000Ware_4_01_00_00/libraries/dsp/FPU/c28/include" --include_path="C:/ti/ccs1270/ccs/tools/compiler/ti-cgt-c2000_22.6.1.LTS/include" --define=DEBUG --define=_FLASH --define=_LAUNCHXL_F28379D --define=_DUAL_HEADERS --define=CPU1 --c11 --diag_suppress=10063 --diag_warning=225 --diag_wrap=off --display_error_number --abi=coffabi --preproc_with_compile --preproc_dependency="FinalProjectwithCANAprilStarter_main.d_raw"  "../FinalProjectwithCANAprilStarter_main.c"
"../FinalProjectwithCANAprilStarter_main.c", line 733 (col. 32): advice #2614-D: (Performance) Use --fp_mode=relaxed to enable TMU hardware support for FP division.
"../FinalProjectwithCANAprilStarter_main.c", line 1044 (col. 23): advice #2614-D: (Performance) Use --fp_mode=relaxed to enable TMU hardware support for cosf.
"../FinalProjectwithCANAprilStarter_main.c", line 1045 (col. 23): advice #2614-D: (Performance) Use --fp_mode=relaxed to enable TMU hardware support for sinf.
Finished building: "../FinalProjectwithCANAprilStarter_main.c"
 
Building target: "FinalProjectwithCANAprilStarter.out"
Invoking: C2000 Linker
"C:/ti/ccs1270/ccs/tools/compiler/ti-cgt-c2000_22.6.1.LTS/bin/cl2000" -v28 -ml -mt --cla_support=cla1 --float_support=fpu32 --tmu_support=tmu0 --vcu_support=vcu2 -Ooff --define=DEBUG --define=_FLASH --define=_LAUNCHXL_F28379D --define=_DUAL_HEADERS --define=CPU1 --c11 --diag_suppress=10063 --diag_warning=225 --diag_wrap=off --display_error_number --abi=coffabi -z -m"FinalProjectwithCANAprilStarter.map" --stack_size=0x800 --warn_sections -i"C:/ti/ccs1270/ccs/tools/compiler/ti-cgt-c2000_22.6.1.LTS/lib" -i"C:/ti/ccs1270/ccs/tools/compiler/ti-cgt-c2000_22.6.1.LTS/include" --reread_libs --diag_wrap=off --display_error_number --xml_link_info="FinalProjectwithCANAprilStarter_linkInfo.xml" --rom_model -o "FinalProjectwithCANAprilStarter.out" "./F28379dCAN.obj" "./F28379dSerial.obj" "./F2837xD_Adc.obj" "./F2837xD_CodeStartBranch.obj" "./F2837xD_CpuTimers.obj" "./F2837xD_DefaultISR.obj" "./F2837xD_EPwm.obj" "./F2837xD_GlobalVariableDefs.obj" "./F2837xD_Gpio.obj" "./F2837xD_PieCtrl.obj" "./F2837xD_PieVect.obj" "./F2837xD_Spi.obj" "./F2837xD_SysCtrl.obj" "./F2837xD_usDelay.obj" "./FinalProjectwithCANAprilStarter_main.obj" "./MatrixMath.obj" "./OptiTrack.obj" "./SE423Lib.obj" "./user_xy.obj" "./device/device.obj" "../2837xD_FLASH_lnk_cpu1.cmd" "../F2837xD_Headers_nonBIOS_cpu1.cmd" "C:/MARIUS_FINAL_PROJECT/se423_final_project/C2000Ware_4_01_00_00/libraries/dsp/FPU/c28/lib/c28x_fpu_dsp_library.lib" "C:/MARIUS_FINAL_PROJECT/se423_final_project/C2000Ware_4_01_00_00/driverlib/f2837xd/driverlib/ccs/Debug/driverlib.lib"  -llibc.a 
<Linking>
Finished building target: "FinalProjectwithCANAprilStarter.out"
 
C:/Program Files/C2Prog 2.x/c2p-cli mkehx --target=28379,378,377,375D-CPU01_SCI FinalProjectwithCANAprilStarter.out FlashIt.ehx
makefile:176: recipe for target 'post-build' failed
process_begin: CreateProcess(NULL, C:/Program Files/C2Prog 2.x/c2p-cli mkehx --target=28379,378,377,375D-CPU01_SCI FinalProjectwithCANAprilStarter.out FlashIt.ehx, ...) failed.
 
gmake[2]: [post-build] Error 2 (ignored)
 

**** Build Finished ****

**** Build of configuration CPU1_FLASH for project FinalProjectwithCANAprilStarter ****

"C:\\ti\\ccs1270\\ccs\\utils\\bin\\gmake" -k -j 12 all -O 
 
gmake[1]: 'FinalProjectwithCANAprilStarter.out' is up to date.

**** Build Finished ****

**** Build of configuration CPU1_FLASH for project FinalProjectwithCANAprilStarter ****

"C:\\ti\\ccs1270\\ccs\\utils\\bin\\gmake" -k -j 12 all -O 
 
Building file: "../FinalProjectwithCANAprilStarter_main.c"
Invoking: C2000 Compiler
"C:/ti/ccs1270/ccs/tools/compiler/ti-cgt-c2000_22.6.1.LTS/bin/cl2000" -v28 -ml -mt --cla_support=cla1 --float_support=fpu32 --tmu_support=tmu0 --vcu_support=vcu2 -Ooff --include_path="C:/MARIUS_FINAL_PROJECT/se423_final_project/workspace/FinalProjectwithCANAprilStarter" --include_path="C:/MARIUS_FINAL_PROJECT/se423_final_project/C2000Ware_4_01_00_00/device_support/f2837xd/common/include" --include_path="C:/MARIUS_FINAL_PROJECT/se423_final_project/C2000Ware_4_01_00_00/device_support/f2837xd/headers/include" --include_path="C:/MARIUS_FINAL_PROJECT/se423_final_project/workspace/FinalProjectwithCANAprilStarter/device" --include_path="C:/MARIUS_FINAL_PROJECT/se423_final_project/C2000Ware_4_01_00_00/driverlib/f2837xd/driverlib" --include_path="C:/MARIUS_FINAL_PROJECT/se423_final_project/C2000Ware_4_01_00_00/libraries/dsp/FPU/c28/include" --include_path="C:/ti/ccs1270/ccs/tools/compiler/ti-cgt-c2000_22.6.1.LTS/include" --define=DEBUG --define=_FLASH --define=_LAUNCHXL_F28379D --define=_DUAL_HEADERS --define=CPU1 --c11 --diag_suppress=10063 --diag_warning=225 --diag_wrap=off --display_error_number --abi=coffabi --preproc_with_compile --preproc_dependency="FinalProjectwithCANAprilStarter_main.d_raw"  "../FinalProjectwithCANAprilStarter_main.c"
"../FinalProjectwithCANAprilStarter_main.c", line 733 (col. 32): advice #2614-D: (Performance) Use --fp_mode=relaxed to enable TMU hardware support for FP division.
"../FinalProjectwithCANAprilStarter_main.c", line 1044 (col. 23): advice #2614-D: (Performance) Use --fp_mode=relaxed to enable TMU hardware support for cosf.
"../FinalProjectwithCANAprilStarter_main.c", line 1045 (col. 23): advice #2614-D: (Performance) Use --fp_mode=relaxed to enable TMU hardware support for sinf.
Finished building: "../FinalProjectwithCANAprilStarter_main.c"
 
Building target: "FinalProjectwithCANAprilStarter.out"
Invoking: C2000 Linker
"C:/ti/ccs1270/ccs/tools/compiler/ti-cgt-c2000_22.6.1.LTS/bin/cl2000" -v28 -ml -mt --cla_support=cla1 --float_support=fpu32 --tmu_support=tmu0 --vcu_support=vcu2 -Ooff --define=DEBUG --define=_FLASH --define=_LAUNCHXL_F28379D --define=_DUAL_HEADERS --define=CPU1 --c11 --diag_suppress=10063 --diag_warning=225 --diag_wrap=off --display_error_number --abi=coffabi -z -m"FinalProjectwithCANAprilStarter.map" --stack_size=0x800 --warn_sections -i"C:/ti/ccs1270/ccs/tools/compiler/ti-cgt-c2000_22.6.1.LTS/lib" -i"C:/ti/ccs1270/ccs/tools/compiler/ti-cgt-c2000_22.6.1.LTS/include" --reread_libs --diag_wrap=off --display_error_number --xml_link_info="FinalProjectwithCANAprilStarter_linkInfo.xml" --rom_model -o "FinalProjectwithCANAprilStarter.out" "./F28379dCAN.obj" "./F28379dSerial.obj" "./F2837xD_Adc.obj" "./F2837xD_CodeStartBranch.obj" "./F2837xD_CpuTimers.obj" "./F2837xD_DefaultISR.obj" "./F2837xD_EPwm.obj" "./F2837xD_GlobalVariableDefs.obj" "./F2837xD_Gpio.obj" "./F2837xD_PieCtrl.obj" "./F2837xD_PieVect.obj" "./F2837xD_Spi.obj" "./F2837xD_SysCtrl.obj" "./F2837xD_usDelay.obj" "./FinalProjectwithCANAprilStarter_main.obj" "./MatrixMath.obj" "./OptiTrack.obj" "./SE423Lib.obj" "./user_xy.obj" "./device/device.obj" "../2837xD_FLASH_lnk_cpu1.cmd" "../F2837xD_Headers_nonBIOS_cpu1.cmd" "C:/MARIUS_FINAL_PROJECT/se423_final_project/C2000Ware_4_01_00_00/libraries/dsp/FPU/c28/lib/c28x_fpu_dsp_library.lib" "C:/MARIUS_FINAL_PROJECT/se423_final_project/C2000Ware_4_01_00_00/driverlib/f2837xd/driverlib/ccs/Debug/driverlib.lib"  -llibc.a 
<Linking>
Finished building target: "FinalProjectwithCANAprilStarter.out"
 
C:/Program Files/C2Prog 2.x/c2p-cli mkehx --target=28379,378,377,375D-CPU01_SCI FinalProjectwithCANAprilStarter.out FlashIt.ehx
makefile:176: recipe for target 'post-build' failed
process_begin: CreateProcess(NULL, C:/Program Files/C2Prog 2.x/c2p-cli mkehx --target=28379,378,377,375D-CPU01_SCI FinalProjectwithCANAprilStarter.out FlashIt.ehx, ...) failed.
 
gmake[2]: [post-build] Error 2 (ignored)
 

**** Build Finished ****

**** Build of configuration CPU1_FLASH for project FinalProjectwithCANAprilStarter ****

"C:\\ti\\ccs1270\\ccs\\utils\\bin\\gmake" -k -j 12 all -O 
 
gmake[1]: 'FinalProjectwithCANAprilStarter.out' is up to date.

**** Build Finished ****

**** Build of configuration CPU1_FLASH for project FinalProjectwithCANAprilStarter ****

"C:\\ti\\ccs1270\\ccs\\utils\\bin\\gmake" -k -j 12 all -O 
 
gmake[1]: 'FinalProjectwithCANAprilStarter.out' is up to date.

**** Build Finished ****

**** Build of configuration CPU1_FLASH for project FinalProjectwithCANAprilStarter ****

"C:\\ti\\ccs1270\\ccs\\utils\\bin\\gmake" -k -j 12 all -O 
 
gmake[1]: 'FinalProjectwithCANAprilStarter.out' is up to date.

**** Build Finished ****

**** Build of configuration CPU1_FLASH for project FinalProjectwithCANAprilStarter ****

"C:\\ti\\ccs1270\\ccs\\utils\\bin\\gmake" -k -j 12 all -O 
 
gmake[1]: 'FinalProjectwithCANAprilStarter.out' is up to date.

**** Build Finished ****

**** Build of configuration CPU1_FLASH for project FinalProjectwithCANAprilStarter ****

"C:\\ti\\ccs1270\\ccs\\utils\\bin\\gmake" -k -j 12 all -O 
 
gmake[1]: 'FinalProjectwithCANAprilStarter.out' is up to date.

**** Build Finished ****

**** Build of configuration CPU1_FLASH for project FinalProjectwithCANAprilStarter ****

"C:\\ti\\ccs1270\\ccs\\utils\\bin\\gmake" -k -j 12 all -O 
 
Building file: "../FinalProjectwithCANAprilStarter_main.c"
Invoking: C2000 Compiler
"C:/ti/ccs1270/ccs/tools/compiler/ti-cgt-c2000_22.6.1.LTS/bin/cl2000" -v28 -ml -mt --cla_support=cla1 --float_support=fpu32 --tmu_support=tmu0 --vcu_support=vcu2 -Ooff --include_path="C:/MARIUS_FINAL_PROJECT/se423_final_project/workspace/FinalProjectwithCANAprilStarter" --include_path="C:/MARIUS_FINAL_PROJECT/se423_final_project/C2000Ware_4_01_00_00/device_support/f2837xd/common/include" --include_path="C:/MARIUS_FINAL_PROJECT/se423_final_project/C2000Ware_4_01_00_00/device_support/f2837xd/headers/include" --include_path="C:/MARIUS_FINAL_PROJECT/se423_final_project/workspace/FinalProjectwithCANAprilStarter/device" --include_path="C:/MARIUS_FINAL_PROJECT/se423_final_project/C2000Ware_4_01_00_00/driverlib/f2837xd/driverlib" --include_path="C:/MARIUS_FINAL_PROJECT/se423_final_project/C2000Ware_4_01_00_00/libraries/dsp/FPU/c28/include" --include_path="C:/ti/ccs1270/ccs/tools/compiler/ti-cgt-c2000_22.6.1.LTS/include" --define=DEBUG --define=_FLASH --define=_LAUNCHXL_F28379D --define=_DUAL_HEADERS --define=CPU1 --c11 --diag_suppress=10063 --diag_warning=225 --diag_wrap=off --display_error_number --abi=coffabi --preproc_with_compile --preproc_dependency="FinalProjectwithCANAprilStarter_main.d_raw"  "../FinalProjectwithCANAprilStarter_main.c"
"../FinalProjectwithCANAprilStarter_main.c", line 733 (col. 32): advice #2614-D: (Performance) Use --fp_mode=relaxed to enable TMU hardware support for FP division.
"../FinalProjectwithCANAprilStarter_main.c", line 1044 (col. 23): advice #2614-D: (Performance) Use --fp_mode=relaxed to enable TMU hardware support for cosf.
"../FinalProjectwithCANAprilStarter_main.c", line 1045 (col. 23): advice #2614-D: (Performance) Use --fp_mode=relaxed to enable TMU hardware support for sinf.
Finished building: "../FinalProjectwithCANAprilStarter_main.c"
 
Building target: "FinalProjectwithCANAprilStarter.out"
Invoking: C2000 Linker
"C:/ti/ccs1270/ccs/tools/compiler/ti-cgt-c2000_22.6.1.LTS/bin/cl2000" -v28 -ml -mt --cla_support=cla1 --float_support=fpu32 --tmu_support=tmu0 --vcu_support=vcu2 -Ooff --define=DEBUG --define=_FLASH --define=_LAUNCHXL_F28379D --define=_DUAL_HEADERS --define=CPU1 --c11 --diag_suppress=10063 --diag_warning=225 --diag_wrap=off --display_error_number --abi=coffabi -z -m"FinalProjectwithCANAprilStarter.map" --stack_size=0x800 --warn_sections -i"C:/ti/ccs1270/ccs/tools/compiler/ti-cgt-c2000_22.6.1.LTS/lib" -i"C:/ti/ccs1270/ccs/tools/compiler/ti-cgt-c2000_22.6.1.LTS/include" --reread_libs --diag_wrap=off --display_error_number --xml_link_info="FinalProjectwithCANAprilStarter_linkInfo.xml" --rom_model -o "FinalProjectwithCANAprilStarter.out" "./F28379dCAN.obj" "./F28379dSerial.obj" "./F2837xD_Adc.obj" "./F2837xD_CodeStartBranch.obj" "./F2837xD_CpuTimers.obj" "./F2837xD_DefaultISR.obj" "./F2837xD_EPwm.obj" "./F2837xD_GlobalVariableDefs.obj" "./F2837xD_Gpio.obj" "./F2837xD_PieCtrl.obj" "./F2837xD_PieVect.obj" "./F2837xD_Spi.obj" "./F2837xD_SysCtrl.obj" "./F2837xD_usDelay.obj" "./FinalProjectwithCANAprilStarter_main.obj" "./MatrixMath.obj" "./OptiTrack.obj" "./SE423Lib.obj" "./user_xy.obj" "./device/device.obj" "../2837xD_FLASH_lnk_cpu1.cmd" "../F2837xD_Headers_nonBIOS_cpu1.cmd" "C:/MARIUS_FINAL_PROJECT/se423_final_project/C2000Ware_4_01_00_00/libraries/dsp/FPU/c28/lib/c28x_fpu_dsp_library.lib" "C:/MARIUS_FINAL_PROJECT/se423_final_project/C2000Ware_4_01_00_00/driverlib/f2837xd/driverlib/ccs/Debug/driverlib.lib"  -llibc.a 
<Linking>
Finished building target: "FinalProjectwithCANAprilStarter.out"
 
C:/Program Files/C2Prog 2.x/c2p-cli mkehx --target=28379,378,377,375D-CPU01_SCI FinalProjectwithCANAprilStarter.out FlashIt.ehx
makefile:176: recipe for target 'post-build' failed
process_begin: CreateProcess(NULL, C:/Program Files/C2Prog 2.x/c2p-cli mkehx --target=28379,378,377,375D-CPU01_SCI FinalProjectwithCANAprilStarter.out FlashIt.ehx, ...) failed.
 
gmake[2]: [post-build] Error 2 (ignored)
 

**** Build Finished ****

**** Build of configuration CPU1_FLASH for project FinalProjectwithCANAprilStarter ****

"C:\\ti\\ccs1270\\ccs\\utils\\bin\\gmake" -k -j 12 all -O 
 
gmake[1]: 'FinalProjectwithCANAprilStarter.out' is up to date.

**** Build Finished ****

**** Build of configuration CPU1_FLASH for project FinalProjectwithCANAprilStarter ****

"C:\\ti\\ccs1270\\ccs\\utils\\bin\\gmake" -k -j 12 all -O 
 
Building file: "../FinalProjectwithCANAprilStarter_main.c"
Invoking: C2000 Compiler
"C:/ti/ccs1270/ccs/tools/compiler/ti-cgt-c2000_22.6.1.LTS/bin/cl2000" -v28 -ml -mt --cla_support=cla1 --float_support=fpu32 --tmu_support=tmu0 --vcu_support=vcu2 -Ooff --include_path="C:/MARIUS_FINAL_PROJECT/se423_final_project/workspace/FinalProjectwithCANAprilStarter" --include_path="C:/MARIUS_FINAL_PROJECT/se423_final_project/C2000Ware_4_01_00_00/device_support/f2837xd/common/include" --include_path="C:/MARIUS_FINAL_PROJECT/se423_final_project/C2000Ware_4_01_00_00/device_support/f2837xd/headers/include" --include_path="C:/MARIUS_FINAL_PROJECT/se423_final_project/workspace/FinalProjectwithCANAprilStarter/device" --include_path="C:/MARIUS_FINAL_PROJECT/se423_final_project/C2000Ware_4_01_00_00/driverlib/f2837xd/driverlib" --include_path="C:/MARIUS_FINAL_PROJECT/se423_final_project/C2000Ware_4_01_00_00/libraries/dsp/FPU/c28/include" --include_path="C:/ti/ccs1270/ccs/tools/compiler/ti-cgt-c2000_22.6.1.LTS/include" --define=DEBUG --define=_FLASH --define=_LAUNCHXL_F28379D --define=_DUAL_HEADERS --define=CPU1 --c11 --diag_suppress=10063 --diag_warning=225 --diag_wrap=off --display_error_number --abi=coffabi --preproc_with_compile --preproc_dependency="FinalProjectwithCANAprilStarter_main.d_raw"  "../FinalProjectwithCANAprilStarter_main.c"
"../FinalProjectwithCANAprilStarter_main.c", line 733 (col. 32): advice #2614-D: (Performance) Use --fp_mode=relaxed to enable TMU hardware support for FP division.
"../FinalProjectwithCANAprilStarter_main.c", line 1044 (col. 23): advice #2614-D: (Performance) Use --fp_mode=relaxed to enable TMU hardware support for cosf.
"../FinalProjectwithCANAprilStarter_main.c", line 1045 (col. 23): advice #2614-D: (Performance) Use --fp_mode=relaxed to enable TMU hardware support for sinf.
Finished building: "../FinalProjectwithCANAprilStarter_main.c"
 
Building target: "FinalProjectwithCANAprilStarter.out"
Invoking: C2000 Linker
"C:/ti/ccs1270/ccs/tools/compiler/ti-cgt-c2000_22.6.1.LTS/bin/cl2000" -v28 -ml -mt --cla_support=cla1 --float_support=fpu32 --tmu_support=tmu0 --vcu_support=vcu2 -Ooff --define=DEBUG --define=_FLASH --define=_LAUNCHXL_F28379D --define=_DUAL_HEADERS --define=CPU1 --c11 --diag_suppress=10063 --diag_warning=225 --diag_wrap=off --display_error_number --abi=coffabi -z -m"FinalProjectwithCANAprilStarter.map" --stack_size=0x800 --warn_sections -i"C:/ti/ccs1270/ccs/tools/compiler/ti-cgt-c2000_22.6.1.LTS/lib" -i"C:/ti/ccs1270/ccs/tools/compiler/ti-cgt-c2000_22.6.1.LTS/include" --reread_libs --diag_wrap=off --display_error_number --xml_link_info="FinalProjectwithCANAprilStarter_linkInfo.xml" --rom_model -o "FinalProjectwithCANAprilStarter.out" "./F28379dCAN.obj" "./F28379dSerial.obj" "./F2837xD_Adc.obj" "./F2837xD_CodeStartBranch.obj" "./F2837xD_CpuTimers.obj" "./F2837xD_DefaultISR.obj" "./F2837xD_EPwm.obj" "./F2837xD_GlobalVariableDefs.obj" "./F2837xD_Gpio.obj" "./F2837xD_PieCtrl.obj" "./F2837xD_PieVect.obj" "./F2837xD_Spi.obj" "./F2837xD_SysCtrl.obj" "./F2837xD_usDelay.obj" "./FinalProjectwithCANAprilStarter_main.obj" "./MatrixMath.obj" "./OptiTrack.obj" "./SE423Lib.obj" "./user_xy.obj" "./device/device.obj" "../2837xD_FLASH_lnk_cpu1.cmd" "../F2837xD_Headers_nonBIOS_cpu1.cmd" "C:/MARIUS_FINAL_PROJECT/se423_final_project/C2000Ware_4_01_00_00/libraries/dsp/FPU/c28/lib/c28x_fpu_dsp_library.lib" "C:/MARIUS_FINAL_PROJECT/se423_final_project/C2000Ware_4_01_00_00/driverlib/f2837xd/driverlib/ccs/Debug/driverlib.lib"  -llibc.a 
<Linking>
Finished building target: "FinalProjectwithCANAprilStarter.out"
 
C:/Program Files/C2Prog 2.x/c2p-cli mkehx --target=28379,378,377,375D-CPU01_SCI FinalProjectwithCANAprilStarter.out FlashIt.ehx
makefile:176: recipe for target 'post-build' failed
process_begin: CreateProcess(NULL, C:/Program Files/C2Prog 2.x/c2p-cli mkehx --target=28379,378,377,375D-CPU01_SCI FinalProjectwithCANAprilStarter.out FlashIt.ehx, ...) failed.
 
gmake[2]: [post-build] Error 2 (ignored)
 

**** Build Finished ****

**** Build of configuration CPU1_FLASH for project FinalProjectwithCANAprilStarter ****

"C:\\ti\\ccs1270\\ccs\\utils\\bin\\gmake" -k -j 12 all -O 
 
gmake[1]: 'FinalProjectwithCANAprilStarter.out' is up to date.

**** Build Finished ****

**** Build of configuration CPU1_FLASH for project FinalProjectwithCANAprilStarter ****

"C:\\ti\\ccs1270\\ccs\\utils\\bin\\gmake" -k -j 12 all -O 
 
gmake[1]: 'FinalProjectwithCANAprilStarter.out' is up to date.

**** Build Finished ****

**** Build of configuration CPU1_FLASH for project FinalProjectwithCANAprilStarter ****

"C:\\ti\\ccs1270\\ccs\\utils\\bin\\gmake" -k -j 12 all -O 
 
gmake[1]: 'FinalProjectwithCANAprilStarter.out' is up to date.

**** Build Finished ****

**** Build of configuration CPU1_FLASH for project FinalProjectwithCANAprilStarter ****

"C:\\ti\\ccs1270\\ccs\\utils\\bin\\gmake" -k -j 12 all -O 
 
Building file: "../FinalProjectwithCANAprilStarter_main.c"
Invoking: C2000 Compiler
"C:/ti/ccs1270/ccs/tools/compiler/ti-cgt-c2000_22.6.1.LTS/bin/cl2000" -v28 -ml -mt --cla_support=cla1 --float_support=fpu32 --tmu_support=tmu0 --vcu_support=vcu2 -Ooff --include_path="C:/MARIUS_FINAL_PROJECT/se423_final_project/workspace/FinalProjectwithCANAprilStarter" --include_path="C:/MARIUS_FINAL_PROJECT/se423_final_project/C2000Ware_4_01_00_00/device_support/f2837xd/common/include" --include_path="C:/MARIUS_FINAL_PROJECT/se423_final_project/C2000Ware_4_01_00_00/device_support/f2837xd/headers/include" --include_path="C:/MARIUS_FINAL_PROJECT/se423_final_project/workspace/FinalProjectwithCANAprilStarter/device" --include_path="C:/MARIUS_FINAL_PROJECT/se423_final_project/C2000Ware_4_01_00_00/driverlib/f2837xd/driverlib" --include_path="C:/MARIUS_FINAL_PROJECT/se423_final_project/C2000Ware_4_01_00_00/libraries/dsp/FPU/c28/include" --include_path="C:/ti/ccs1270/ccs/tools/compiler/ti-cgt-c2000_22.6.1.LTS/include" --define=DEBUG --define=_FLASH --define=_LAUNCHXL_F28379D --define=_DUAL_HEADERS --define=CPU1 --c11 --diag_suppress=10063 --diag_warning=225 --diag_wrap=off --display_error_number --abi=coffabi --preproc_with_compile --preproc_dependency="FinalProjectwithCANAprilStarter_main.d_raw"  "../FinalProjectwithCANAprilStarter_main.c"
"../FinalProjectwithCANAprilStarter_main.c", line 733 (col. 32): advice #2614-D: (Performance) Use --fp_mode=relaxed to enable TMU hardware support for FP division.
"../FinalProjectwithCANAprilStarter_main.c", line 1044 (col. 23): advice #2614-D: (Performance) Use --fp_mode=relaxed to enable TMU hardware support for cosf.
"../FinalProjectwithCANAprilStarter_main.c", line 1045 (col. 23): advice #2614-D: (Performance) Use --fp_mode=relaxed to enable TMU hardware support for sinf.
Finished building: "../FinalProjectwithCANAprilStarter_main.c"
 
Building target: "FinalProjectwithCANAprilStarter.out"
Invoking: C2000 Linker
"C:/ti/ccs1270/ccs/tools/compiler/ti-cgt-c2000_22.6.1.LTS/bin/cl2000" -v28 -ml -mt --cla_support=cla1 --float_support=fpu32 --tmu_support=tmu0 --vcu_support=vcu2 -Ooff --define=DEBUG --define=_FLASH --define=_LAUNCHXL_F28379D --define=_DUAL_HEADERS --define=CPU1 --c11 --diag_suppress=10063 --diag_warning=225 --diag_wrap=off --display_error_number --abi=coffabi -z -m"FinalProjectwithCANAprilStarter.map" --stack_size=0x800 --warn_sections -i"C:/ti/ccs1270/ccs/tools/compiler/ti-cgt-c2000_22.6.1.LTS/lib" -i"C:/ti/ccs1270/ccs/tools/compiler/ti-cgt-c2000_22.6.1.LTS/include" --reread_libs --diag_wrap=off --display_error_number --xml_link_info="FinalProjectwithCANAprilStarter_linkInfo.xml" --rom_model -o "FinalProjectwithCANAprilStarter.out" "./F28379dCAN.obj" "./F28379dSerial.obj" "./F2837xD_Adc.obj" "./F2837xD_CodeStartBranch.obj" "./F2837xD_CpuTimers.obj" "./F2837xD_DefaultISR.obj" "./F2837xD_EPwm.obj" "./F2837xD_GlobalVariableDefs.obj" "./F2837xD_Gpio.obj" "./F2837xD_PieCtrl.obj" "./F2837xD_PieVect.obj" "./F2837xD_Spi.obj" "./F2837xD_SysCtrl.obj" "./F2837xD_usDelay.obj" "./FinalProjectwithCANAprilStarter_main.obj" "./MatrixMath.obj" "./OptiTrack.obj" "./SE423Lib.obj" "./user_xy.obj" "./device/device.obj" "../2837xD_FLASH_lnk_cpu1.cmd" "../F2837xD_Headers_nonBIOS_cpu1.cmd" "C:/MARIUS_FINAL_PROJECT/se423_final_project/C2000Ware_4_01_00_00/libraries/dsp/FPU/c28/lib/c28x_fpu_dsp_library.lib" "C:/MARIUS_FINAL_PROJECT/se423_final_project/C2000Ware_4_01_00_00/driverlib/f2837xd/driverlib/ccs/Debug/driverlib.lib"  -llibc.a 
<Linking>
Finished building target: "FinalProjectwithCANAprilStarter.out"
 
C:/Program Files/C2Prog 2.x/c2p-cli mkehx --target=28379,378,377,375D-CPU01_SCI FinalProjectwithCANAprilStarter.out FlashIt.ehx
makefile:176: recipe for target 'post-build' failed
 
process_begin: CreateProcess(NULL, C:/Program Files/C2Prog 2.x/c2p-cli mkehx --target=28379,378,377,375D-CPU01_SCI FinalProjectwithCANAprilStarter.out FlashIt.ehx, ...) failed.
 
gmake[2]: [post-build] Error 2 (ignored)

**** Build Finished ****

**** Build of configuration CPU1_FLASH for project FinalProjectwithCANAprilStarter ****

"C:\\ti\\ccs1270\\ccs\\utils\\bin\\gmake" -k -j 12 all -O 
 
gmake[1]: 'FinalProjectwithCANAprilStarter.out' is up to date.

**** Build Finished ****

**** Build of configuration CPU1_FLASH for project FinalProjectwithCANAprilStarter ****

"C:\\ti\\ccs1270\\ccs\\utils\\bin\\gmake" -k -j 12 all -O 
 
gmake[1]: 'FinalProjectwithCANAprilStarter.out' is up to date.

**** Build Finished ****

**** Build of configuration CPU1_FLASH for project FinalProjectwithCANAprilStarter ****

"C:\\ti\\ccs1270\\ccs\\utils\\bin\\gmake" -k -j 12 all -O 
 
Building file: "../FinalProjectwithCANAprilStarter_main.c"
Invoking: C2000 Compiler
"C:/ti/ccs1270/ccs/tools/compiler/ti-cgt-c2000_22.6.1.LTS/bin/cl2000" -v28 -ml -mt --cla_support=cla1 --float_support=fpu32 --tmu_support=tmu0 --vcu_support=vcu2 -Ooff --include_path="C:/MARIUS_FINAL_PROJECT/se423_final_project/workspace/FinalProjectwithCANAprilStarter" --include_path="C:/MARIUS_FINAL_PROJECT/se423_final_project/C2000Ware_4_01_00_00/device_support/f2837xd/common/include" --include_path="C:/MARIUS_FINAL_PROJECT/se423_final_project/C2000Ware_4_01_00_00/device_support/f2837xd/headers/include" --include_path="C:/MARIUS_FINAL_PROJECT/se423_final_project/workspace/FinalProjectwithCANAprilStarter/device" --include_path="C:/MARIUS_FINAL_PROJECT/se423_final_project/C2000Ware_4_01_00_00/driverlib/f2837xd/driverlib" --include_path="C:/MARIUS_FINAL_PROJECT/se423_final_project/C2000Ware_4_01_00_00/libraries/dsp/FPU/c28/include" --include_path="C:/ti/ccs1270/ccs/tools/compiler/ti-cgt-c2000_22.6.1.LTS/include" --define=DEBUG --define=_FLASH --define=_LAUNCHXL_F28379D --define=_DUAL_HEADERS --define=CPU1 --c11 --diag_suppress=10063 --diag_warning=225 --diag_wrap=off --display_error_number --abi=coffabi --preproc_with_compile --preproc_dependency="FinalProjectwithCANAprilStarter_main.d_raw"  "../FinalProjectwithCANAprilStarter_main.c"
"../FinalProjectwithCANAprilStarter_main.c", line 733 (col. 32): advice #2614-D: (Performance) Use --fp_mode=relaxed to enable TMU hardware support for FP division.
"../FinalProjectwithCANAprilStarter_main.c", line 1044 (col. 23): advice #2614-D: (Performance) Use --fp_mode=relaxed to enable TMU hardware support for cosf.
"../FinalProjectwithCANAprilStarter_main.c", line 1045 (col. 23): advice #2614-D: (Performance) Use --fp_mode=relaxed to enable TMU hardware support for sinf.
Finished building: "../FinalProjectwithCANAprilStarter_main.c"
 
Building target: "FinalProjectwithCANAprilStarter.out"
Invoking: C2000 Linker
"C:/ti/ccs1270/ccs/tools/compiler/ti-cgt-c2000_22.6.1.LTS/bin/cl2000" -v28 -ml -mt --cla_support=cla1 --float_support=fpu32 --tmu_support=tmu0 --vcu_support=vcu2 -Ooff --define=DEBUG --define=_FLASH --define=_LAUNCHXL_F28379D --define=_DUAL_HEADERS --define=CPU1 --c11 --diag_suppress=10063 --diag_warning=225 --diag_wrap=off --display_error_number --abi=coffabi -z -m"FinalProjectwithCANAprilStarter.map" --stack_size=0x800 --warn_sections -i"C:/ti/ccs1270/ccs/tools/compiler/ti-cgt-c2000_22.6.1.LTS/lib" -i"C:/ti/ccs1270/ccs/tools/compiler/ti-cgt-c2000_22.6.1.LTS/include" --reread_libs --diag_wrap=off --display_error_number --xml_link_info="FinalProjectwithCANAprilStarter_linkInfo.xml" --rom_model -o "FinalProjectwithCANAprilStarter.out" "./F28379dCAN.obj" "./F28379dSerial.obj" "./F2837xD_Adc.obj" "./F2837xD_CodeStartBranch.obj" "./F2837xD_CpuTimers.obj" "./F2837xD_DefaultISR.obj" "./F2837xD_EPwm.obj" "./F2837xD_GlobalVariableDefs.obj" "./F2837xD_Gpio.obj" "./F2837xD_PieCtrl.obj" "./F2837xD_PieVect.obj" "./F2837xD_Spi.obj" "./F2837xD_SysCtrl.obj" "./F2837xD_usDelay.obj" "./FinalProjectwithCANAprilStarter_main.obj" "./MatrixMath.obj" "./OptiTrack.obj" "./SE423Lib.obj" "./user_xy.obj" "./device/device.obj" "../2837xD_FLASH_lnk_cpu1.cmd" "../F2837xD_Headers_nonBIOS_cpu1.cmd" "C:/MARIUS_FINAL_PROJECT/se423_final_project/C2000Ware_4_01_00_00/libraries/dsp/FPU/c28/lib/c28x_fpu_dsp_library.lib" "C:/MARIUS_FINAL_PROJECT/se423_final_project/C2000Ware_4_01_00_00/driverlib/f2837xd/driverlib/ccs/Debug/driverlib.lib"  -llibc.a 
<Linking>
Finished building target: "FinalProjectwithCANAprilStarter.out"
 
C:/Program Files/C2Prog 2.x/c2p-cli mkehx --target=28379,378,377,375D-CPU01_SCI FinalProjectwithCANAprilStarter.out FlashIt.ehx
makefile:176: recipe for target 'post-build' failed
process_begin: CreateProcess(NULL, C:/Program Files/C2Prog 2.x/c2p-cli mkehx --target=28379,378,377,375D-CPU01_SCI FinalProjectwithCANAprilStarter.out FlashIt.ehx, ...) failed.
 
gmake[2]: [post-build] Error 2 (ignored)
 

**** Build Finished ****

**** Build of configuration CPU1_FLASH for project FinalProjectwithCANAprilStarter ****

"C:\\ti\\ccs1270\\ccs\\utils\\bin\\gmake" -k -j 12 all -O 
 
gmake[1]: 'FinalProjectwithCANAprilStarter.out' is up to date.

**** Build Finished ****

**** Build of configuration CPU1_FLASH for project FinalProjectwithCANAprilStarter ****

"C:\\ti\\ccs1270\\ccs\\utils\\bin\\gmake" -k -j 12 all -O 
 
Building file: "../FinalProjectwithCANAprilStarter_main.c"
Invoking: C2000 Compiler
"C:/ti/ccs1270/ccs/tools/compiler/ti-cgt-c2000_22.6.1.LTS/bin/cl2000" -v28 -ml -mt --cla_support=cla1 --float_support=fpu32 --tmu_support=tmu0 --vcu_support=vcu2 -Ooff --include_path="C:/MARIUS_FINAL_PROJECT/se423_final_project/workspace/FinalProjectwithCANAprilStarter" --include_path="C:/MARIUS_FINAL_PROJECT/se423_final_project/C2000Ware_4_01_00_00/device_support/f2837xd/common/include" --include_path="C:/MARIUS_FINAL_PROJECT/se423_final_project/C2000Ware_4_01_00_00/device_support/f2837xd/headers/include" --include_path="C:/MARIUS_FINAL_PROJECT/se423_final_project/workspace/FinalProjectwithCANAprilStarter/device" --include_path="C:/MARIUS_FINAL_PROJECT/se423_final_project/C2000Ware_4_01_00_00/driverlib/f2837xd/driverlib" --include_path="C:/MARIUS_FINAL_PROJECT/se423_final_project/C2000Ware_4_01_00_00/libraries/dsp/FPU/c28/include" --include_path="C:/ti/ccs1270/ccs/tools/compiler/ti-cgt-c2000_22.6.1.LTS/include" --define=DEBUG --define=_FLASH --define=_LAUNCHXL_F28379D --define=_DUAL_HEADERS --define=CPU1 --c11 --diag_suppress=10063 --diag_warning=225 --diag_wrap=off --display_error_number --abi=coffabi --preproc_with_compile --preproc_dependency="FinalProjectwithCANAprilStarter_main.d_raw"  "../FinalProjectwithCANAprilStarter_main.c"
"../FinalProjectwithCANAprilStarter_main.c", line 733 (col. 32): advice #2614-D: (Performance) Use --fp_mode=relaxed to enable TMU hardware support for FP division.
"../FinalProjectwithCANAprilStarter_main.c", line 1044 (col. 23): advice #2614-D: (Performance) Use --fp_mode=relaxed to enable TMU hardware support for cosf.
"../FinalProjectwithCANAprilStarter_main.c", line 1045 (col. 23): advice #2614-D: (Performance) Use --fp_mode=relaxed to enable TMU hardware support for sinf.
Finished building: "../FinalProjectwithCANAprilStarter_main.c"
 
Building target: "FinalProjectwithCANAprilStarter.out"
Invoking: C2000 Linker
"C:/ti/ccs1270/ccs/tools/compiler/ti-cgt-c2000_22.6.1.LTS/bin/cl2000" -v28 -ml -mt --cla_support=cla1 --float_support=fpu32 --tmu_support=tmu0 --vcu_support=vcu2 -Ooff --define=DEBUG --define=_FLASH --define=_LAUNCHXL_F28379D --define=_DUAL_HEADERS --define=CPU1 --c11 --diag_suppress=10063 --diag_warning=225 --diag_wrap=off --display_error_number --abi=coffabi -z -m"FinalProjectwithCANAprilStarter.map" --stack_size=0x800 --warn_sections -i"C:/ti/ccs1270/ccs/tools/compiler/ti-cgt-c2000_22.6.1.LTS/lib" -i"C:/ti/ccs1270/ccs/tools/compiler/ti-cgt-c2000_22.6.1.LTS/include" --reread_libs --diag_wrap=off --display_error_number --xml_link_info="FinalProjectwithCANAprilStarter_linkInfo.xml" --rom_model -o "FinalProjectwithCANAprilStarter.out" "./F28379dCAN.obj" "./F28379dSerial.obj" "./F2837xD_Adc.obj" "./F2837xD_CodeStartBranch.obj" "./F2837xD_CpuTimers.obj" "./F2837xD_DefaultISR.obj" "./F2837xD_EPwm.obj" "./F2837xD_GlobalVariableDefs.obj" "./F2837xD_Gpio.obj" "./F2837xD_PieCtrl.obj" "./F2837xD_PieVect.obj" "./F2837xD_Spi.obj" "./F2837xD_SysCtrl.obj" "./F2837xD_usDelay.obj" "./FinalProjectwithCANAprilStarter_main.obj" "./MatrixMath.obj" "./OptiTrack.obj" "./SE423Lib.obj" "./user_xy.obj" "./device/device.obj" "../2837xD_FLASH_lnk_cpu1.cmd" "../F2837xD_Headers_nonBIOS_cpu1.cmd" "C:/MARIUS_FINAL_PROJECT/se423_final_project/C2000Ware_4_01_00_00/libraries/dsp/FPU/c28/lib/c28x_fpu_dsp_library.lib" "C:/MARIUS_FINAL_PROJECT/se423_final_project/C2000Ware_4_01_00_00/driverlib/f2837xd/driverlib/ccs/Debug/driverlib.lib"  -llibc.a 
<Linking>
Finished building target: "FinalProjectwithCANAprilStarter.out"
 
C:/Program Files/C2Prog 2.x/c2p-cli mkehx --target=28379,378,377,375D-CPU01_SCI FinalProjectwithCANAprilStarter.out FlashIt.ehx
makefile:176: recipe for target 'post-build' failed
process_begin: CreateProcess(NULL, C:/Program Files/C2Prog 2.x/c2p-cli mkehx --target=28379,378,377,375D-CPU01_SCI FinalProjectwithCANAprilStarter.out FlashIt.ehx, ...) failed.
 
gmake[2]: [post-build] Error 2 (ignored)
 

**** Build Finished ****

**** Build of configuration CPU1_FLASH for project FinalProjectwithCANAprilStarter ****

"C:\\ti\\ccs1270\\ccs\\utils\\bin\\gmake" -k -j 12 all -O 
 
gmake[1]: 'FinalProjectwithCANAprilStarter.out' is up to date.

**** Build Finished ****

**** Build of configuration CPU1_FLASH for project FinalProjectwithCANAprilStarter ****

"C:\\ti\\ccs1270\\ccs\\utils\\bin\\gmake" -k -j 12 all -O 
 
Building file: "../FinalProjectwithCANAprilStarter_main.c"
Invoking: C2000 Compiler
"C:/ti/ccs1270/ccs/tools/compiler/ti-cgt-c2000_22.6.1.LTS/bin/cl2000" -v28 -ml -mt --cla_support=cla1 --float_support=fpu32 --tmu_support=tmu0 --vcu_support=vcu2 -Ooff --include_path="C:/MARIUS_FINAL_PROJECT/se423_final_project/workspace/FinalProjectwithCANAprilStarter" --include_path="C:/MARIUS_FINAL_PROJECT/se423_final_project/C2000Ware_4_01_00_00/device_support/f2837xd/common/include" --include_path="C:/MARIUS_FINAL_PROJECT/se423_final_project/C2000Ware_4_01_00_00/device_support/f2837xd/headers/include" --include_path="C:/MARIUS_FINAL_PROJECT/se423_final_project/workspace/FinalProjectwithCANAprilStarter/device" --include_path="C:/MARIUS_FINAL_PROJECT/se423_final_project/C2000Ware_4_01_00_00/driverlib/f2837xd/driverlib" --include_path="C:/MARIUS_FINAL_PROJECT/se423_final_project/C2000Ware_4_01_00_00/libraries/dsp/FPU/c28/include" --include_path="C:/ti/ccs1270/ccs/tools/compiler/ti-cgt-c2000_22.6.1.LTS/include" --define=DEBUG --define=_FLASH --define=_LAUNCHXL_F28379D --define=_DUAL_HEADERS --define=CPU1 --c11 --diag_suppress=10063 --diag_warning=225 --diag_wrap=off --display_error_number --abi=coffabi --preproc_with_compile --preproc_dependency="FinalProjectwithCANAprilStarter_main.d_raw"  "../FinalProjectwithCANAprilStarter_main.c"
"../FinalProjectwithCANAprilStarter_main.c", line 733 (col. 32): advice #2614-D: (Performance) Use --fp_mode=relaxed to enable TMU hardware support for FP division.
"../FinalProjectwithCANAprilStarter_main.c", line 1044 (col. 23): advice #2614-D: (Performance) Use --fp_mode=relaxed to enable TMU hardware support for cosf.
"../FinalProjectwithCANAprilStarter_main.c", line 1045 (col. 23): advice #2614-D: (Performance) Use --fp_mode=relaxed to enable TMU hardware support for sinf.
Finished building: "../FinalProjectwithCANAprilStarter_main.c"
 
Building target: "FinalProjectwithCANAprilStarter.out"
Invoking: C2000 Linker
"C:/ti/ccs1270/ccs/tools/compiler/ti-cgt-c2000_22.6.1.LTS/bin/cl2000" -v28 -ml -mt --cla_support=cla1 --float_support=fpu32 --tmu_support=tmu0 --vcu_support=vcu2 -Ooff --define=DEBUG --define=_FLASH --define=_LAUNCHXL_F28379D --define=_DUAL_HEADERS --define=CPU1 --c11 --diag_suppress=10063 --diag_warning=225 --diag_wrap=off --display_error_number --abi=coffabi -z -m"FinalProjectwithCANAprilStarter.map" --stack_size=0x800 --warn_sections -i"C:/ti/ccs1270/ccs/tools/compiler/ti-cgt-c2000_22.6.1.LTS/lib" -i"C:/ti/ccs1270/ccs/tools/compiler/ti-cgt-c2000_22.6.1.LTS/include" --reread_libs --diag_wrap=off --display_error_number --xml_link_info="FinalProjectwithCANAprilStarter_linkInfo.xml" --rom_model -o "FinalProjectwithCANAprilStarter.out" "./F28379dCAN.obj" "./F28379dSerial.obj" "./F2837xD_Adc.obj" "./F2837xD_CodeStartBranch.obj" "./F2837xD_CpuTimers.obj" "./F2837xD_DefaultISR.obj" "./F2837xD_EPwm.obj" "./F2837xD_GlobalVariableDefs.obj" "./F2837xD_Gpio.obj" "./F2837xD_PieCtrl.obj" "./F2837xD_PieVect.obj" "./F2837xD_Spi.obj" "./F2837xD_SysCtrl.obj" "./F2837xD_usDelay.obj" "./FinalProjectwithCANAprilStarter_main.obj" "./MatrixMath.obj" "./OptiTrack.obj" "./SE423Lib.obj" "./user_xy.obj" "./device/device.obj" "../2837xD_FLASH_lnk_cpu1.cmd" "../F2837xD_Headers_nonBIOS_cpu1.cmd" "C:/MARIUS_FINAL_PROJECT/se423_final_project/C2000Ware_4_01_00_00/libraries/dsp/FPU/c28/lib/c28x_fpu_dsp_library.lib" "C:/MARIUS_FINAL_PROJECT/se423_final_project/C2000Ware_4_01_00_00/driverlib/f2837xd/driverlib/ccs/Debug/driverlib.lib"  -llibc.a 
<Linking>
Finished building target: "FinalProjectwithCANAprilStarter.out"
 
C:/Program Files/C2Prog 2.x/c2p-cli mkehx --target=28379,378,377,375D-CPU01_SCI FinalProjectwithCANAprilStarter.out FlashIt.ehx
makefile:176: recipe for target 'post-build' failed
 
process_begin: CreateProcess(NULL, C:/Program Files/C2Prog 2.x/c2p-cli mkehx --target=28379,378,377,375D-CPU01_SCI FinalProjectwithCANAprilStarter.out FlashIt.ehx, ...) failed.
 
gmake[2]: [post-build] Error 2 (ignored)

**** Build Finished ****

**** Build of configuration CPU1_FLASH for project FinalProjectwithCANAprilStarter ****

"C:\\ti\\ccs1270\\ccs\\utils\\bin\\gmake" -k -j 12 all -O 
 
gmake[1]: 'FinalProjectwithCANAprilStarter.out' is up to date.

**** Build Finished ****

**** Build of configuration CPU1_FLASH for project FinalProjectwithCANAprilStarter ****

"C:\\ti\\ccs1270\\ccs\\utils\\bin\\gmake" -k -j 12 all -O 
 
Building file: "../FinalProjectwithCANAprilStarter_main.c"
Invoking: C2000 Compiler
"C:/ti/ccs1270/ccs/tools/compiler/ti-cgt-c2000_22.6.1.LTS/bin/cl2000" -v28 -ml -mt --cla_support=cla1 --float_support=fpu32 --tmu_support=tmu0 --vcu_support=vcu2 -Ooff --include_path="C:/MARIUS_FINAL_PROJECT/se423_final_project/workspace/FinalProjectwithCANAprilStarter" --include_path="C:/MARIUS_FINAL_PROJECT/se423_final_project/C2000Ware_4_01_00_00/device_support/f2837xd/common/include" --include_path="C:/MARIUS_FINAL_PROJECT/se423_final_project/C2000Ware_4_01_00_00/device_support/f2837xd/headers/include" --include_path="C:/MARIUS_FINAL_PROJECT/se423_final_project/workspace/FinalProjectwithCANAprilStarter/device" --include_path="C:/MARIUS_FINAL_PROJECT/se423_final_project/C2000Ware_4_01_00_00/driverlib/f2837xd/driverlib" --include_path="C:/MARIUS_FINAL_PROJECT/se423_final_project/C2000Ware_4_01_00_00/libraries/dsp/FPU/c28/include" --include_path="C:/ti/ccs1270/ccs/tools/compiler/ti-cgt-c2000_22.6.1.LTS/include" --define=DEBUG --define=_FLASH --define=_LAUNCHXL_F28379D --define=_DUAL_HEADERS --define=CPU1 --c11 --diag_suppress=10063 --diag_warning=225 --diag_wrap=off --display_error_number --abi=coffabi --preproc_with_compile --preproc_dependency="FinalProjectwithCANAprilStarter_main.d_raw"  "../FinalProjectwithCANAprilStarter_main.c"
"../FinalProjectwithCANAprilStarter_main.c", line 733 (col. 32): advice #2614-D: (Performance) Use --fp_mode=relaxed to enable TMU hardware support for FP division.
"../FinalProjectwithCANAprilStarter_main.c", line 1044 (col. 23): advice #2614-D: (Performance) Use --fp_mode=relaxed to enable TMU hardware support for cosf.
"../FinalProjectwithCANAprilStarter_main.c", line 1045 (col. 23): advice #2614-D: (Performance) Use --fp_mode=relaxed to enable TMU hardware support for sinf.
Finished building: "../FinalProjectwithCANAprilStarter_main.c"
 
Building target: "FinalProjectwithCANAprilStarter.out"
Invoking: C2000 Linker
"C:/ti/ccs1270/ccs/tools/compiler/ti-cgt-c2000_22.6.1.LTS/bin/cl2000" -v28 -ml -mt --cla_support=cla1 --float_support=fpu32 --tmu_support=tmu0 --vcu_support=vcu2 -Ooff --define=DEBUG --define=_FLASH --define=_LAUNCHXL_F28379D --define=_DUAL_HEADERS --define=CPU1 --c11 --diag_suppress=10063 --diag_warning=225 --diag_wrap=off --display_error_number --abi=coffabi -z -m"FinalProjectwithCANAprilStarter.map" --stack_size=0x800 --warn_sections -i"C:/ti/ccs1270/ccs/tools/compiler/ti-cgt-c2000_22.6.1.LTS/lib" -i"C:/ti/ccs1270/ccs/tools/compiler/ti-cgt-c2000_22.6.1.LTS/include" --reread_libs --diag_wrap=off --display_error_number --xml_link_info="FinalProjectwithCANAprilStarter_linkInfo.xml" --rom_model -o "FinalProjectwithCANAprilStarter.out" "./F28379dCAN.obj" "./F28379dSerial.obj" "./F2837xD_Adc.obj" "./F2837xD_CodeStartBranch.obj" "./F2837xD_CpuTimers.obj" "./F2837xD_DefaultISR.obj" "./F2837xD_EPwm.obj" "./F2837xD_GlobalVariableDefs.obj" "./F2837xD_Gpio.obj" "./F2837xD_PieCtrl.obj" "./F2837xD_PieVect.obj" "./F2837xD_Spi.obj" "./F2837xD_SysCtrl.obj" "./F2837xD_usDelay.obj" "./FinalProjectwithCANAprilStarter_main.obj" "./MatrixMath.obj" "./OptiTrack.obj" "./SE423Lib.obj" "./user_xy.obj" "./device/device.obj" "../2837xD_FLASH_lnk_cpu1.cmd" "../F2837xD_Headers_nonBIOS_cpu1.cmd" "C:/MARIUS_FINAL_PROJECT/se423_final_project/C2000Ware_4_01_00_00/libraries/dsp/FPU/c28/lib/c28x_fpu_dsp_library.lib" "C:/MARIUS_FINAL_PROJECT/se423_final_project/C2000Ware_4_01_00_00/driverlib/f2837xd/driverlib/ccs/Debug/driverlib.lib"  -llibc.a 
<Linking>
Finished building target: "FinalProjectwithCANAprilStarter.out"
 
C:/Program Files/C2Prog 2.x/c2p-cli mkehx --target=28379,378,377,375D-CPU01_SCI FinalProjectwithCANAprilStarter.out FlashIt.ehx
makefile:176: recipe for target 'post-build' failed
process_begin: CreateProcess(NULL, C:/Program Files/C2Prog 2.x/c2p-cli mkehx --target=28379,378,377,375D-CPU01_SCI FinalProjectwithCANAprilStarter.out FlashIt.ehx, ...) failed.
 
gmake[2]: [post-build] Error 2 (ignored)
 

**** Build Finished ****

**** Build of configuration CPU1_FLASH for project FinalProjectwithCANAprilStarter ****

"C:\\ti\\ccs1270\\ccs\\utils\\bin\\gmake" -k -j 12 all -O 
 
gmake[1]: 'FinalProjectwithCANAprilStarter.out' is up to date.

**** Build Finished ****

**** Build of configuration CPU1_FLASH for project FinalProjectwithCANAprilStarter ****

"C:\\ti\\ccs1270\\ccs\\utils\\bin\\gmake" -k -j 12 all -O 
 
Building file: "../FinalProjectwithCANAprilStarter_main.c"
Invoking: C2000 Compiler
"C:/ti/ccs1270/ccs/tools/compiler/ti-cgt-c2000_22.6.1.LTS/bin/cl2000" -v28 -ml -mt --cla_support=cla1 --float_support=fpu32 --tmu_support=tmu0 --vcu_support=vcu2 -Ooff --include_path="C:/MARIUS_FINAL_PROJECT/se423_final_project/workspace/FinalProjectwithCANAprilStarter" --include_path="C:/MARIUS_FINAL_PROJECT/se423_final_project/C2000Ware_4_01_00_00/device_support/f2837xd/common/include" --include_path="C:/MARIUS_FINAL_PROJECT/se423_final_project/C2000Ware_4_01_00_00/device_support/f2837xd/headers/include" --include_path="C:/MARIUS_FINAL_PROJECT/se423_final_project/workspace/FinalProjectwithCANAprilStarter/device" --include_path="C:/MARIUS_FINAL_PROJECT/se423_final_project/C2000Ware_4_01_00_00/driverlib/f2837xd/driverlib" --include_path="C:/MARIUS_FINAL_PROJECT/se423_final_project/C2000Ware_4_01_00_00/libraries/dsp/FPU/c28/include" --include_path="C:/ti/ccs1270/ccs/tools/compiler/ti-cgt-c2000_22.6.1.LTS/include" --define=DEBUG --define=_FLASH --define=_LAUNCHXL_F28379D --define=_DUAL_HEADERS --define=CPU1 --c11 --diag_suppress=10063 --diag_warning=225 --diag_wrap=off --display_error_number --abi=coffabi --preproc_with_compile --preproc_dependency="FinalProjectwithCANAprilStarter_main.d_raw"  "../FinalProjectwithCANAprilStarter_main.c"
"../FinalProjectwithCANAprilStarter_main.c", line 733 (col. 32): advice #2614-D: (Performance) Use --fp_mode=relaxed to enable TMU hardware support for FP division.
"../FinalProjectwithCANAprilStarter_main.c", line 1044 (col. 23): advice #2614-D: (Performance) Use --fp_mode=relaxed to enable TMU hardware support for cosf.
"../FinalProjectwithCANAprilStarter_main.c", line 1045 (col. 23): advice #2614-D: (Performance) Use --fp_mode=relaxed to enable TMU hardware support for sinf.
Finished building: "../FinalProjectwithCANAprilStarter_main.c"
 
Building target: "FinalProjectwithCANAprilStarter.out"
Invoking: C2000 Linker
"C:/ti/ccs1270/ccs/tools/compiler/ti-cgt-c2000_22.6.1.LTS/bin/cl2000" -v28 -ml -mt --cla_support=cla1 --float_support=fpu32 --tmu_support=tmu0 --vcu_support=vcu2 -Ooff --define=DEBUG --define=_FLASH --define=_LAUNCHXL_F28379D --define=_DUAL_HEADERS --define=CPU1 --c11 --diag_suppress=10063 --diag_warning=225 --diag_wrap=off --display_error_number --abi=coffabi -z -m"FinalProjectwithCANAprilStarter.map" --stack_size=0x800 --warn_sections -i"C:/ti/ccs1270/ccs/tools/compiler/ti-cgt-c2000_22.6.1.LTS/lib" -i"C:/ti/ccs1270/ccs/tools/compiler/ti-cgt-c2000_22.6.1.LTS/include" --reread_libs --diag_wrap=off --display_error_number --xml_link_info="FinalProjectwithCANAprilStarter_linkInfo.xml" --rom_model -o "FinalProjectwithCANAprilStarter.out" "./F28379dCAN.obj" "./F28379dSerial.obj" "./F2837xD_Adc.obj" "./F2837xD_CodeStartBranch.obj" "./F2837xD_CpuTimers.obj" "./F2837xD_DefaultISR.obj" "./F2837xD_EPwm.obj" "./F2837xD_GlobalVariableDefs.obj" "./F2837xD_Gpio.obj" "./F2837xD_PieCtrl.obj" "./F2837xD_PieVect.obj" "./F2837xD_Spi.obj" "./F2837xD_SysCtrl.obj" "./F2837xD_usDelay.obj" "./FinalProjectwithCANAprilStarter_main.obj" "./MatrixMath.obj" "./OptiTrack.obj" "./SE423Lib.obj" "./user_xy.obj" "./device/device.obj" "../2837xD_FLASH_lnk_cpu1.cmd" "../F2837xD_Headers_nonBIOS_cpu1.cmd" "C:/MARIUS_FINAL_PROJECT/se423_final_project/C2000Ware_4_01_00_00/libraries/dsp/FPU/c28/lib/c28x_fpu_dsp_library.lib" "C:/MARIUS_FINAL_PROJECT/se423_final_project/C2000Ware_4_01_00_00/driverlib/f2837xd/driverlib/ccs/Debug/driverlib.lib"  -llibc.a 
<Linking>
Finished building target: "FinalProjectwithCANAprilStarter.out"
 
C:/Program Files/C2Prog 2.x/c2p-cli mkehx --target=28379,378,377,375D-CPU01_SCI FinalProjectwithCANAprilStarter.out FlashIt.ehx
makefile:176: recipe for target 'post-build' failed
process_begin: CreateProcess(NULL, C:/Program Files/C2Prog 2.x/c2p-cli mkehx --target=28379,378,377,375D-CPU01_SCI FinalProjectwithCANAprilStarter.out FlashIt.ehx, ...) failed.
 
gmake[2]: [post-build] Error 2 (ignored)
 

**** Build Finished ****

**** Build of configuration CPU1_FLASH for project FinalProjectwithCANAprilStarter ****

"C:\\ti\\ccs1270\\ccs\\utils\\bin\\gmake" -k -j 12 all -O 
 
gmake[1]: 'FinalProjectwithCANAprilStarter.out' is up to date.

**** Build Finished ****

**** Build of configuration CPU1_FLASH for project FinalProjectwithCANAprilStarter ****

"C:\\ti\\ccs1270\\ccs\\utils\\bin\\gmake" -k -j 12 all -O 
 
Building file: "../FinalProjectwithCANAprilStarter_main.c"
Invoking: C2000 Compiler
"C:/ti/ccs1270/ccs/tools/compiler/ti-cgt-c2000_22.6.1.LTS/bin/cl2000" -v28 -ml -mt --cla_support=cla1 --float_support=fpu32 --tmu_support=tmu0 --vcu_support=vcu2 -Ooff --include_path="C:/MARIUS_FINAL_PROJECT/se423_final_project/workspace/FinalProjectwithCANAprilStarter" --include_path="C:/MARIUS_FINAL_PROJECT/se423_final_project/C2000Ware_4_01_00_00/device_support/f2837xd/common/include" --include_path="C:/MARIUS_FINAL_PROJECT/se423_final_project/C2000Ware_4_01_00_00/device_support/f2837xd/headers/include" --include_path="C:/MARIUS_FINAL_PROJECT/se423_final_project/workspace/FinalProjectwithCANAprilStarter/device" --include_path="C:/MARIUS_FINAL_PROJECT/se423_final_project/C2000Ware_4_01_00_00/driverlib/f2837xd/driverlib" --include_path="C:/MARIUS_FINAL_PROJECT/se423_final_project/C2000Ware_4_01_00_00/libraries/dsp/FPU/c28/include" --include_path="C:/ti/ccs1270/ccs/tools/compiler/ti-cgt-c2000_22.6.1.LTS/include" --define=DEBUG --define=_FLASH --define=_LAUNCHXL_F28379D --define=_DUAL_HEADERS --define=CPU1 --c11 --diag_suppress=10063 --diag_warning=225 --diag_wrap=off --display_error_number --abi=coffabi --preproc_with_compile --preproc_dependency="FinalProjectwithCANAprilStarter_main.d_raw"  "../FinalProjectwithCANAprilStarter_main.c"
"../FinalProjectwithCANAprilStarter_main.c", line 733 (col. 32): advice #2614-D: (Performance) Use --fp_mode=relaxed to enable TMU hardware support for FP division.
"../FinalProjectwithCANAprilStarter_main.c", line 1044 (col. 23): advice #2614-D: (Performance) Use --fp_mode=relaxed to enable TMU hardware support for cosf.
"../FinalProjectwithCANAprilStarter_main.c", line 1045 (col. 23): advice #2614-D: (Performance) Use --fp_mode=relaxed to enable TMU hardware support for sinf.
Finished building: "../FinalProjectwithCANAprilStarter_main.c"
 
Building target: "FinalProjectwithCANAprilStarter.out"
Invoking: C2000 Linker
"C:/ti/ccs1270/ccs/tools/compiler/ti-cgt-c2000_22.6.1.LTS/bin/cl2000" -v28 -ml -mt --cla_support=cla1 --float_support=fpu32 --tmu_support=tmu0 --vcu_support=vcu2 -Ooff --define=DEBUG --define=_FLASH --define=_LAUNCHXL_F28379D --define=_DUAL_HEADERS --define=CPU1 --c11 --diag_suppress=10063 --diag_warning=225 --diag_wrap=off --display_error_number --abi=coffabi -z -m"FinalProjectwithCANAprilStarter.map" --stack_size=0x800 --warn_sections -i"C:/ti/ccs1270/ccs/tools/compiler/ti-cgt-c2000_22.6.1.LTS/lib" -i"C:/ti/ccs1270/ccs/tools/compiler/ti-cgt-c2000_22.6.1.LTS/include" --reread_libs --diag_wrap=off --display_error_number --xml_link_info="FinalProjectwithCANAprilStarter_linkInfo.xml" --rom_model -o "FinalProjectwithCANAprilStarter.out" "./F28379dCAN.obj" "./F28379dSerial.obj" "./F2837xD_Adc.obj" "./F2837xD_CodeStartBranch.obj" "./F2837xD_CpuTimers.obj" "./F2837xD_DefaultISR.obj" "./F2837xD_EPwm.obj" "./F2837xD_GlobalVariableDefs.obj" "./F2837xD_Gpio.obj" "./F2837xD_PieCtrl.obj" "./F2837xD_PieVect.obj" "./F2837xD_Spi.obj" "./F2837xD_SysCtrl.obj" "./F2837xD_usDelay.obj" "./FinalProjectwithCANAprilStarter_main.obj" "./MatrixMath.obj" "./OptiTrack.obj" "./SE423Lib.obj" "./user_xy.obj" "./device/device.obj" "../2837xD_FLASH_lnk_cpu1.cmd" "../F2837xD_Headers_nonBIOS_cpu1.cmd" "C:/MARIUS_FINAL_PROJECT/se423_final_project/C2000Ware_4_01_00_00/libraries/dsp/FPU/c28/lib/c28x_fpu_dsp_library.lib" "C:/MARIUS_FINAL_PROJECT/se423_final_project/C2000Ware_4_01_00_00/driverlib/f2837xd/driverlib/ccs/Debug/driverlib.lib"  -llibc.a 
<Linking>
Finished building target: "FinalProjectwithCANAprilStarter.out"
 
C:/Program Files/C2Prog 2.x/c2p-cli mkehx --target=28379,378,377,375D-CPU01_SCI FinalProjectwithCANAprilStarter.out FlashIt.ehx
makefile:176: recipe for target 'post-build' failed
process_begin: CreateProcess(NULL, C:/Program Files/C2Prog 2.x/c2p-cli mkehx --target=28379,378,377,375D-CPU01_SCI FinalProjectwithCANAprilStarter.out FlashIt.ehx, ...) failed.
 
gmake[2]: [post-build] Error 2 (ignored)
 

**** Build Finished ****

**** Build of configuration CPU1_FLASH for project FinalProjectwithCANAprilStarter ****

"C:\\ti\\ccs1270\\ccs\\utils\\bin\\gmake" -k -j 12 all -O 
 
gmake[1]: 'FinalProjectwithCANAprilStarter.out' is up to date.

**** Build Finished ****

**** Build of configuration CPU1_FLASH for project FinalProjectwithCANAprilStarter ****

"C:\\ti\\ccs1270\\ccs\\utils\\bin\\gmake" -k -j 12 all -O 
 
gmake[1]: 'FinalProjectwithCANAprilStarter.out' is up to date.

**** Build Finished ****

**** Build of configuration CPU1_FLASH for project FinalProjectwithCANAprilStarter ****

"C:\\ti\\ccs1270\\ccs\\utils\\bin\\gmake" -k -j 12 all -O 
 
Building file: "../FinalProjectwithCANAprilStarter_main.c"
Invoking: C2000 Compiler
"C:/ti/ccs1270/ccs/tools/compiler/ti-cgt-c2000_22.6.1.LTS/bin/cl2000" -v28 -ml -mt --cla_support=cla1 --float_support=fpu32 --tmu_support=tmu0 --vcu_support=vcu2 -Ooff --include_path="C:/MARIUS_FINAL_PROJECT/se423_final_project/workspace/FinalProjectwithCANAprilStarter" --include_path="C:/MARIUS_FINAL_PROJECT/se423_final_project/C2000Ware_4_01_00_00/device_support/f2837xd/common/include" --include_path="C:/MARIUS_FINAL_PROJECT/se423_final_project/C2000Ware_4_01_00_00/device_support/f2837xd/headers/include" --include_path="C:/MARIUS_FINAL_PROJECT/se423_final_project/workspace/FinalProjectwithCANAprilStarter/device" --include_path="C:/MARIUS_FINAL_PROJECT/se423_final_project/C2000Ware_4_01_00_00/driverlib/f2837xd/driverlib" --include_path="C:/MARIUS_FINAL_PROJECT/se423_final_project/C2000Ware_4_01_00_00/libraries/dsp/FPU/c28/include" --include_path="C:/ti/ccs1270/ccs/tools/compiler/ti-cgt-c2000_22.6.1.LTS/include" --define=DEBUG --define=_FLASH --define=_LAUNCHXL_F28379D --define=_DUAL_HEADERS --define=CPU1 --c11 --diag_suppress=10063 --diag_warning=225 --diag_wrap=off --display_error_number --abi=coffabi --preproc_with_compile --preproc_dependency="FinalProjectwithCANAprilStarter_main.d_raw"  "../FinalProjectwithCANAprilStarter_main.c"
"../FinalProjectwithCANAprilStarter_main.c", line 733 (col. 32): advice #2614-D: (Performance) Use --fp_mode=relaxed to enable TMU hardware support for FP division.
"../FinalProjectwithCANAprilStarter_main.c", line 1044 (col. 23): advice #2614-D: (Performance) Use --fp_mode=relaxed to enable TMU hardware support for cosf.
"../FinalProjectwithCANAprilStarter_main.c", line 1045 (col. 23): advice #2614-D: (Performance) Use --fp_mode=relaxed to enable TMU hardware support for sinf.
Finished building: "../FinalProjectwithCANAprilStarter_main.c"
 
Building target: "FinalProjectwithCANAprilStarter.out"
Invoking: C2000 Linker
"C:/ti/ccs1270/ccs/tools/compiler/ti-cgt-c2000_22.6.1.LTS/bin/cl2000" -v28 -ml -mt --cla_support=cla1 --float_support=fpu32 --tmu_support=tmu0 --vcu_support=vcu2 -Ooff --define=DEBUG --define=_FLASH --define=_LAUNCHXL_F28379D --define=_DUAL_HEADERS --define=CPU1 --c11 --diag_suppress=10063 --diag_warning=225 --diag_wrap=off --display_error_number --abi=coffabi -z -m"FinalProjectwithCANAprilStarter.map" --stack_size=0x800 --warn_sections -i"C:/ti/ccs1270/ccs/tools/compiler/ti-cgt-c2000_22.6.1.LTS/lib" -i"C:/ti/ccs1270/ccs/tools/compiler/ti-cgt-c2000_22.6.1.LTS/include" --reread_libs --diag_wrap=off --display_error_number --xml_link_info="FinalProjectwithCANAprilStarter_linkInfo.xml" --rom_model -o "FinalProjectwithCANAprilStarter.out" "./F28379dCAN.obj" "./F28379dSerial.obj" "./F2837xD_Adc.obj" "./F2837xD_CodeStartBranch.obj" "./F2837xD_CpuTimers.obj" "./F2837xD_DefaultISR.obj" "./F2837xD_EPwm.obj" "./F2837xD_GlobalVariableDefs.obj" "./F2837xD_Gpio.obj" "./F2837xD_PieCtrl.obj" "./F2837xD_PieVect.obj" "./F2837xD_Spi.obj" "./F2837xD_SysCtrl.obj" "./F2837xD_usDelay.obj" "./FinalProjectwithCANAprilStarter_main.obj" "./MatrixMath.obj" "./OptiTrack.obj" "./SE423Lib.obj" "./user_xy.obj" "./device/device.obj" "../2837xD_FLASH_lnk_cpu1.cmd" "../F2837xD_Headers_nonBIOS_cpu1.cmd" "C:/MARIUS_FINAL_PROJECT/se423_final_project/C2000Ware_4_01_00_00/libraries/dsp/FPU/c28/lib/c28x_fpu_dsp_library.lib" "C:/MARIUS_FINAL_PROJECT/se423_final_project/C2000Ware_4_01_00_00/driverlib/f2837xd/driverlib/ccs/Debug/driverlib.lib"  -llibc.a 
<Linking>
Finished building target: "FinalProjectwithCANAprilStarter.out"
 
C:/Program Files/C2Prog 2.x/c2p-cli mkehx --target=28379,378,377,375D-CPU01_SCI FinalProjectwithCANAprilStarter.out FlashIt.ehx
makefile:176: recipe for target 'post-build' failed
process_begin: CreateProcess(NULL, C:/Program Files/C2Prog 2.x/c2p-cli mkehx --target=28379,378,377,375D-CPU01_SCI FinalProjectwithCANAprilStarter.out FlashIt.ehx, ...) failed.
 
gmake[2]: [post-build] Error 2 (ignored)
 

**** Build Finished ****

**** Build of configuration CPU1_FLASH for project FinalProjectwithCANAprilStarter ****

"C:\\ti\\ccs1270\\ccs\\utils\\bin\\gmake" -k -j 12 all -O 
 
Building file: "../FinalProjectwithCANAprilStarter_main.c"
Invoking: C2000 Compiler
"C:/ti/ccs1270/ccs/tools/compiler/ti-cgt-c2000_22.6.1.LTS/bin/cl2000" -v28 -ml -mt --cla_support=cla1 --float_support=fpu32 --tmu_support=tmu0 --vcu_support=vcu2 -Ooff --include_path="C:/MARIUS_FINAL_PROJECT/se423_final_project/workspace/FinalProjectwithCANAprilStarter" --include_path="C:/MARIUS_FINAL_PROJECT/se423_final_project/C2000Ware_4_01_00_00/device_support/f2837xd/common/include" --include_path="C:/MARIUS_FINAL_PROJECT/se423_final_project/C2000Ware_4_01_00_00/device_support/f2837xd/headers/include" --include_path="C:/MARIUS_FINAL_PROJECT/se423_final_project/workspace/FinalProjectwithCANAprilStarter/device" --include_path="C:/MARIUS_FINAL_PROJECT/se423_final_project/C2000Ware_4_01_00_00/driverlib/f2837xd/driverlib" --include_path="C:/MARIUS_FINAL_PROJECT/se423_final_project/C2000Ware_4_01_00_00/libraries/dsp/FPU/c28/include" --include_path="C:/ti/ccs1270/ccs/tools/compiler/ti-cgt-c2000_22.6.1.LTS/include" --define=DEBUG --define=_FLASH --define=_LAUNCHXL_F28379D --define=_DUAL_HEADERS --define=CPU1 --c11 --diag_suppress=10063 --diag_warning=225 --diag_wrap=off --display_error_number --abi=coffabi --preproc_with_compile --preproc_dependency="FinalProjectwithCANAprilStarter_main.d_raw"  "../FinalProjectwithCANAprilStarter_main.c"
 
>> Compilation failure
subdir_rules.mk:9: recipe for target 'FinalProjectwithCANAprilStarter_main.obj' failed
"../FinalProjectwithCANAprilStarter_main.c", line 1350: error #66: expected a ";"
1 error detected in the compilation of "../FinalProjectwithCANAprilStarter_main.c".
gmake: *** [FinalProjectwithCANAprilStarter_main.obj] Error 1
gmake: Target 'all' not remade because of errors.

**** Build Finished ****

**** Build of configuration CPU1_FLASH for project FinalProjectwithCANAprilStarter ****

"C:\\ti\\ccs1270\\ccs\\utils\\bin\\gmake" -k -j 12 all -O 
 
Building file: "../FinalProjectwithCANAprilStarter_main.c"
Invoking: C2000 Compiler
"C:/ti/ccs1270/ccs/tools/compiler/ti-cgt-c2000_22.6.1.LTS/bin/cl2000" -v28 -ml -mt --cla_support=cla1 --float_support=fpu32 --tmu_support=tmu0 --vcu_support=vcu2 -Ooff --include_path="C:/MARIUS_FINAL_PROJECT/se423_final_project/workspace/FinalProjectwithCANAprilStarter" --include_path="C:/MARIUS_FINAL_PROJECT/se423_final_project/C2000Ware_4_01_00_00/device_support/f2837xd/common/include" --include_path="C:/MARIUS_FINAL_PROJECT/se423_final_project/C2000Ware_4_01_00_00/device_support/f2837xd/headers/include" --include_path="C:/MARIUS_FINAL_PROJECT/se423_final_project/workspace/FinalProjectwithCANAprilStarter/device" --include_path="C:/MARIUS_FINAL_PROJECT/se423_final_project/C2000Ware_4_01_00_00/driverlib/f2837xd/driverlib" --include_path="C:/MARIUS_FINAL_PROJECT/se423_final_project/C2000Ware_4_01_00_00/libraries/dsp/FPU/c28/include" --include_path="C:/ti/ccs1270/ccs/tools/compiler/ti-cgt-c2000_22.6.1.LTS/include" --define=DEBUG --define=_FLASH --define=_LAUNCHXL_F28379D --define=_DUAL_HEADERS --define=CPU1 --c11 --diag_suppress=10063 --diag_warning=225 --diag_wrap=off --display_error_number --abi=coffabi --preproc_with_compile --preproc_dependency="FinalProjectwithCANAprilStarter_main.d_raw"  "../FinalProjectwithCANAprilStarter_main.c"
"../FinalProjectwithCANAprilStarter_main.c", line 733 (col. 32): advice #2614-D: (Performance) Use --fp_mode=relaxed to enable TMU hardware support for FP division.
"../FinalProjectwithCANAprilStarter_main.c", line 1044 (col. 23): advice #2614-D: (Performance) Use --fp_mode=relaxed to enable TMU hardware support for cosf.
"../FinalProjectwithCANAprilStarter_main.c", line 1045 (col. 23): advice #2614-D: (Performance) Use --fp_mode=relaxed to enable TMU hardware support for sinf.
Finished building: "../FinalProjectwithCANAprilStarter_main.c"
 
Building target: "FinalProjectwithCANAprilStarter.out"
Invoking: C2000 Linker
"C:/ti/ccs1270/ccs/tools/compiler/ti-cgt-c2000_22.6.1.LTS/bin/cl2000" -v28 -ml -mt --cla_support=cla1 --float_support=fpu32 --tmu_support=tmu0 --vcu_support=vcu2 -Ooff --define=DEBUG --define=_FLASH --define=_LAUNCHXL_F28379D --define=_DUAL_HEADERS --define=CPU1 --c11 --diag_suppress=10063 --diag_warning=225 --diag_wrap=off --display_error_number --abi=coffabi -z -m"FinalProjectwithCANAprilStarter.map" --stack_size=0x800 --warn_sections -i"C:/ti/ccs1270/ccs/tools/compiler/ti-cgt-c2000_22.6.1.LTS/lib" -i"C:/ti/ccs1270/ccs/tools/compiler/ti-cgt-c2000_22.6.1.LTS/include" --reread_libs --diag_wrap=off --display_error_number --xml_link_info="FinalProjectwithCANAprilStarter_linkInfo.xml" --rom_model -o "FinalProjectwithCANAprilStarter.out" "./F28379dCAN.obj" "./F28379dSerial.obj" "./F2837xD_Adc.obj" "./F2837xD_CodeStartBranch.obj" "./F2837xD_CpuTimers.obj" "./F2837xD_DefaultISR.obj" "./F2837xD_EPwm.obj" "./F2837xD_GlobalVariableDefs.obj" "./F2837xD_Gpio.obj" "./F2837xD_PieCtrl.obj" "./F2837xD_PieVect.obj" "./F2837xD_Spi.obj" "./F2837xD_SysCtrl.obj" "./F2837xD_usDelay.obj" "./FinalProjectwithCANAprilStarter_main.obj" "./MatrixMath.obj" "./OptiTrack.obj" "./SE423Lib.obj" "./user_xy.obj" "./device/device.obj" "../2837xD_FLASH_lnk_cpu1.cmd" "../F2837xD_Headers_nonBIOS_cpu1.cmd" "C:/MARIUS_FINAL_PROJECT/se423_final_project/C2000Ware_4_01_00_00/libraries/dsp/FPU/c28/lib/c28x_fpu_dsp_library.lib" "C:/MARIUS_FINAL_PROJECT/se423_final_project/C2000Ware_4_01_00_00/driverlib/f2837xd/driverlib/ccs/Debug/driverlib.lib"  -llibc.a 
<Linking>
Finished building target: "FinalProjectwithCANAprilStarter.out"
 
C:/Program Files/C2Prog 2.x/c2p-cli mkehx --target=28379,378,377,375D-CPU01_SCI FinalProjectwithCANAprilStarter.out FlashIt.ehx
makefile:176: recipe for target 'post-build' failed
 
process_begin: CreateProcess(NULL, C:/Program Files/C2Prog 2.x/c2p-cli mkehx --target=28379,378,377,375D-CPU01_SCI FinalProjectwithCANAprilStarter.out FlashIt.ehx, ...) failed.
 
gmake[2]: [post-build] Error 2 (ignored)

**** Build Finished ****

**** Build of configuration CPU1_FLASH for project FinalProjectwithCANAprilStarter ****

"C:\\ti\\ccs1270\\ccs\\utils\\bin\\gmake" -k -j 12 all -O 
 
Building file: "../FinalProjectwithCANAprilStarter_main.c"
Invoking: C2000 Compiler
"C:/ti/ccs1270/ccs/tools/compiler/ti-cgt-c2000_22.6.1.LTS/bin/cl2000" -v28 -ml -mt --cla_support=cla1 --float_support=fpu32 --tmu_support=tmu0 --vcu_support=vcu2 -Ooff --include_path="C:/MARIUS_FINAL_PROJECT/se423_final_project/workspace/FinalProjectwithCANAprilStarter" --include_path="C:/MARIUS_FINAL_PROJECT/se423_final_project/C2000Ware_4_01_00_00/device_support/f2837xd/common/include" --include_path="C:/MARIUS_FINAL_PROJECT/se423_final_project/C2000Ware_4_01_00_00/device_support/f2837xd/headers/include" --include_path="C:/MARIUS_FINAL_PROJECT/se423_final_project/workspace/FinalProjectwithCANAprilStarter/device" --include_path="C:/MARIUS_FINAL_PROJECT/se423_final_project/C2000Ware_4_01_00_00/driverlib/f2837xd/driverlib" --include_path="C:/MARIUS_FINAL_PROJECT/se423_final_project/C2000Ware_4_01_00_00/libraries/dsp/FPU/c28/include" --include_path="C:/ti/ccs1270/ccs/tools/compiler/ti-cgt-c2000_22.6.1.LTS/include" --define=DEBUG --define=_FLASH --define=_LAUNCHXL_F28379D --define=_DUAL_HEADERS --define=CPU1 --c11 --diag_suppress=10063 --diag_warning=225 --diag_wrap=off --display_error_number --abi=coffabi --preproc_with_compile --preproc_dependency="FinalProjectwithCANAprilStarter_main.d_raw"  "../FinalProjectwithCANAprilStarter_main.c"
"../FinalProjectwithCANAprilStarter_main.c", line 733 (col. 32): advice #2614-D: (Performance) Use --fp_mode=relaxed to enable TMU hardware support for FP division.
"../FinalProjectwithCANAprilStarter_main.c", line 1044 (col. 23): advice #2614-D: (Performance) Use --fp_mode=relaxed to enable TMU hardware support for cosf.
"../FinalProjectwithCANAprilStarter_main.c", line 1045 (col. 23): advice #2614-D: (Performance) Use --fp_mode=relaxed to enable TMU hardware support for sinf.
Finished building: "../FinalProjectwithCANAprilStarter_main.c"
 
Building target: "FinalProjectwithCANAprilStarter.out"
Invoking: C2000 Linker
"C:/ti/ccs1270/ccs/tools/compiler/ti-cgt-c2000_22.6.1.LTS/bin/cl2000" -v28 -ml -mt --cla_support=cla1 --float_support=fpu32 --tmu_support=tmu0 --vcu_support=vcu2 -Ooff --define=DEBUG --define=_FLASH --define=_LAUNCHXL_F28379D --define=_DUAL_HEADERS --define=CPU1 --c11 --diag_suppress=10063 --diag_warning=225 --diag_wrap=off --display_error_number --abi=coffabi -z -m"FinalProjectwithCANAprilStarter.map" --stack_size=0x800 --warn_sections -i"C:/ti/ccs1270/ccs/tools/compiler/ti-cgt-c2000_22.6.1.LTS/lib" -i"C:/ti/ccs1270/ccs/tools/compiler/ti-cgt-c2000_22.6.1.LTS/include" --reread_libs --diag_wrap=off --display_error_number --xml_link_info="FinalProjectwithCANAprilStarter_linkInfo.xml" --rom_model -o "FinalProjectwithCANAprilStarter.out" "./F28379dCAN.obj" "./F28379dSerial.obj" "./F2837xD_Adc.obj" "./F2837xD_CodeStartBranch.obj" "./F2837xD_CpuTimers.obj" "./F2837xD_DefaultISR.obj" "./F2837xD_EPwm.obj" "./F2837xD_GlobalVariableDefs.obj" "./F2837xD_Gpio.obj" "./F2837xD_PieCtrl.obj" "./F2837xD_PieVect.obj" "./F2837xD_Spi.obj" "./F2837xD_SysCtrl.obj" "./F2837xD_usDelay.obj" "./FinalProjectwithCANAprilStarter_main.obj" "./MatrixMath.obj" "./OptiTrack.obj" "./SE423Lib.obj" "./user_xy.obj" "./device/device.obj" "../2837xD_FLASH_lnk_cpu1.cmd" "../F2837xD_Headers_nonBIOS_cpu1.cmd" "C:/MARIUS_FINAL_PROJECT/se423_final_project/C2000Ware_4_01_00_00/libraries/dsp/FPU/c28/lib/c28x_fpu_dsp_library.lib" "C:/MARIUS_FINAL_PROJECT/se423_final_project/C2000Ware_4_01_00_00/driverlib/f2837xd/driverlib/ccs/Debug/driverlib.lib"  -llibc.a 
<Linking>
Finished building target: "FinalProjectwithCANAprilStarter.out"
 
C:/Program Files/C2Prog 2.x/c2p-cli mkehx --target=28379,378,377,375D-CPU01_SCI FinalProjectwithCANAprilStarter.out FlashIt.ehx
makefile:176: recipe for target 'post-build' failed
process_begin: CreateProcess(NULL, C:/Program Files/C2Prog 2.x/c2p-cli mkehx --target=28379,378,377,375D-CPU01_SCI FinalProjectwithCANAprilStarter.out FlashIt.ehx, ...) failed.
 
gmake[2]: [post-build] Error 2 (ignored)
 

**** Build Finished ****

**** Build of configuration CPU1_FLASH for project FinalProjectwithCANAprilStarter ****

"C:\\ti\\ccs1270\\ccs\\utils\\bin\\gmake" -k -j 12 all -O 
 
Building file: "../FinalProjectwithCANAprilStarter_main.c"
Invoking: C2000 Compiler
"C:/ti/ccs1270/ccs/tools/compiler/ti-cgt-c2000_22.6.1.LTS/bin/cl2000" -v28 -ml -mt --cla_support=cla1 --float_support=fpu32 --tmu_support=tmu0 --vcu_support=vcu2 -Ooff --include_path="C:/MARIUS_FINAL_PROJECT/se423_final_project/workspace/FinalProjectwithCANAprilStarter" --include_path="C:/MARIUS_FINAL_PROJECT/se423_final_project/C2000Ware_4_01_00_00/device_support/f2837xd/common/include" --include_path="C:/MARIUS_FINAL_PROJECT/se423_final_project/C2000Ware_4_01_00_00/device_support/f2837xd/headers/include" --include_path="C:/MARIUS_FINAL_PROJECT/se423_final_project/workspace/FinalProjectwithCANAprilStarter/device" --include_path="C:/MARIUS_FINAL_PROJECT/se423_final_project/C2000Ware_4_01_00_00/driverlib/f2837xd/driverlib" --include_path="C:/MARIUS_FINAL_PROJECT/se423_final_project/C2000Ware_4_01_00_00/libraries/dsp/FPU/c28/include" --include_path="C:/ti/ccs1270/ccs/tools/compiler/ti-cgt-c2000_22.6.1.LTS/include" --define=DEBUG --define=_FLASH --define=_LAUNCHXL_F28379D --define=_DUAL_HEADERS --define=CPU1 --c11 --diag_suppress=10063 --diag_warning=225 --diag_wrap=off --display_error_number --abi=coffabi --preproc_with_compile --preproc_dependency="FinalProjectwithCANAprilStarter_main.d_raw"  "../FinalProjectwithCANAprilStarter_main.c"
"../FinalProjectwithCANAprilStarter_main.c", line 733 (col. 32): advice #2614-D: (Performance) Use --fp_mode=relaxed to enable TMU hardware support for FP division.
"../FinalProjectwithCANAprilStarter_main.c", line 1044 (col. 23): advice #2614-D: (Performance) Use --fp_mode=relaxed to enable TMU hardware support for cosf.
"../FinalProjectwithCANAprilStarter_main.c", line 1045 (col. 23): advice #2614-D: (Performance) Use --fp_mode=relaxed to enable TMU hardware support for sinf.
Finished building: "../FinalProjectwithCANAprilStarter_main.c"
 
Building target: "FinalProjectwithCANAprilStarter.out"
Invoking: C2000 Linker
"C:/ti/ccs1270/ccs/tools/compiler/ti-cgt-c2000_22.6.1.LTS/bin/cl2000" -v28 -ml -mt --cla_support=cla1 --float_support=fpu32 --tmu_support=tmu0 --vcu_support=vcu2 -Ooff --define=DEBUG --define=_FLASH --define=_LAUNCHXL_F28379D --define=_DUAL_HEADERS --define=CPU1 --c11 --diag_suppress=10063 --diag_warning=225 --diag_wrap=off --display_error_number --abi=coffabi -z -m"FinalProjectwithCANAprilStarter.map" --stack_size=0x800 --warn_sections -i"C:/ti/ccs1270/ccs/tools/compiler/ti-cgt-c2000_22.6.1.LTS/lib" -i"C:/ti/ccs1270/ccs/tools/compiler/ti-cgt-c2000_22.6.1.LTS/include" --reread_libs --diag_wrap=off --display_error_number --xml_link_info="FinalProjectwithCANAprilStarter_linkInfo.xml" --rom_model -o "FinalProjectwithCANAprilStarter.out" "./F28379dCAN.obj" "./F28379dSerial.obj" "./F2837xD_Adc.obj" "./F2837xD_CodeStartBranch.obj" "./F2837xD_CpuTimers.obj" "./F2837xD_DefaultISR.obj" "./F2837xD_EPwm.obj" "./F2837xD_GlobalVariableDefs.obj" "./F2837xD_Gpio.obj" "./F2837xD_PieCtrl.obj" "./F2837xD_PieVect.obj" "./F2837xD_Spi.obj" "./F2837xD_SysCtrl.obj" "./F2837xD_usDelay.obj" "./FinalProjectwithCANAprilStarter_main.obj" "./MatrixMath.obj" "./OptiTrack.obj" "./SE423Lib.obj" "./user_xy.obj" "./device/device.obj" "../2837xD_FLASH_lnk_cpu1.cmd" "../F2837xD_Headers_nonBIOS_cpu1.cmd" "C:/MARIUS_FINAL_PROJECT/se423_final_project/C2000Ware_4_01_00_00/libraries/dsp/FPU/c28/lib/c28x_fpu_dsp_library.lib" "C:/MARIUS_FINAL_PROJECT/se423_final_project/C2000Ware_4_01_00_00/driverlib/f2837xd/driverlib/ccs/Debug/driverlib.lib"  -llibc.a 
<Linking>
Finished building target: "FinalProjectwithCANAprilStarter.out"
 
C:/Program Files/C2Prog 2.x/c2p-cli mkehx --target=28379,378,377,375D-CPU01_SCI FinalProjectwithCANAprilStarter.out FlashIt.ehx
makefile:176: recipe for target 'post-build' failed
process_begin: CreateProcess(NULL, C:/Program Files/C2Prog 2.x/c2p-cli mkehx --target=28379,378,377,375D-CPU01_SCI FinalProjectwithCANAprilStarter.out FlashIt.ehx, ...) failed.
 
gmake[2]: [post-build] Error 2 (ignored)
 

**** Build Finished ****

**** Build of configuration CPU1_FLASH for project FinalProjectwithCANAprilStarter ****

"C:\\ti\\ccs1270\\ccs\\utils\\bin\\gmake" -k -j 12 all -O 
 
Building file: "../FinalProjectwithCANAprilStarter_main.c"
Invoking: C2000 Compiler
"C:/ti/ccs1270/ccs/tools/compiler/ti-cgt-c2000_22.6.1.LTS/bin/cl2000" -v28 -ml -mt --cla_support=cla1 --float_support=fpu32 --tmu_support=tmu0 --vcu_support=vcu2 -Ooff --include_path="C:/MARIUS_FINAL_PROJECT/se423_final_project/workspace/FinalProjectwithCANAprilStarter" --include_path="C:/MARIUS_FINAL_PROJECT/se423_final_project/C2000Ware_4_01_00_00/device_support/f2837xd/common/include" --include_path="C:/MARIUS_FINAL_PROJECT/se423_final_project/C2000Ware_4_01_00_00/device_support/f2837xd/headers/include" --include_path="C:/MARIUS_FINAL_PROJECT/se423_final_project/workspace/FinalProjectwithCANAprilStarter/device" --include_path="C:/MARIUS_FINAL_PROJECT/se423_final_project/C2000Ware_4_01_00_00/driverlib/f2837xd/driverlib" --include_path="C:/MARIUS_FINAL_PROJECT/se423_final_project/C2000Ware_4_01_00_00/libraries/dsp/FPU/c28/include" --include_path="C:/ti/ccs1270/ccs/tools/compiler/ti-cgt-c2000_22.6.1.LTS/include" --define=DEBUG --define=_FLASH --define=_LAUNCHXL_F28379D --define=_DUAL_HEADERS --define=CPU1 --c11 --diag_suppress=10063 --diag_warning=225 --diag_wrap=off --display_error_number --abi=coffabi --preproc_with_compile --preproc_dependency="FinalProjectwithCANAprilStarter_main.d_raw"  "../FinalProjectwithCANAprilStarter_main.c"
 
>> Compilation failure
subdir_rules.mk:9: recipe for target 'FinalProjectwithCANAprilStarter_main.obj' failed
"../FinalProjectwithCANAprilStarter_main.c", line 1375: error #7: unrecognized token
"../FinalProjectwithCANAprilStarter_main.c", line 1375: error #20: identifier "\u00e2" is undefined
"../FinalProjectwithCANAprilStarter_main.c", line 1375: error #66: expected a ";"
"../FinalProjectwithCANAprilStarter_main.c", line 1375: error #7: unrecognized token
"../FinalProjectwithCANAprilStarter_main.c", line 1375: error #7: unrecognized token
"../FinalProjectwithCANAprilStarter_main.c", line 1375: error #7: unrecognized token
"../FinalProjectwithCANAprilStarter_main.c", line 1375: error #7: unrecognized token
"../FinalProjectwithCANAprilStarter_main.c", line 1375: error #7: unrecognized token
8 errors detected in the compilation of "../FinalProjectwithCANAprilStarter_main.c".
gmake: *** [FinalProjectwithCANAprilStarter_main.obj] Error 1
gmake: Target 'all' not remade because of errors.

**** Build Finished ****

**** Build of configuration CPU1_FLASH for project FinalProjectwithCANAprilStarter ****

"C:\\ti\\ccs1270\\ccs\\utils\\bin\\gmake" -k -j 12 all -O 
 
Building file: "../FinalProjectwithCANAprilStarter_main.c"
Invoking: C2000 Compiler
"C:/ti/ccs1270/ccs/tools/compiler/ti-cgt-c2000_22.6.1.LTS/bin/cl2000" -v28 -ml -mt --cla_support=cla1 --float_support=fpu32 --tmu_support=tmu0 --vcu_support=vcu2 -Ooff --include_path="C:/MARIUS_FINAL_PROJECT/se423_final_project/workspace/FinalProjectwithCANAprilStarter" --include_path="C:/MARIUS_FINAL_PROJECT/se423_final_project/C2000Ware_4_01_00_00/device_support/f2837xd/common/include" --include_path="C:/MARIUS_FINAL_PROJECT/se423_final_project/C2000Ware_4_01_00_00/device_support/f2837xd/headers/include" --include_path="C:/MARIUS_FINAL_PROJECT/se423_final_project/workspace/FinalProjectwithCANAprilStarter/device" --include_path="C:/MARIUS_FINAL_PROJECT/se423_final_project/C2000Ware_4_01_00_00/driverlib/f2837xd/driverlib" --include_path="C:/MARIUS_FINAL_PROJECT/se423_final_project/C2000Ware_4_01_00_00/libraries/dsp/FPU/c28/include" --include_path="C:/ti/ccs1270/ccs/tools/compiler/ti-cgt-c2000_22.6.1.LTS/include" --define=DEBUG --define=_FLASH --define=_LAUNCHXL_F28379D --define=_DUAL_HEADERS --define=CPU1 --c11 --diag_suppress=10063 --diag_warning=225 --diag_wrap=off --display_error_number --abi=coffabi --preproc_with_compile --preproc_dependency="FinalProjectwithCANAprilStarter_main.d_raw"  "../FinalProjectwithCANAprilStarter_main.c"
"../FinalProjectwithCANAprilStarter_main.c", line 733 (col. 32): advice #2614-D: (Performance) Use --fp_mode=relaxed to enable TMU hardware support for FP division.
"../FinalProjectwithCANAprilStarter_main.c", line 1044 (col. 23): advice #2614-D: (Performance) Use --fp_mode=relaxed to enable TMU hardware support for cosf.
"../FinalProjectwithCANAprilStarter_main.c", line 1045 (col. 23): advice #2614-D: (Performance) Use --fp_mode=relaxed to enable TMU hardware support for sinf.
Finished building: "../FinalProjectwithCANAprilStarter_main.c"
 
Building target: "FinalProjectwithCANAprilStarter.out"
Invoking: C2000 Linker
"C:/ti/ccs1270/ccs/tools/compiler/ti-cgt-c2000_22.6.1.LTS/bin/cl2000" -v28 -ml -mt --cla_support=cla1 --float_support=fpu32 --tmu_support=tmu0 --vcu_support=vcu2 -Ooff --define=DEBUG --define=_FLASH --define=_LAUNCHXL_F28379D --define=_DUAL_HEADERS --define=CPU1 --c11 --diag_suppress=10063 --diag_warning=225 --diag_wrap=off --display_error_number --abi=coffabi -z -m"FinalProjectwithCANAprilStarter.map" --stack_size=0x800 --warn_sections -i"C:/ti/ccs1270/ccs/tools/compiler/ti-cgt-c2000_22.6.1.LTS/lib" -i"C:/ti/ccs1270/ccs/tools/compiler/ti-cgt-c2000_22.6.1.LTS/include" --reread_libs --diag_wrap=off --display_error_number --xml_link_info="FinalProjectwithCANAprilStarter_linkInfo.xml" --rom_model -o "FinalProjectwithCANAprilStarter.out" "./F28379dCAN.obj" "./F28379dSerial.obj" "./F2837xD_Adc.obj" "./F2837xD_CodeStartBranch.obj" "./F2837xD_CpuTimers.obj" "./F2837xD_DefaultISR.obj" "./F2837xD_EPwm.obj" "./F2837xD_GlobalVariableDefs.obj" "./F2837xD_Gpio.obj" "./F2837xD_PieCtrl.obj" "./F2837xD_PieVect.obj" "./F2837xD_Spi.obj" "./F2837xD_SysCtrl.obj" "./F2837xD_usDelay.obj" "./FinalProjectwithCANAprilStarter_main.obj" "./MatrixMath.obj" "./OptiTrack.obj" "./SE423Lib.obj" "./user_xy.obj" "./device/device.obj" "../2837xD_FLASH_lnk_cpu1.cmd" "../F2837xD_Headers_nonBIOS_cpu1.cmd" "C:/MARIUS_FINAL_PROJECT/se423_final_project/C2000Ware_4_01_00_00/libraries/dsp/FPU/c28/lib/c28x_fpu_dsp_library.lib" "C:/MARIUS_FINAL_PROJECT/se423_final_project/C2000Ware_4_01_00_00/driverlib/f2837xd/driverlib/ccs/Debug/driverlib.lib"  -llibc.a 
<Linking>
Finished building target: "FinalProjectwithCANAprilStarter.out"
 
C:/Program Files/C2Prog 2.x/c2p-cli mkehx --target=28379,378,377,375D-CPU01_SCI FinalProjectwithCANAprilStarter.out FlashIt.ehx
makefile:176: recipe for target 'post-build' failed
process_begin: CreateProcess(NULL, C:/Program Files/C2Prog 2.x/c2p-cli mkehx --target=28379,378,377,375D-CPU01_SCI FinalProjectwithCANAprilStarter.out FlashIt.ehx, ...) failed.
 
gmake[2]: [post-build] Error 2 (ignored)
 

**** Build Finished ****

**** Build of configuration CPU1_FLASH for project FinalProjectwithCANAprilStarter ****

"C:\\ti\\ccs1270\\ccs\\utils\\bin\\gmake" -k -j 12 all -O 
 
gmake[1]: 'FinalProjectwithCANAprilStarter.out' is up to date.

**** Build Finished ****

**** Build of configuration CPU1_FLASH for project FinalProjectwithCANAprilStarter ****

"C:\\ti\\ccs1270\\ccs\\utils\\bin\\gmake" -k -j 12 all -O 
 
Building file: "../FinalProjectwithCANAprilStarter_main.c"
Invoking: C2000 Compiler
"C:/ti/ccs1270/ccs/tools/compiler/ti-cgt-c2000_22.6.1.LTS/bin/cl2000" -v28 -ml -mt --cla_support=cla1 --float_support=fpu32 --tmu_support=tmu0 --vcu_support=vcu2 -Ooff --include_path="C:/MARIUS_FINAL_PROJECT/se423_final_project/workspace/FinalProjectwithCANAprilStarter" --include_path="C:/MARIUS_FINAL_PROJECT/se423_final_project/C2000Ware_4_01_00_00/device_support/f2837xd/common/include" --include_path="C:/MARIUS_FINAL_PROJECT/se423_final_project/C2000Ware_4_01_00_00/device_support/f2837xd/headers/include" --include_path="C:/MARIUS_FINAL_PROJECT/se423_final_project/workspace/FinalProjectwithCANAprilStarter/device" --include_path="C:/MARIUS_FINAL_PROJECT/se423_final_project/C2000Ware_4_01_00_00/driverlib/f2837xd/driverlib" --include_path="C:/MARIUS_FINAL_PROJECT/se423_final_project/C2000Ware_4_01_00_00/libraries/dsp/FPU/c28/include" --include_path="C:/ti/ccs1270/ccs/tools/compiler/ti-cgt-c2000_22.6.1.LTS/include" --define=DEBUG --define=_FLASH --define=_LAUNCHXL_F28379D --define=_DUAL_HEADERS --define=CPU1 --c11 --diag_suppress=10063 --diag_warning=225 --diag_wrap=off --display_error_number --abi=coffabi --preproc_with_compile --preproc_dependency="FinalProjectwithCANAprilStarter_main.d_raw"  "../FinalProjectwithCANAprilStarter_main.c"
"../FinalProjectwithCANAprilStarter_main.c", line 733 (col. 32): advice #2614-D: (Performance) Use --fp_mode=relaxed to enable TMU hardware support for FP division.
"../FinalProjectwithCANAprilStarter_main.c", line 1044 (col. 23): advice #2614-D: (Performance) Use --fp_mode=relaxed to enable TMU hardware support for cosf.
"../FinalProjectwithCANAprilStarter_main.c", line 1045 (col. 23): advice #2614-D: (Performance) Use --fp_mode=relaxed to enable TMU hardware support for sinf.
Finished building: "../FinalProjectwithCANAprilStarter_main.c"
 
Building target: "FinalProjectwithCANAprilStarter.out"
Invoking: C2000 Linker
"C:/ti/ccs1270/ccs/tools/compiler/ti-cgt-c2000_22.6.1.LTS/bin/cl2000" -v28 -ml -mt --cla_support=cla1 --float_support=fpu32 --tmu_support=tmu0 --vcu_support=vcu2 -Ooff --define=DEBUG --define=_FLASH --define=_LAUNCHXL_F28379D --define=_DUAL_HEADERS --define=CPU1 --c11 --diag_suppress=10063 --diag_warning=225 --diag_wrap=off --display_error_number --abi=coffabi -z -m"FinalProjectwithCANAprilStarter.map" --stack_size=0x800 --warn_sections -i"C:/ti/ccs1270/ccs/tools/compiler/ti-cgt-c2000_22.6.1.LTS/lib" -i"C:/ti/ccs1270/ccs/tools/compiler/ti-cgt-c2000_22.6.1.LTS/include" --reread_libs --diag_wrap=off --display_error_number --xml_link_info="FinalProjectwithCANAprilStarter_linkInfo.xml" --rom_model -o "FinalProjectwithCANAprilStarter.out" "./F28379dCAN.obj" "./F28379dSerial.obj" "./F2837xD_Adc.obj" "./F2837xD_CodeStartBranch.obj" "./F2837xD_CpuTimers.obj" "./F2837xD_DefaultISR.obj" "./F2837xD_EPwm.obj" "./F2837xD_GlobalVariableDefs.obj" "./F2837xD_Gpio.obj" "./F2837xD_PieCtrl.obj" "./F2837xD_PieVect.obj" "./F2837xD_Spi.obj" "./F2837xD_SysCtrl.obj" "./F2837xD_usDelay.obj" "./FinalProjectwithCANAprilStarter_main.obj" "./MatrixMath.obj" "./OptiTrack.obj" "./SE423Lib.obj" "./user_xy.obj" "./device/device.obj" "../2837xD_FLASH_lnk_cpu1.cmd" "../F2837xD_Headers_nonBIOS_cpu1.cmd" "C:/MARIUS_FINAL_PROJECT/se423_final_project/C2000Ware_4_01_00_00/libraries/dsp/FPU/c28/lib/c28x_fpu_dsp_library.lib" "C:/MARIUS_FINAL_PROJECT/se423_final_project/C2000Ware_4_01_00_00/driverlib/f2837xd/driverlib/ccs/Debug/driverlib.lib"  -llibc.a 
<Linking>
Finished building target: "FinalProjectwithCANAprilStarter.out"
 
C:/Program Files/C2Prog 2.x/c2p-cli mkehx --target=28379,378,377,375D-CPU01_SCI FinalProjectwithCANAprilStarter.out FlashIt.ehx
makefile:176: recipe for target 'post-build' failed
process_begin: CreateProcess(NULL, C:/Program Files/C2Prog 2.x/c2p-cli mkehx --target=28379,378,377,375D-CPU01_SCI FinalProjectwithCANAprilStarter.out FlashIt.ehx, ...) failed.
 
gmake[2]: [post-build] Error 2 (ignored)
 

**** Build Finished ****

**** Build of configuration CPU1_FLASH for project FinalProjectwithCANAprilStarter ****

"C:\\ti\\ccs1270\\ccs\\utils\\bin\\gmake" -k -j 12 all -O 
 
Building file: "../FinalProjectwithCANAprilStarter_main.c"
Invoking: C2000 Compiler
"C:/ti/ccs1270/ccs/tools/compiler/ti-cgt-c2000_22.6.1.LTS/bin/cl2000" -v28 -ml -mt --cla_support=cla1 --float_support=fpu32 --tmu_support=tmu0 --vcu_support=vcu2 -Ooff --include_path="C:/MARIUS_FINAL_PROJECT/se423_final_project/workspace/FinalProjectwithCANAprilStarter" --include_path="C:/MARIUS_FINAL_PROJECT/se423_final_project/C2000Ware_4_01_00_00/device_support/f2837xd/common/include" --include_path="C:/MARIUS_FINAL_PROJECT/se423_final_project/C2000Ware_4_01_00_00/device_support/f2837xd/headers/include" --include_path="C:/MARIUS_FINAL_PROJECT/se423_final_project/workspace/FinalProjectwithCANAprilStarter/device" --include_path="C:/MARIUS_FINAL_PROJECT/se423_final_project/C2000Ware_4_01_00_00/driverlib/f2837xd/driverlib" --include_path="C:/MARIUS_FINAL_PROJECT/se423_final_project/C2000Ware_4_01_00_00/libraries/dsp/FPU/c28/include" --include_path="C:/ti/ccs1270/ccs/tools/compiler/ti-cgt-c2000_22.6.1.LTS/include" --define=DEBUG --define=_FLASH --define=_LAUNCHXL_F28379D --define=_DUAL_HEADERS --define=CPU1 --c11 --diag_suppress=10063 --diag_warning=225 --diag_wrap=off --display_error_number --abi=coffabi --preproc_with_compile --preproc_dependency="FinalProjectwithCANAprilStarter_main.d_raw"  "../FinalProjectwithCANAprilStarter_main.c"
"../FinalProjectwithCANAprilStarter_main.c", line 733 (col. 32): advice #2614-D: (Performance) Use --fp_mode=relaxed to enable TMU hardware support for FP division.
"../FinalProjectwithCANAprilStarter_main.c", line 1044 (col. 23): advice #2614-D: (Performance) Use --fp_mode=relaxed to enable TMU hardware support for cosf.
"../FinalProjectwithCANAprilStarter_main.c", line 1045 (col. 23): advice #2614-D: (Performance) Use --fp_mode=relaxed to enable TMU hardware support for sinf.
Finished building: "../FinalProjectwithCANAprilStarter_main.c"
 
Building target: "FinalProjectwithCANAprilStarter.out"
Invoking: C2000 Linker
"C:/ti/ccs1270/ccs/tools/compiler/ti-cgt-c2000_22.6.1.LTS/bin/cl2000" -v28 -ml -mt --cla_support=cla1 --float_support=fpu32 --tmu_support=tmu0 --vcu_support=vcu2 -Ooff --define=DEBUG --define=_FLASH --define=_LAUNCHXL_F28379D --define=_DUAL_HEADERS --define=CPU1 --c11 --diag_suppress=10063 --diag_warning=225 --diag_wrap=off --display_error_number --abi=coffabi -z -m"FinalProjectwithCANAprilStarter.map" --stack_size=0x800 --warn_sections -i"C:/ti/ccs1270/ccs/tools/compiler/ti-cgt-c2000_22.6.1.LTS/lib" -i"C:/ti/ccs1270/ccs/tools/compiler/ti-cgt-c2000_22.6.1.LTS/include" --reread_libs --diag_wrap=off --display_error_number --xml_link_info="FinalProjectwithCANAprilStarter_linkInfo.xml" --rom_model -o "FinalProjectwithCANAprilStarter.out" "./F28379dCAN.obj" "./F28379dSerial.obj" "./F2837xD_Adc.obj" "./F2837xD_CodeStartBranch.obj" "./F2837xD_CpuTimers.obj" "./F2837xD_DefaultISR.obj" "./F2837xD_EPwm.obj" "./F2837xD_GlobalVariableDefs.obj" "./F2837xD_Gpio.obj" "./F2837xD_PieCtrl.obj" "./F2837xD_PieVect.obj" "./F2837xD_Spi.obj" "./F2837xD_SysCtrl.obj" "./F2837xD_usDelay.obj" "./FinalProjectwithCANAprilStarter_main.obj" "./MatrixMath.obj" "./OptiTrack.obj" "./SE423Lib.obj" "./user_xy.obj" "./device/device.obj" "../2837xD_FLASH_lnk_cpu1.cmd" "../F2837xD_Headers_nonBIOS_cpu1.cmd" "C:/MARIUS_FINAL_PROJECT/se423_final_project/C2000Ware_4_01_00_00/libraries/dsp/FPU/c28/lib/c28x_fpu_dsp_library.lib" "C:/MARIUS_FINAL_PROJECT/se423_final_project/C2000Ware_4_01_00_00/driverlib/f2837xd/driverlib/ccs/Debug/driverlib.lib"  -llibc.a 
<Linking>
Finished building target: "FinalProjectwithCANAprilStarter.out"
 
C:/Program Files/C2Prog 2.x/c2p-cli mkehx --target=28379,378,377,375D-CPU01_SCI FinalProjectwithCANAprilStarter.out FlashIt.ehx
makefile:176: recipe for target 'post-build' failed
 
process_begin: CreateProcess(NULL, C:/Program Files/C2Prog 2.x/c2p-cli mkehx --target=28379,378,377,375D-CPU01_SCI FinalProjectwithCANAprilStarter.out FlashIt.ehx, ...) failed.
 
gmake[2]: [post-build] Error 2 (ignored)

**** Build Finished ****

**** Build of configuration CPU1_FLASH for project FinalProjectwithCANAprilStarter ****

"C:\\ti\\ccs1270\\ccs\\utils\\bin\\gmake" -k -j 12 all -O 
 
gmake[1]: 'FinalProjectwithCANAprilStarter.out' is up to date.

**** Build Finished ****

**** Build of configuration CPU1_FLASH for project FinalProjectwithCANAprilStarter ****

"C:\\ti\\ccs1270\\ccs\\utils\\bin\\gmake" -k -j 12 all -O 
 
Building file: "../FinalProjectwithCANAprilStarter_main.c"
Invoking: C2000 Compiler
"C:/ti/ccs1270/ccs/tools/compiler/ti-cgt-c2000_22.6.1.LTS/bin/cl2000" -v28 -ml -mt --cla_support=cla1 --float_support=fpu32 --tmu_support=tmu0 --vcu_support=vcu2 -Ooff --include_path="C:/MARIUS_FINAL_PROJECT/se423_final_project/workspace/FinalProjectwithCANAprilStarter" --include_path="C:/MARIUS_FINAL_PROJECT/se423_final_project/C2000Ware_4_01_00_00/device_support/f2837xd/common/include" --include_path="C:/MARIUS_FINAL_PROJECT/se423_final_project/C2000Ware_4_01_00_00/device_support/f2837xd/headers/include" --include_path="C:/MARIUS_FINAL_PROJECT/se423_final_project/workspace/FinalProjectwithCANAprilStarter/device" --include_path="C:/MARIUS_FINAL_PROJECT/se423_final_project/C2000Ware_4_01_00_00/driverlib/f2837xd/driverlib" --include_path="C:/MARIUS_FINAL_PROJECT/se423_final_project/C2000Ware_4_01_00_00/libraries/dsp/FPU/c28/include" --include_path="C:/ti/ccs1270/ccs/tools/compiler/ti-cgt-c2000_22.6.1.LTS/include" --define=DEBUG --define=_FLASH --define=_LAUNCHXL_F28379D --define=_DUAL_HEADERS --define=CPU1 --c11 --diag_suppress=10063 --diag_warning=225 --diag_wrap=off --display_error_number --abi=coffabi --preproc_with_compile --preproc_dependency="FinalProjectwithCANAprilStarter_main.d_raw"  "../FinalProjectwithCANAprilStarter_main.c"
"../FinalProjectwithCANAprilStarter_main.c", line 733 (col. 32): advice #2614-D: (Performance) Use --fp_mode=relaxed to enable TMU hardware support for FP division.
"../FinalProjectwithCANAprilStarter_main.c", line 1044 (col. 23): advice #2614-D: (Performance) Use --fp_mode=relaxed to enable TMU hardware support for cosf.
"../FinalProjectwithCANAprilStarter_main.c", line 1045 (col. 23): advice #2614-D: (Performance) Use --fp_mode=relaxed to enable TMU hardware support for sinf.
Finished building: "../FinalProjectwithCANAprilStarter_main.c"
 
Building target: "FinalProjectwithCANAprilStarter.out"
Invoking: C2000 Linker
"C:/ti/ccs1270/ccs/tools/compiler/ti-cgt-c2000_22.6.1.LTS/bin/cl2000" -v28 -ml -mt --cla_support=cla1 --float_support=fpu32 --tmu_support=tmu0 --vcu_support=vcu2 -Ooff --define=DEBUG --define=_FLASH --define=_LAUNCHXL_F28379D --define=_DUAL_HEADERS --define=CPU1 --c11 --diag_suppress=10063 --diag_warning=225 --diag_wrap=off --display_error_number --abi=coffabi -z -m"FinalProjectwithCANAprilStarter.map" --stack_size=0x800 --warn_sections -i"C:/ti/ccs1270/ccs/tools/compiler/ti-cgt-c2000_22.6.1.LTS/lib" -i"C:/ti/ccs1270/ccs/tools/compiler/ti-cgt-c2000_22.6.1.LTS/include" --reread_libs --diag_wrap=off --display_error_number --xml_link_info="FinalProjectwithCANAprilStarter_linkInfo.xml" --rom_model -o "FinalProjectwithCANAprilStarter.out" "./F28379dCAN.obj" "./F28379dSerial.obj" "./F2837xD_Adc.obj" "./F2837xD_CodeStartBranch.obj" "./F2837xD_CpuTimers.obj" "./F2837xD_DefaultISR.obj" "./F2837xD_EPwm.obj" "./F2837xD_GlobalVariableDefs.obj" "./F2837xD_Gpio.obj" "./F2837xD_PieCtrl.obj" "./F2837xD_PieVect.obj" "./F2837xD_Spi.obj" "./F2837xD_SysCtrl.obj" "./F2837xD_usDelay.obj" "./FinalProjectwithCANAprilStarter_main.obj" "./MatrixMath.obj" "./OptiTrack.obj" "./SE423Lib.obj" "./user_xy.obj" "./device/device.obj" "../2837xD_FLASH_lnk_cpu1.cmd" "../F2837xD_Headers_nonBIOS_cpu1.cmd" "C:/MARIUS_FINAL_PROJECT/se423_final_project/C2000Ware_4_01_00_00/libraries/dsp/FPU/c28/lib/c28x_fpu_dsp_library.lib" "C:/MARIUS_FINAL_PROJECT/se423_final_project/C2000Ware_4_01_00_00/driverlib/f2837xd/driverlib/ccs/Debug/driverlib.lib"  -llibc.a 
<Linking>
Finished building target: "FinalProjectwithCANAprilStarter.out"
 
C:/Program Files/C2Prog 2.x/c2p-cli mkehx --target=28379,378,377,375D-CPU01_SCI FinalProjectwithCANAprilStarter.out FlashIt.ehx
makefile:176: recipe for target 'post-build' failed
process_begin: CreateProcess(NULL, C:/Program Files/C2Prog 2.x/c2p-cli mkehx --target=28379,378,377,375D-CPU01_SCI FinalProjectwithCANAprilStarter.out FlashIt.ehx, ...) failed.
 
gmake[2]: [post-build] Error 2 (ignored)
 

**** Build Finished ****

**** Build of configuration CPU1_FLASH for project FinalProjectwithCANAprilStarter ****

"C:\\ti\\ccs1270\\ccs\\utils\\bin\\gmake" -k -j 12 all -O 
 
Building file: "../FinalProjectwithCANAprilStarter_main.c"
Invoking: C2000 Compiler
"C:/ti/ccs1270/ccs/tools/compiler/ti-cgt-c2000_22.6.1.LTS/bin/cl2000" -v28 -ml -mt --cla_support=cla1 --float_support=fpu32 --tmu_support=tmu0 --vcu_support=vcu2 -Ooff --include_path="C:/MARIUS_FINAL_PROJECT/se423_final_project/workspace/FinalProjectwithCANAprilStarter" --include_path="C:/MARIUS_FINAL_PROJECT/se423_final_project/C2000Ware_4_01_00_00/device_support/f2837xd/common/include" --include_path="C:/MARIUS_FINAL_PROJECT/se423_final_project/C2000Ware_4_01_00_00/device_support/f2837xd/headers/include" --include_path="C:/MARIUS_FINAL_PROJECT/se423_final_project/workspace/FinalProjectwithCANAprilStarter/device" --include_path="C:/MARIUS_FINAL_PROJECT/se423_final_project/C2000Ware_4_01_00_00/driverlib/f2837xd/driverlib" --include_path="C:/MARIUS_FINAL_PROJECT/se423_final_project/C2000Ware_4_01_00_00/libraries/dsp/FPU/c28/include" --include_path="C:/ti/ccs1270/ccs/tools/compiler/ti-cgt-c2000_22.6.1.LTS/include" --define=DEBUG --define=_FLASH --define=_LAUNCHXL_F28379D --define=_DUAL_HEADERS --define=CPU1 --c11 --diag_suppress=10063 --diag_warning=225 --diag_wrap=off --display_error_number --abi=coffabi --preproc_with_compile --preproc_dependency="FinalProjectwithCANAprilStarter_main.d_raw"  "../FinalProjectwithCANAprilStarter_main.c"
"../FinalProjectwithCANAprilStarter_main.c", line 733 (col. 32): advice #2614-D: (Performance) Use --fp_mode=relaxed to enable TMU hardware support for FP division.
"../FinalProjectwithCANAprilStarter_main.c", line 1044 (col. 23): advice #2614-D: (Performance) Use --fp_mode=relaxed to enable TMU hardware support for cosf.
"../FinalProjectwithCANAprilStarter_main.c", line 1045 (col. 23): advice #2614-D: (Performance) Use --fp_mode=relaxed to enable TMU hardware support for sinf.
Finished building: "../FinalProjectwithCANAprilStarter_main.c"
 
Building target: "FinalProjectwithCANAprilStarter.out"
Invoking: C2000 Linker
"C:/ti/ccs1270/ccs/tools/compiler/ti-cgt-c2000_22.6.1.LTS/bin/cl2000" -v28 -ml -mt --cla_support=cla1 --float_support=fpu32 --tmu_support=tmu0 --vcu_support=vcu2 -Ooff --define=DEBUG --define=_FLASH --define=_LAUNCHXL_F28379D --define=_DUAL_HEADERS --define=CPU1 --c11 --diag_suppress=10063 --diag_warning=225 --diag_wrap=off --display_error_number --abi=coffabi -z -m"FinalProjectwithCANAprilStarter.map" --stack_size=0x800 --warn_sections -i"C:/ti/ccs1270/ccs/tools/compiler/ti-cgt-c2000_22.6.1.LTS/lib" -i"C:/ti/ccs1270/ccs/tools/compiler/ti-cgt-c2000_22.6.1.LTS/include" --reread_libs --diag_wrap=off --display_error_number --xml_link_info="FinalProjectwithCANAprilStarter_linkInfo.xml" --rom_model -o "FinalProjectwithCANAprilStarter.out" "./F28379dCAN.obj" "./F28379dSerial.obj" "./F2837xD_Adc.obj" "./F2837xD_CodeStartBranch.obj" "./F2837xD_CpuTimers.obj" "./F2837xD_DefaultISR.obj" "./F2837xD_EPwm.obj" "./F2837xD_GlobalVariableDefs.obj" "./F2837xD_Gpio.obj" "./F2837xD_PieCtrl.obj" "./F2837xD_PieVect.obj" "./F2837xD_Spi.obj" "./F2837xD_SysCtrl.obj" "./F2837xD_usDelay.obj" "./FinalProjectwithCANAprilStarter_main.obj" "./MatrixMath.obj" "./OptiTrack.obj" "./SE423Lib.obj" "./user_xy.obj" "./device/device.obj" "../2837xD_FLASH_lnk_cpu1.cmd" "../F2837xD_Headers_nonBIOS_cpu1.cmd" "C:/MARIUS_FINAL_PROJECT/se423_final_project/C2000Ware_4_01_00_00/libraries/dsp/FPU/c28/lib/c28x_fpu_dsp_library.lib" "C:/MARIUS_FINAL_PROJECT/se423_final_project/C2000Ware_4_01_00_00/driverlib/f2837xd/driverlib/ccs/Debug/driverlib.lib"  -llibc.a 
<Linking>
Finished building target: "FinalProjectwithCANAprilStarter.out"
 
C:/Program Files/C2Prog 2.x/c2p-cli mkehx --target=28379,378,377,375D-CPU01_SCI FinalProjectwithCANAprilStarter.out FlashIt.ehx
makefile:176: recipe for target 'post-build' failed
process_begin: CreateProcess(NULL, C:/Program Files/C2Prog 2.x/c2p-cli mkehx --target=28379,378,377,375D-CPU01_SCI FinalProjectwithCANAprilStarter.out FlashIt.ehx, ...) failed.
 
gmake[2]: [post-build] Error 2 (ignored)
 

**** Build Finished ****

**** Build of configuration CPU1_FLASH for project FinalProjectwithCANAprilStarter ****

"C:\\ti\\ccs1270\\ccs\\utils\\bin\\gmake" -k -j 12 all -O 
 
Building file: "../FinalProjectwithCANAprilStarter_main.c"
Invoking: C2000 Compiler
"C:/ti/ccs1270/ccs/tools/compiler/ti-cgt-c2000_22.6.1.LTS/bin/cl2000" -v28 -ml -mt --cla_support=cla1 --float_support=fpu32 --tmu_support=tmu0 --vcu_support=vcu2 -Ooff --include_path="C:/MARIUS_FINAL_PROJECT/se423_final_project/workspace/FinalProjectwithCANAprilStarter" --include_path="C:/MARIUS_FINAL_PROJECT/se423_final_project/C2000Ware_4_01_00_00/device_support/f2837xd/common/include" --include_path="C:/MARIUS_FINAL_PROJECT/se423_final_project/C2000Ware_4_01_00_00/device_support/f2837xd/headers/include" --include_path="C:/MARIUS_FINAL_PROJECT/se423_final_project/workspace/FinalProjectwithCANAprilStarter/device" --include_path="C:/MARIUS_FINAL_PROJECT/se423_final_project/C2000Ware_4_01_00_00/driverlib/f2837xd/driverlib" --include_path="C:/MARIUS_FINAL_PROJECT/se423_final_project/C2000Ware_4_01_00_00/libraries/dsp/FPU/c28/include" --include_path="C:/ti/ccs1270/ccs/tools/compiler/ti-cgt-c2000_22.6.1.LTS/include" --define=DEBUG --define=_FLASH --define=_LAUNCHXL_F28379D --define=_DUAL_HEADERS --define=CPU1 --c11 --diag_suppress=10063 --diag_warning=225 --diag_wrap=off --display_error_number --abi=coffabi --preproc_with_compile --preproc_dependency="FinalProjectwithCANAprilStarter_main.d_raw"  "../FinalProjectwithCANAprilStarter_main.c"
"../FinalProjectwithCANAprilStarter_main.c", line 734 (col. 32): advice #2614-D: (Performance) Use --fp_mode=relaxed to enable TMU hardware support for FP division.
"../FinalProjectwithCANAprilStarter_main.c", line 1045 (col. 23): advice #2614-D: (Performance) Use --fp_mode=relaxed to enable TMU hardware support for cosf.
"../FinalProjectwithCANAprilStarter_main.c", line 1046 (col. 23): advice #2614-D: (Performance) Use --fp_mode=relaxed to enable TMU hardware support for sinf.
Finished building: "../FinalProjectwithCANAprilStarter_main.c"
 
Building target: "FinalProjectwithCANAprilStarter.out"
Invoking: C2000 Linker
"C:/ti/ccs1270/ccs/tools/compiler/ti-cgt-c2000_22.6.1.LTS/bin/cl2000" -v28 -ml -mt --cla_support=cla1 --float_support=fpu32 --tmu_support=tmu0 --vcu_support=vcu2 -Ooff --define=DEBUG --define=_FLASH --define=_LAUNCHXL_F28379D --define=_DUAL_HEADERS --define=CPU1 --c11 --diag_suppress=10063 --diag_warning=225 --diag_wrap=off --display_error_number --abi=coffabi -z -m"FinalProjectwithCANAprilStarter.map" --stack_size=0x800 --warn_sections -i"C:/ti/ccs1270/ccs/tools/compiler/ti-cgt-c2000_22.6.1.LTS/lib" -i"C:/ti/ccs1270/ccs/tools/compiler/ti-cgt-c2000_22.6.1.LTS/include" --reread_libs --diag_wrap=off --display_error_number --xml_link_info="FinalProjectwithCANAprilStarter_linkInfo.xml" --rom_model -o "FinalProjectwithCANAprilStarter.out" "./F28379dCAN.obj" "./F28379dSerial.obj" "./F2837xD_Adc.obj" "./F2837xD_CodeStartBranch.obj" "./F2837xD_CpuTimers.obj" "./F2837xD_DefaultISR.obj" "./F2837xD_EPwm.obj" "./F2837xD_GlobalVariableDefs.obj" "./F2837xD_Gpio.obj" "./F2837xD_PieCtrl.obj" "./F2837xD_PieVect.obj" "./F2837xD_Spi.obj" "./F2837xD_SysCtrl.obj" "./F2837xD_usDelay.obj" "./FinalProjectwithCANAprilStarter_main.obj" "./MatrixMath.obj" "./OptiTrack.obj" "./SE423Lib.obj" "./user_xy.obj" "./device/device.obj" "../2837xD_FLASH_lnk_cpu1.cmd" "../F2837xD_Headers_nonBIOS_cpu1.cmd" "C:/MARIUS_FINAL_PROJECT/se423_final_project/C2000Ware_4_01_00_00/libraries/dsp/FPU/c28/lib/c28x_fpu_dsp_library.lib" "C:/MARIUS_FINAL_PROJECT/se423_final_project/C2000Ware_4_01_00_00/driverlib/f2837xd/driverlib/ccs/Debug/driverlib.lib"  -llibc.a 
<Linking>
Finished building target: "FinalProjectwithCANAprilStarter.out"
 
C:/Program Files/C2Prog 2.x/c2p-cli mkehx --target=28379,378,377,375D-CPU01_SCI FinalProjectwithCANAprilStarter.out FlashIt.ehx
makefile:176: recipe for target 'post-build' failed
process_begin: CreateProcess(NULL, C:/Program Files/C2Prog 2.x/c2p-cli mkehx --target=28379,378,377,375D-CPU01_SCI FinalProjectwithCANAprilStarter.out FlashIt.ehx, ...) failed.
 
gmake[2]: [post-build] Error 2 (ignored)
 

**** Build Finished ****

**** Build of configuration CPU1_FLASH for project FinalProjectwithCANAprilStarter ****

"C:\\ti\\ccs1270\\ccs\\utils\\bin\\gmake" -k -j 12 all -O 
 
Building file: "../FinalProjectwithCANAprilStarter_main.c"
Invoking: C2000 Compiler
"C:/ti/ccs1270/ccs/tools/compiler/ti-cgt-c2000_22.6.1.LTS/bin/cl2000" -v28 -ml -mt --cla_support=cla1 --float_support=fpu32 --tmu_support=tmu0 --vcu_support=vcu2 -Ooff --include_path="C:/MARIUS_FINAL_PROJECT/se423_final_project/workspace/FinalProjectwithCANAprilStarter" --include_path="C:/MARIUS_FINAL_PROJECT/se423_final_project/C2000Ware_4_01_00_00/device_support/f2837xd/common/include" --include_path="C:/MARIUS_FINAL_PROJECT/se423_final_project/C2000Ware_4_01_00_00/device_support/f2837xd/headers/include" --include_path="C:/MARIUS_FINAL_PROJECT/se423_final_project/workspace/FinalProjectwithCANAprilStarter/device" --include_path="C:/MARIUS_FINAL_PROJECT/se423_final_project/C2000Ware_4_01_00_00/driverlib/f2837xd/driverlib" --include_path="C:/MARIUS_FINAL_PROJECT/se423_final_project/C2000Ware_4_01_00_00/libraries/dsp/FPU/c28/include" --include_path="C:/ti/ccs1270/ccs/tools/compiler/ti-cgt-c2000_22.6.1.LTS/include" --define=DEBUG --define=_FLASH --define=_LAUNCHXL_F28379D --define=_DUAL_HEADERS --define=CPU1 --c11 --diag_suppress=10063 --diag_warning=225 --diag_wrap=off --display_error_number --abi=coffabi --preproc_with_compile --preproc_dependency="FinalProjectwithCANAprilStarter_main.d_raw"  "../FinalProjectwithCANAprilStarter_main.c"
"../FinalProjectwithCANAprilStarter_main.c", line 734 (col. 32): advice #2614-D: (Performance) Use --fp_mode=relaxed to enable TMU hardware support for FP division.
"../FinalProjectwithCANAprilStarter_main.c", line 1045 (col. 23): advice #2614-D: (Performance) Use --fp_mode=relaxed to enable TMU hardware support for cosf.
"../FinalProjectwithCANAprilStarter_main.c", line 1046 (col. 23): advice #2614-D: (Performance) Use --fp_mode=relaxed to enable TMU hardware support for sinf.
Finished building: "../FinalProjectwithCANAprilStarter_main.c"
 
Building target: "FinalProjectwithCANAprilStarter.out"
Invoking: C2000 Linker
"C:/ti/ccs1270/ccs/tools/compiler/ti-cgt-c2000_22.6.1.LTS/bin/cl2000" -v28 -ml -mt --cla_support=cla1 --float_support=fpu32 --tmu_support=tmu0 --vcu_support=vcu2 -Ooff --define=DEBUG --define=_FLASH --define=_LAUNCHXL_F28379D --define=_DUAL_HEADERS --define=CPU1 --c11 --diag_suppress=10063 --diag_warning=225 --diag_wrap=off --display_error_number --abi=coffabi -z -m"FinalProjectwithCANAprilStarter.map" --stack_size=0x800 --warn_sections -i"C:/ti/ccs1270/ccs/tools/compiler/ti-cgt-c2000_22.6.1.LTS/lib" -i"C:/ti/ccs1270/ccs/tools/compiler/ti-cgt-c2000_22.6.1.LTS/include" --reread_libs --diag_wrap=off --display_error_number --xml_link_info="FinalProjectwithCANAprilStarter_linkInfo.xml" --rom_model -o "FinalProjectwithCANAprilStarter.out" "./F28379dCAN.obj" "./F28379dSerial.obj" "./F2837xD_Adc.obj" "./F2837xD_CodeStartBranch.obj" "./F2837xD_CpuTimers.obj" "./F2837xD_DefaultISR.obj" "./F2837xD_EPwm.obj" "./F2837xD_GlobalVariableDefs.obj" "./F2837xD_Gpio.obj" "./F2837xD_PieCtrl.obj" "./F2837xD_PieVect.obj" "./F2837xD_Spi.obj" "./F2837xD_SysCtrl.obj" "./F2837xD_usDelay.obj" "./FinalProjectwithCANAprilStarter_main.obj" "./MatrixMath.obj" "./OptiTrack.obj" "./SE423Lib.obj" "./user_xy.obj" "./device/device.obj" "../2837xD_FLASH_lnk_cpu1.cmd" "../F2837xD_Headers_nonBIOS_cpu1.cmd" "C:/MARIUS_FINAL_PROJECT/se423_final_project/C2000Ware_4_01_00_00/libraries/dsp/FPU/c28/lib/c28x_fpu_dsp_library.lib" "C:/MARIUS_FINAL_PROJECT/se423_final_project/C2000Ware_4_01_00_00/driverlib/f2837xd/driverlib/ccs/Debug/driverlib.lib"  -llibc.a 
<Linking>
Finished building target: "FinalProjectwithCANAprilStarter.out"
 
C:/Program Files/C2Prog 2.x/c2p-cli mkehx --target=28379,378,377,375D-CPU01_SCI FinalProjectwithCANAprilStarter.out FlashIt.ehx
makefile:176: recipe for target 'post-build' failed
process_begin: CreateProcess(NULL, C:/Program Files/C2Prog 2.x/c2p-cli mkehx --target=28379,378,377,375D-CPU01_SCI FinalProjectwithCANAprilStarter.out FlashIt.ehx, ...) failed.
 
gmake[2]: [post-build] Error 2 (ignored)
 

**** Build Finished ****
